cohort_row,patient_id,Age,Smoking PY,Sex,ECOG PS,Smoking Status,Ds Site,T,N,mortality_2y,split
1106,RADCURE-1647,61.0,0.0,Male,ECOG 0,Non-smoker,Oropharynx,T1,N2b,0,train
352,RADCURE-0494,52.1,35.0,Male,ECOG 0,Current,Hypopharynx,T2,N2b,0,train
1545,RADCURE-2205,65.0,60.0,Male,ECOG 0,Current,Larynx,Tis,N0,0,train
73,RADCURE-0107,48.1,0.0,Male,ECOG 0,Non-smoker,Larynx,T3,N0,0,train
504,RADCURE-0698,46.8,20.0,Female,ECOG 0,Ex-smoker,Nasal Cavity,T4a,N0,0,train
1521,RADCURE-2176,48.6,0.0,Male,ECOG 1,Non-smoker,Nasopharynx,T4,N0,0,train
1474,RADCURE-2120,75.9,50.0,Male,ECOG 1,Ex-smoker,Oropharynx,T4a,N2c,1,train
1845,RADCURE-2553,53.8,30.0,Male,ECOG 1,Ex-smoker,Larynx,T3,N0,0,train
2350,RADCURE-3138,63.4,40.0,Male,ECOG 1,Current,Larynx,T2,N0,0,train
2843,RADCURE-3812,40.0,,Female,ECOG 1,Unknown,Nasopharynx,T1,N1,0,train
620,RADCURE-0865,54.0,20.0,Female,ECOG 0,Current,Larynx,Tis,N0,0,train
2839,RADCURE-3801,57.5,50.0,Male,ECOG 1,Current,Oropharynx,T3,N2b,1,train
1802,RADCURE-2500,76.6,20.0,Male,ECOG 2,Ex-smoker,Oropharynx,T3,N2c,1,train
1942,RADCURE-2664,59.9,40.0,Female,ECOG 1,Current,Nasopharynx,T1,N1,1,train
488,RADCURE-0676,52.5,,Female,ECOG 0,Ex-smoker,Oropharynx,T4b,N2b,1,train
1358,RADCURE-1982,64.6,2.0,Male,Missing,Ex-smoker,Oropharynx,T3,N0,0,train
691,RADCURE-0964,70.6,50.0,Male,ECOG 1,Current,Larynx,T3,N0,0,train
210,RADCURE-0301,47.5,20.0,Male,ECOG 0,Ex-smoker,Oropharynx,T3,N2b,0,train
2099,RADCURE-2849,70.4,50.0,Male,ECOG 1,Current,Larynx,T2,N1,0,train
1483,RADCURE-2131,59.4,40.0,Male,ECOG 2,Current,Larynx,T3,N2b,0,train
1007,RADCURE-1524,60.4,75.0,Female,ECOG 0,Current,Nasopharynx,T1,N2,0,train
1023,RADCURE-1541,62.4,1.0,Male,ECOG 0,Ex-smoker,Nasopharynx,T2,N0,0,train
2922,RADCURE-4106,69.1,7.0,Male,ECOG 0,Ex-smoker,Unknown,T0,N2c,0,train
1312,RADCURE-1925,27.6,0.0,Male,ECOG 0,Non-smoker,Nasopharynx,T3,N2,0,train
921,RADCURE-1394,68.6,50.0,Male,ECOG 3,Current,Larynx,T3,N0,0,train
909,RADCURE-1377,61.1,100.0,Male,ECOG 0,Current,Larynx,T2,N0,0,train
2771,RADCURE-3666,61.1,0.0,Male,ECOG 0,Non-smoker,Larynx,T1a,N0,0,train
1061,RADCURE-1587,75.0,60.0,Male,ECOG 1,Current,Larynx,T3,N0,0,train
218,RADCURE-0311,65.5,75.0,Male,ECOG 0,Current,Oropharynx,T4a,N0,0,train
2818,RADCURE-3752,57.4,0.0,Female,ECOG 0,Non-smoker,Oropharynx,T2,N2c,0,train
696,RADCURE-0973,46.1,0.0,Male,ECOG 0,Non-smoker,Nasopharynx,T3,N2,0,train
272,RADCURE-0385,57.7,40.0,Male,ECOG 1,Current,Oropharynx,T2,N2c,1,train
1597,RADCURE-2262,60.4,70.0,Male,ECOG 1,Current,Oropharynx,T3,N2c,1,train
1984,RADCURE-2718,74.5,30.0,Male,ECOG 0,Ex-smoker,Larynx,T2,N0,0,train
2051,RADCURE-2797,55.7,15.0,Male,ECOG 1,Ex-smoker,Oropharynx,T2,N2c,0,train
2160,RADCURE-2924,60.1,105.0,Male,ECOG 2,Current,Larynx,T4a,N2b,0,train
1879,RADCURE-2591,57.7,40.0,Male,ECOG 0,Current,Oropharynx,T3,N0,0,train
733,RADCURE-1021,63.6,40.0,Female,ECOG 1,Current,Esophagus,T2,N2,0,train
2698,RADCURE-3567,85.9,0.0,Male,ECOG 0,Non-smoker,Larynx,T2,N0,0,train
2290,RADCURE-3069,46.7,2.0,Male,ECOG 1,Ex-smoker,Unknown,T0,N2b,1,train
1157,RADCURE-1719,48.7,0.0,Female,ECOG 0,Non-smoker,Nasopharynx,T4,N2,0,train
481,RADCURE-0666,60.6,30.0,Male,ECOG 0,Ex-smoker,Larynx,T2,N2c,0,train
1075,RADCURE-1607,48.6,0.0,Female,ECOG 0,Non-smoker,Nasopharynx,T1,N1,0,train
1352,RADCURE-1974,42.7,0.0,Female,ECOG 0,Non-smoker,Nasopharynx,T3,N2,0,train
1714,RADCURE-2401,54.3,42.0,Male,ECOG 1,Current,Larynx,Tis,N0,0,train
2392,RADCURE-3186,52.1,5.0,Male,ECOG 0,Ex-smoker,Larynx,T2,N0,0,train
2422,RADCURE-3216,58.7,5.0,Male,ECOG 0,Ex-smoker,Oropharynx,Missing,N2c,0,train
2697,RADCURE-3566,67.2,0.0,Male,ECOG 1,Non-smoker,Nasopharynx,T2,N3b,0,train
2361,RADCURE-3151,57.1,1.5,Male,ECOG 0,Current,Oropharynx,T3,N2c,0,train
2068,RADCURE-2815,57.3,16.0,Male,ECOG 0,Current,Oropharynx,T3,N3,0,train
2532,RADCURE-3349,63.2,2.0,Male,ECOG 0,Ex-smoker,Oropharynx,T2,N2c,0,train
624,RADCURE-0873,43.6,40.0,Male,ECOG 1,Ex-smoker,Larynx,T3,N1,0,train
1511,RADCURE-2165,66.4,0.0,Female,ECOG 1,Non-smoker,Lip & Oral Cavity,T4a,N1,0,train
2328,RADCURE-3113,62.2,30.0,Male,ECOG 1,Ex-smoker,Oropharynx,T4a,N2b,0,train
428,RADCURE-0594,59.0,5.0,Male,ECOG 1,Ex-smoker,Oropharynx,T3,N2c,0,train
632,RADCURE-0886,61.6,45.0,Male,ECOG 1,Current,Hypopharynx,T4a,N2c,0,train
2081,RADCURE-2829,51.4,25.0,Male,ECOG 0,Current,Larynx,T1a,N0,0,train
795,RADCURE-1181,52.7,30.0,Male,ECOG 0,Current,Unknown,T0,N2b,0,train
1785,RADCURE-2482,83.0,55.0,Male,ECOG 2,Ex-smoker,Larynx,T1a,N0,0,train
1209,RADCURE-1784,49.0,0.0,Male,ECOG 1,Non-smoker,Oropharynx,T2,N2b,0,train
1512,RADCURE-2166,64.3,30.0,Male,ECOG 0,Ex-smoker,Oropharynx,T2,N2b,0,train
1954,RADCURE-2679,47.9,20.0,Male,ECOG 0,Current,Oropharynx,T3,N2b,0,train
2189,RADCURE-2955,54.8,18.0,Male,ECOG 1,Ex-smoker,Oropharynx,T2,N2b,0,train
2780,RADCURE-3679,77.2,30.0,Male,ECOG 1,Ex-smoker,Oropharynx,T3,N2b,0,train
2731,RADCURE-3610,65.8,0.0,Male,ECOG 0,Non-smoker,Oropharynx,T3,N2b,0,train
493,RADCURE-0684,74.3,20.0,Female,ECOG 0,Current,Larynx,T1b,N0,0,train
2889,RADCURE-4066,59.0,5.0,Male,ECOG 0,Ex-smoker,Other,T4,N2b,1,train
1699,RADCURE-2383,80.5,55.0,Male,ECOG 1,Current,Lip & Oral Cavity,T4a,N2b,0,train
964,RADCURE-1467,53.6,39.0,Male,ECOG 2,Ex-smoker,Oropharynx,T1,N2b,0,train
101,RADCURE-0148,69.2,40.0,Male,ECOG 0,Ex-smoker,Oropharynx,T2,N0,0,train
2127,RADCURE-2886,83.0,20.0,Male,ECOG 2,Ex-smoker,Oropharynx,T3,N2c,1,train
2860,RADCURE-4028,59.2,0.0,Male,ECOG 0,Non-smoker,Larynx,T2,N0,0,train
2802,RADCURE-3714,42.1,4.0,Female,ECOG 0,Ex-smoker,Oropharynx,T2,N2b,0,train
131,RADCURE-0197,74.5,0.0,Male,ECOG 0,Non-smoker,Larynx,T2,N0,0,train
1719,RADCURE-2406,57.1,50.0,Male,ECOG 1,Current,Oropharynx,T3,N2b,0,train
1086,RADCURE-1620,56.9,13.0,Male,ECOG 1,Ex-smoker,Larynx,T4a,N3,0,train
1000,RADCURE-1511,45.0,10.0,Female,ECOG 0,Current,Oropharynx,T4a,N1,0,train
253,RADCURE-0358,72.8,10.0,Male,ECOG 0,Ex-smoker,Larynx,T2,N0,0,train
2335,RADCURE-3121,56.0,40.0,Male,ECOG 0,Current,Larynx,T2,N0,0,train
1620,RADCURE-2288,57.5,35.0,Female,ECOG 0,Current,Nasal Cavity,T4a,N0,0,train
2424,RADCURE-3219,47.7,25.0,Male,ECOG 0,Ex-smoker,Oropharynx,T4a,N0,0,train
608,RADCURE-0840,68.2,50.0,Male,ECOG 1,Current,Larynx,T3,N0,0,train
1662,RADCURE-2340,61.9,0.0,Male,ECOG 1,Non-smoker,Nasopharynx,T4,N2,0,train
2555,RADCURE-3377,55.8,40.0,Male,ECOG 0,Current,Larynx,T2,N0,0,train
1342,RADCURE-1961,70.7,50.0,Male,ECOG 2,Ex-smoker,Oropharynx,T2,N2b,0,train
626,RADCURE-0875,69.6,8.0,Male,ECOG 1,Ex-smoker,Oropharynx,T2,N2b,0,train
1196,RADCURE-1769,39.5,10.0,Male,ECOG 0,Ex-smoker,Larynx,T3,N0,0,train
426,RADCURE-0592,58.2,40.0,Male,ECOG 0,Current,Larynx,Tis,N0,0,train
2853,RADCURE-3841,53.3,70.0,Male,ECOG 0,Current,Oropharynx,T3,N3,1,train
2665,RADCURE-3521,74.2,0.0,Male,ECOG 0,Non-smoker,Unknown,T0,N2b,0,train
2266,RADCURE-3041,59.6,8.0,Male,ECOG 1,Ex-smoker,Unknown,T0,N2b,0,train
1115,RADCURE-1661,73.0,20.0,Male,ECOG 0,Ex-smoker,Oropharynx,T2,N0,0,train
1792,RADCURE-2489,67.8,0.0,Male,ECOG 1,Non-smoker,Oropharynx,T4a,N2c,0,train
2586,RADCURE-3414,54.9,0.0,Male,ECOG 0,Non-smoker,Oropharynx,T2,N3,0,train
2205,RADCURE-2974,63.2,45.0,Male,ECOG 0,Current,Larynx,T2,N0,0,train
2370,RADCURE-3160,81.1,0.0,Female,ECOG 1,Non-smoker,Oropharynx,T2,N2b,0,train
1294,RADCURE-1898,73.8,0.0,Female,ECOG 0,Non-smoker,Oropharynx,T1,N2c,0,train
1617,RADCURE-2284,60.1,70.0,Male,ECOG 0,Current,Larynx,T3,N2c,1,train
274,RADCURE-0387,76.4,90.0,Male,ECOG 0,Ex-smoker,Unknown,T0,N2b,0,train
2558,RADCURE-3382,54.6,14.0,Male,ECOG 0,Current,Oropharynx,T3,N2b,0,train
2321,RADCURE-3105,85.3,10.0,Male,ECOG 1,Ex-smoker,Oropharynx,T3,N2c,0,train
1077,RADCURE-1610,67.0,0.0,Male,ECOG 1,Non-smoker,Larynx,T3,N2b,1,train
924,RADCURE-1398,64.2,0.0,Male,ECOG 2,Non-smoker,Lip & Oral Cavity,T4a,N0,1,train
832,RADCURE-1267,53.8,15.0,Male,ECOG 0,Ex-smoker,Oropharynx,T1,N2b,0,train
2466,RADCURE-3268,59.2,45.0,Male,ECOG 1,Ex-smoker,Lip & Oral Cavity,T3,N2c,0,train
1654,RADCURE-2331,76.3,30.0,Male,ECOG 1,Ex-smoker,Nasopharynx,T3,N3a,0,train
545,RADCURE-0750,65.5,30.0,Female,ECOG 0,Ex-smoker,Oropharynx,T1,N2b,0,train
1190,RADCURE-1761,49.6,0.0,Male,ECOG 0,Non-smoker,Oropharynx,T3,N2b,0,train
1916,RADCURE-2632,62.7,45.0,Male,ECOG 0,Ex-smoker,Oropharynx,T2,N0,0,train
559,RADCURE-0771,87.2,0.0,Male,ECOG 0,Non-smoker,Skin,T3,N0,0,train
864,RADCURE-1316,35.0,15.0,Male,ECOG 0,Current,Nasopharynx,T2,N1,0,train
2651,RADCURE-3503,54.7,20.0,Male,ECOG 0,Current,Larynx,T1b,N0,0,train
680,RADCURE-0952,53.7,0.0,Male,ECOG 1,Non-smoker,Larynx,T1a,N0,0,train
2268,RADCURE-3043,79.3,40.0,Female,ECOG 1,Ex-smoker,Oropharynx,T2,N2c,0,train
2603,RADCURE-3437,50.6,0.0,Male,ECOG 0,Non-smoker,Nasopharynx,T1,N2,0,train
1572,RADCURE-2235,55.6,30.0,Male,ECOG 0,Ex-smoker,Oropharynx,T3,N0,0,train
2432,RADCURE-3227,81.8,20.0,Male,ECOG 1,Ex-smoker,Oropharynx,T3,N2b,0,train
2071,RADCURE-2818,55.6,30.0,Male,ECOG 1,Current,Paranasal Sinus,T4b,N2b,1,train
464,RADCURE-0645,52.2,35.0,Male,ECOG 0,Current,Larynx,T3,N0,0,train
877,RADCURE-1333,68.4,80.0,Male,ECOG 2,Current,Oropharynx,T1,N3,0,train
216,RADCURE-0308,59.1,60.0,Male,ECOG 1,Ex-smoker,Larynx,T2,N0,0,train
1647,RADCURE-2322,55.1,50.0,Male,ECOG 0,Current,Hypopharynx,T2,N1,0,train
1876,RADCURE-2586,65.9,50.0,Male,ECOG 0,Current,Oropharynx,T3,N0,0,train
2612,RADCURE-3448,59.0,5.0,Male,ECOG 1,Ex-smoker,Oropharynx,T4b,N2c,1,train
649,RADCURE-0911,64.5,30.0,Male,ECOG 0,Ex-smoker,Oropharynx,T3,N2c,0,train
63,RADCURE-0092,66.3,90.0,Male,ECOG 0,Current,Oropharynx,T4b,N3,0,train
804,RADCURE-1206,60.5,48.0,Male,Missing,Current,Unknown,T0,N2a,0,train
123,RADCURE-0186,69.7,50.0,Male,ECOG 2,Current,Oropharynx,T2,N2b,0,train
2171,RADCURE-2935,46.2,0.0,Male,ECOG 0,Non-smoker,Nasopharynx,T2,N2,0,train
1828,RADCURE-2530,36.9,0.0,Male,Missing,Non-smoker,Nasopharynx,T4,N2,1,train
638,RADCURE-0897,44.0,20.0,Male,ECOG 0,Ex-smoker,Larynx,T2,N0,0,train
1880,RADCURE-2592,60.2,30.0,Male,ECOG 0,Current,Oropharynx,T2,N2c,0,train
1972,RADCURE-2703,59.9,40.0,Female,ECOG 1,Current,Larynx,T3,N1,0,train
2230,RADCURE-3002,81.9,0.0,Male,ECOG 0,Non-smoker,Oropharynx,T4b,N2c,0,train
1338,RADCURE-1957,52.5,1.0,Male,ECOG 1,Ex-smoker,Larynx,T1b,N0,0,train
2896,RADCURE-4073,64.3,0.0,Female,ECOG 1,Non-smoker,Hypopharynx,T4b,N0,0,train
176,RADCURE-0257,67.0,0.0,Male,ECOG 0,Non-smoker,Nasopharynx,T3,N0,0,train
1657,RADCURE-2334,50.0,35.0,Male,ECOG 3,Current,Oropharynx,T3,N2c,0,train
734,RADCURE-1024,71.6,30.0,Male,ECOG 0,Ex-smoker,Larynx,T3,N2b,1,train
2764,RADCURE-3657,51.9,40.0,Female,ECOG 1,Current,Oropharynx,T3,N1,0,train
1099,RADCURE-1639,47.8,50.0,Male,ECOG 0,Ex-smoker,Oropharynx,T3,N2b,0,train
2062,RADCURE-2808,54.2,40.0,Male,ECOG 1,Ex-smoker,Oropharynx,T2,N2c,0,train
499,RADCURE-0691,64.0,22.0,Male,ECOG 1,Ex-smoker,Oropharynx,T3,N1,1,train
1932,RADCURE-2650,62.2,60.0,Male,ECOG 0,Current,Larynx,T2,N0,0,train
2907,RADCURE-4086,71.8,15.0,Male,ECOG 1,Ex-smoker,Larynx,T3,N0,0,train
1497,RADCURE-2151,66.8,30.0,Male,ECOG 0,Current,Unknown,T0,N2a,0,train
1353,RADCURE-1976,48.8,33.0,Male,ECOG 0,Ex-smoker,Oropharynx,T2,N2b,0,train
480,RADCURE-0665,84.0,5.0,Female,ECOG 2,Ex-smoker,Oropharynx,T3,N3,0,train
2477,RADCURE-3281,57.6,0.0,Male,ECOG 0,Non-smoker,Oropharynx,T1,N2b,0,train
1262,RADCURE-1860,60.9,45.0,Male,ECOG 0,Current,Larynx,T2,N0,0,train
1330,RADCURE-1947,53.9,35.0,Male,ECOG 0,Current,Oropharynx,T4a,N2c,0,train
560,RADCURE-0773,43.5,0.0,Male,ECOG 0,Non-smoker,Nasopharynx,T1,N2,0,train
1989,RADCURE-2724,62.9,80.0,Male,ECOG 0,Ex-smoker,Oropharynx,T2,N1,0,train
1389,RADCURE-2018,47.7,30.0,Male,ECOG 0,Current,Oropharynx,T3,N2a,0,train
955,RADCURE-1455,59.3,30.0,Male,ECOG 0,Current,Larynx,T4a,N2b,0,train
1706,RADCURE-2392,63.0,15.0,Female,ECOG 0,Ex-smoker,Oropharynx,T3,N2c,0,train
106,RADCURE-0158,72.2,0.0,Male,ECOG 0,Non-smoker,Oropharynx,T3,N2b,1,train
1043,RADCURE-1565,69.2,25.0,Female,ECOG 1,Ex-smoker,Oropharynx,T2,N0,0,train
1866,RADCURE-2576,59.0,30.0,Male,ECOG 0,Ex-smoker,Oropharynx,T4a,N2c,1,train
2236,RADCURE-3008,65.4,10.0,Female,ECOG 1,Ex-smoker,Oropharynx,T3,N0,0,train
2928,RADCURE-4120,69.4,0.0,Male,ECOG 0,Non-smoker,Hypopharynx,T4a,N0,0,train
1318,RADCURE-1932,50.9,22.0,Male,ECOG 0,Ex-smoker,Oropharynx,T1,N0,0,train
2224,RADCURE-2995,57.4,1.0,Male,ECOG 0,Ex-smoker,Oropharynx,T2,N0,0,train
1405,RADCURE-2037,64.1,0.0,Male,ECOG 0,Non-smoker,Nasopharynx,T3,N1,0,train
2756,RADCURE-3646,52.6,1.0,Male,ECOG 0,Ex-smoker,Oropharynx,T1,N2b,0,train
837,RADCURE-1272,50.8,0.0,Male,ECOG 0,Non-smoker,Oropharynx,T2,N2c,0,train
1656,RADCURE-2333,62.0,0.0,Male,ECOG 0,Non-smoker,Oropharynx,T1,N2b,0,train
1036,RADCURE-1556,68.4,40.0,Female,ECOG 2,Current,Hypopharynx,T4a,N3,1,train
2813,RADCURE-3740,66.0,40.0,Male,ECOG 0,Current,Lip & Oral Cavity,T2,N0,0,train
544,RADCURE-0749,74.8,2.5,Male,ECOG 0,Ex-smoker,Larynx,T1a,N0,0,train
2485,RADCURE-3293,43.9,0.0,Female,ECOG 0,Non-smoker,Oropharynx,T1,N2a,0,train
846,RADCURE-1285,43.8,0.0,Male,ECOG 0,Non-smoker,Nasopharynx,T3,N0,0,train
1328,RADCURE-1944,69.8,50.0,Male,ECOG 1,Ex-smoker,Larynx,T2,N2a,0,train
1429,RADCURE-2068,48.9,0.0,Male,ECOG 0,Non-smoker,Nasopharynx,T3,N2,0,train
384,RADCURE-0538,47.7,25.0,Male,ECOG 1,Current,Unknown,T0,N3,0,train
841,RADCURE-1278,54.1,10.0,Female,ECOG 1,Current,Oropharynx,T3,N2b,0,train
2567,RADCURE-3394,53.6,15.0,Male,ECOG 1,Ex-smoker,Oropharynx,T2,N1,0,train
745,RADCURE-1038,66.9,35.0,Male,ECOG 0,Ex-smoker,Oropharynx,T3,N1,0,train
1731,RADCURE-2419,63.7,0.0,Male,ECOG 0,Non-smoker,Oropharynx,T2,N2b,0,train
2116,RADCURE-2870,65.6,150.0,Male,ECOG 1,Current,Oropharynx,T4b,N2c,1,train
1102,RADCURE-1643,65.1,47.0,Male,ECOG 0,Current,Oropharynx,T4b,N0,1,train
2294,RADCURE-3074,45.4,20.0,Male,ECOG 0,Ex-smoker,Oropharynx,T1,N2c,0,train
162,RADCURE-0240,62.3,21.0,Male,ECOG 0,Ex-smoker,Oropharynx,T4a,N2c,0,train
2687,RADCURE-3552,76.4,120.0,Female,ECOG 1,Ex-smoker,Oropharynx,T4a,N0,0,train
462,RADCURE-0640,46.0,0.0,Male,ECOG 1,Non-smoker,Oropharynx,T2,N2b,0,train
136,RADCURE-0203,68.2,0.0,Male,ECOG 1,Non-smoker,Oropharynx,T2,N2b,0,train
2149,RADCURE-2912,56.2,25.0,Male,ECOG 0,Ex-smoker,Oropharynx,T2,N1,0,train
2841,RADCURE-3804,81.3,40.0,Female,ECOG 1,Current,Oropharynx,T2,N2b,1,train
2760,RADCURE-3651,60.7,0.0,Male,ECOG 0,Non-smoker,Oropharynx,T1,N2c,0,train
833,RADCURE-1268,66.0,50.0,Male,ECOG 0,Current,Larynx,T1b,N0,0,train
286,RADCURE-0403,60.3,35.0,Male,ECOG 1,Current,Oropharynx,T2,N2a,0,train
1670,RADCURE-2350,56.5,40.0,Male,ECOG 1,Current,Oropharynx,T2,N0,0,train
866,RADCURE-1320,74.4,60.0,Male,ECOG 1,Current,Larynx,T1b,N0,1,train
1114,RADCURE-1659,62.1,30.0,Female,ECOG 0,Current,Oropharynx,T2,N2c,0,train
2036,RADCURE-2782,50.6,0.0,Male,ECOG 0,Non-smoker,Nasal Cavity,T4,N0,0,train
2407,RADCURE-3201,58.3,30.0,Female,ECOG 0,Ex-smoker,Oropharynx,T2,N2b,0,train
1211,RADCURE-1786,64.4,25.0,Male,ECOG 0,Current,Larynx,T1a,N0,0,train
1261,RADCURE-1859,57.2,35.0,Male,ECOG 0,Ex-smoker,Oropharynx,T3,N2b,0,train
2736,RADCURE-3618,40.5,12.0,Male,ECOG 0,Current,Oropharynx,T1,N2a,0,train
1349,RADCURE-1969,61.8,5.0,Male,ECOG 0,Current,Nasopharynx,T4,N2,0,train
556,RADCURE-0766,58.1,0.0,Male,ECOG 0,Non-smoker,Oropharynx,T3,N2c,0,train
2601,RADCURE-3433,60.5,0.0,Female,ECOG 0,Non-smoker,Nasopharynx,T1,N2,0,train
609,RADCURE-0841,64.7,5.0,Male,ECOG 1,Current,Oropharynx,T2,N2c,0,train
1325,RADCURE-1941,58.1,30.0,Female,ECOG 0,Ex-smoker,Hypopharynx,T4a,N2b,1,train
1183,RADCURE-1750,50.6,0.0,Male,ECOG 1,Non-smoker,Oropharynx,T2,N3,0,train
2067,RADCURE-2813,50.4,50.0,Male,ECOG 0,Ex-smoker,Oropharynx,T3,N2b,0,train
2197,RADCURE-2964,62.8,5.0,Male,ECOG 0,Ex-smoker,Oropharynx,T4b,N2b,0,train
2061,RADCURE-2807,53.2,0.0,Male,ECOG 0,Non-smoker,Unknown,T0,N2b,0,train
2931,RADCURE-4123,60.4,30.0,Male,ECOG 0,Ex-smoker,Larynx,T1a,N0,0,train
782,RADCURE-1090,67.1,0.0,Male,ECOG 0,Non-smoker,Oropharynx,T1,N2b,0,train
1142,RADCURE-1697,82.1,60.0,Male,ECOG 1,Ex-smoker,Oropharynx,T3,N0,0,train
1469,RADCURE-2115,70.3,55.0,Male,ECOG 1,Current,Hypopharynx,T4a,N2b,1,train
1722,RADCURE-2410,55.5,10.0,Male,ECOG 2,Ex-smoker,Unknown,T0,N2c,0,train
721,RADCURE-1003,77.9,20.0,Male,ECOG 0,Ex-smoker,Larynx,Tis,N0,0,train
2093,RADCURE-2842,65.6,43.0,Male,ECOG 0,Current,Larynx,Tis,N0,0,train
2670,RADCURE-3527,45.3,5.0,Male,ECOG 1,Current,Oropharynx,T3,N3,1,train
61,RADCURE-0089,62.0,20.0,Male,ECOG 0,Ex-smoker,Oropharynx,T1,N2c,0,train
686,RADCURE-0958,72.6,,Female,ECOG 0,Unknown,Paraganglioma,Missing,Missing,0,train
607,RADCURE-0839,81.0,0.0,Male,ECOG 1,Non-smoker,Esophagus,T3,N1,0,train
2819,RADCURE-3754,67.2,0.0,Female,ECOG 1,Non-smoker,Oropharynx,T3,N2b,0,train
1297,RADCURE-1902,56.4,20.0,Male,Missing,Current,Oropharynx,T4a,N2b,0,train
1126,RADCURE-1676,58.1,10.0,Male,ECOG 0,Ex-smoker,Larynx,T4a,N0,1,train
2133,RADCURE-2892,41.6,0.0,Male,ECOG 0,Non-smoker,Nasopharynx,T3,N2,0,train
168,RADCURE-0248,52.4,0.0,Female,ECOG 0,Non-smoker,Nasopharynx,T4,N1,0,train
1734,RADCURE-2424,59.6,0.0,Female,ECOG 0,Non-smoker,Nasal Cavity,T3,N0,0,train
1287,RADCURE-1890,60.6,0.0,Male,ECOG 0,Non-smoker,Oropharynx,T3,N2a,0,train
2289,RADCURE-3068,48.1,0.0,Male,ECOG 0,Non-smoker,Oropharynx,T2,N2b,0,train
1650,RADCURE-2327,55.6,20.0,Male,ECOG 0,Current,Oropharynx,T2,N2b,0,train
741,RADCURE-1032,64.0,40.0,Male,ECOG 0,Current,Larynx,T3,N0,0,train
2577,RADCURE-3404,60.9,8.0,Male,ECOG 0,Ex-smoker,Oropharynx,T3,N2b,1,train
83,RADCURE-0122,77.2,40.0,Male,ECOG 0,Ex-smoker,Larynx,T1a,N0,0,train
2909,RADCURE-4088,73.8,0.0,Female,ECOG 0,Non-smoker,Oropharynx,T4b,N2b,0,train
1220,RADCURE-1798,59.5,25.0,Male,ECOG 0,Ex-smoker,Oropharynx,T3,N2c,0,train
1290,RADCURE-1893,68.1,40.0,Male,ECOG 1,Current,Lip & Oral Cavity,T2,N2b,1,train
2529,RADCURE-3344,40.4,0.0,Male,ECOG 1,Non-smoker,Nasopharynx,T3,N2,0,train
2426,RADCURE-3221,52.5,30.0,Male,ECOG 1,Current,Unknown,T0,N3,0,train
2852,RADCURE-3833,58.4,30.0,Male,ECOG 1,Current,Larynx,T4a,N0,1,train
2046,RADCURE-2792,54.1,5.0,Male,ECOG 1,Ex-smoker,Nasopharynx,T1,N1,0,train
1302,RADCURE-1912,69.4,80.0,Male,ECOG 0,Current,Hypopharynx,T2,N1,0,train
243,RADCURE-0341,52.7,20.0,Male,ECOG 0,Ex-smoker,Oropharynx,T2,N3,0,train
582,RADCURE-0806,56.4,60.0,Male,ECOG 0,Current,Oropharynx,T1,N0,0,train
1736,RADCURE-2426,77.9,0.0,Female,ECOG 0,Non-smoker,Larynx,Tis,N0,0,train
1466,RADCURE-2111,64.9,30.0,Male,ECOG 0,Current,Oropharynx,T2,N2a,0,train
1228,RADCURE-1812,65.3,25.0,Female,ECOG 1,Ex-smoker,Lip & Oral Cavity,T3,N2b,0,train
2702,RADCURE-3571,74.1,0.0,Female,ECOG 0,Non-smoker,Oropharynx,T1,N2b,0,train
52,RADCURE-0078,90.0,60.0,Female,ECOG 1,Ex-smoker,Larynx,T1b,N0,0,train
1013,RADCURE-1531,65.1,0.0,Male,ECOG 0,Non-smoker,Oropharynx,T1,N1,0,train
434,RADCURE-0601,46.6,18.0,Female,ECOG 0,Ex-smoker,Lip & Oral Cavity,T4b,N0,0,train
2178,RADCURE-2943,68.1,10.0,Male,ECOG 0,Ex-smoker,Oropharynx,T4a,N1,0,train
2376,RADCURE-3167,59.3,0.0,Female,ECOG 1,Non-smoker,Nasopharynx,T4,N2,0,train
982,RADCURE-1489,64.4,40.0,Male,ECOG 1,Ex-smoker,Oropharynx,T3,N2c,0,train
2146,RADCURE-2908,61.5,50.0,Male,ECOG 1,Current,Oropharynx,T3,N2b,0,train
991,RADCURE-1501,66.5,5.0,Male,ECOG 0,Ex-smoker,Unknown,T0,N2c,0,train
1153,RADCURE-1715,51.4,0.0,Male,ECOG 0,Non-smoker,Larynx,T2,N0,0,train
1725,RADCURE-2413,57.9,40.0,Female,ECOG 1,Current,Oropharynx,T1,N3,1,train
330,RADCURE-0462,59.7,30.0,Male,ECOG 1,Ex-smoker,Larynx,T3,N2c,0,train
1359,RADCURE-1983,45.4,0.0,Male,ECOG 0,Non-smoker,Oropharynx,T2,N0,0,train
1596,RADCURE-2261,60.7,15.0,Male,ECOG 0,Ex-smoker,Oropharynx,T2,N0,0,train
441,RADCURE-0611,78.7,15.0,Male,ECOG 0,Ex-smoker,Oropharynx,T3,N2c,0,train
2028,RADCURE-2771,67.6,15.0,Male,ECOG 2,Ex-smoker,Hypopharynx,T3,N1,0,train
1534,RADCURE-2192,87.2,55.0,Female,ECOG 1,Current,Lip & Oral Cavity,T2,N1,0,train
2059,RADCURE-2805,58.1,80.0,Male,ECOG 0,Current,Oropharynx,T1,N0,0,train
1884,RADCURE-2597,61.2,7.0,Male,ECOG 0,Ex-smoker,Oropharynx,T4a,N2b,1,train
1045,RADCURE-1567,68.3,0.0,Male,ECOG 0,Non-smoker,Paranasal Sinus,T4,N0,0,train
31,RADCURE-0050,63.5,0.0,Female,ECOG 1,Non-smoker,Oropharynx,T4b,N2c,1,train
248,RADCURE-0352,66.7,45.0,Male,ECOG 0,Current,Oropharynx,T2,N2b,1,train
259,RADCURE-0365,58.4,0.0,Female,ECOG 1,Non-smoker,Hypopharynx,T2,N2b,1,train
2429,RADCURE-3224,72.0,30.0,Male,ECOG 3,Ex-smoker,Unknown,T0,N3,1,train
1070,RADCURE-1602,69.1,40.0,Female,ECOG 0,Current,Oropharynx,T3,N2a,1,train
2575,RADCURE-3402,50.9,25.0,Male,ECOG 1,Current,Nasal Cavity,T4b,N2a,1,train
2404,RADCURE-3198,71.4,50.0,Male,ECOG 3,Current,Oropharynx,T4b,N2c,1,train
285,RADCURE-0402,71.6,30.0,Male,ECOG 0,Ex-smoker,Oropharynx,T1,N1,0,train
200,RADCURE-0290,57.4,80.0,Male,ECOG 0,Current,Oropharynx,T2,N2b,0,train
660,RADCURE-0926,61.7,20.0,Female,ECOG 0,Ex-smoker,Larynx,T1a,N0,0,train
1465,RADCURE-2110,58.8,0.0,Male,ECOG 0,Non-smoker,Oropharynx,T2,N2b,0,train
1855,RADCURE-2565,52.9,86.0,Male,ECOG 0,Current,Oropharynx,T2,N3,1,train
167,RADCURE-0247,71.3,40.0,Male,ECOG 0,Current,Oropharynx,T3,N0,0,train
2164,RADCURE-2928,86.2,0.0,Female,ECOG 0,Non-smoker,Lip & Oral Cavity,T4a,N1,1,train
520,RADCURE-0722,75.5,50.0,Male,ECOG 0,Ex-smoker,Larynx,T1a,N0,0,train
236,RADCURE-0331,56.9,0.0,Female,ECOG 1,Non-smoker,Nasal Cavity,T4b,N0,0,train
913,RADCURE-1383,71.6,50.0,Male,ECOG 0,Ex-smoker,Oropharynx,T2,N2c,0,train
1798,RADCURE-2495,55.3,30.0,Male,ECOG 1,Current,Larynx,T2,N2b,0,train
2734,RADCURE-3615,47.5,0.0,Female,ECOG 1,Non-smoker,Larynx,T3,N0,0,train
1786,RADCURE-2483,41.5,0.0,Male,ECOG 0,Non-smoker,Nasopharynx,T3,N2,0,train
56,RADCURE-0083,68.5,1.0,Male,ECOG 1,Ex-smoker,Unknown,T0,N2b,0,train
2627,RADCURE-3466,69.6,50.0,Male,ECOG 0,Current,Larynx,T2,N0,0,train
1686,RADCURE-2368,53.9,0.0,Male,ECOG 0,Non-smoker,Oropharynx,T1,N2c,0,train
792,RADCURE-1167,58.9,20.0,Female,ECOG 0,Ex-smoker,Larynx,T3,N0,0,train
2168,RADCURE-2932,62.8,15.0,Male,ECOG 0,Ex-smoker,Oropharynx,T2,N2b,0,train
1854,RADCURE-2564,40.3,0.0,Male,ECOG 0,Non-smoker,Nasopharynx,T3,N1,0,train
149,RADCURE-0218,61.5,50.0,Male,ECOG 1,Current,Oropharynx,T4a,N2c,1,train
1538,RADCURE-2197,53.7,35.0,Female,ECOG 0,Current,Hypopharynx,T3,N1,0,train
947,RADCURE-1438,71.1,6.0,Male,ECOG 0,Ex-smoker,Larynx,T1a,N0,0,train
925,RADCURE-1400,77.4,20.0,Male,ECOG 0,Ex-smoker,Larynx,T1a,N0,0,train
64,RADCURE-0094,62.1,80.0,Male,ECOG 1,Ex-smoker,Larynx,T1b,N0,0,train
370,RADCURE-0522,49.8,0.0,Male,ECOG 0,Non-smoker,Oropharynx,T2,N1,0,train
682,RADCURE-0954,73.0,30.0,Male,ECOG 1,Ex-smoker,Hypopharynx,T2,N2b,0,train
885,RADCURE-1341,67.8,0.0,Male,ECOG 0,Non-smoker,Oropharynx,T2,N2b,0,train
2596,RADCURE-3427,41.1,6.0,Male,ECOG 0,Current,Nasopharynx,T3,N1,0,train
1679,RADCURE-2361,59.4,0.0,Female,ECOG 1,Non-smoker,Larynx,T2,N0,0,train
2399,RADCURE-3193,51.6,40.0,Male,ECOG 0,Current,Oropharynx,T4a,N2c,0,train
2417,RADCURE-3211,69.3,30.0,Male,ECOG 2,Ex-smoker,Hypopharynx,T2,N2b,0,train
195,RADCURE-0283,77.6,30.0,Male,ECOG 1,Ex-smoker,Nasopharynx,T3,N2,0,train
2125,RADCURE-2883,76.7,20.0,Male,ECOG 2,Ex-smoker,Hypopharynx,T3,N2c,1,train
109,RADCURE-0161,65.8,55.0,Male,ECOG 1,Current,Nasopharynx,T3,N1,0,train
240,RADCURE-0335,56.1,0.0,Male,ECOG 0,Non-smoker,Oropharynx,T3,N2b,0,train
715,RADCURE-0995,69.2,0.0,Male,ECOG 0,Non-smoker,Oropharynx,T3,N2b,0,train
1945,RADCURE-2667,69.4,0.0,Female,ECOG 0,Non-smoker,Nasopharynx,T1,N2,0,train
2872,RADCURE-4044,62.3,80.0,Male,ECOG 0,Current,Larynx,T3,N3,1,train
90,RADCURE-0133,63.3,30.0,Female,ECOG 0,Ex-smoker,Oropharynx,T1,N2c,0,train
1858,RADCURE-2568,70.7,50.0,Male,ECOG 0,Ex-smoker,Hypopharynx,T4a,N2c,1,train
1002,RADCURE-1513,61.7,30.0,Male,ECOG 0,Ex-smoker,Larynx,T1a,N0,0,train
2685,RADCURE-3549,79.8,30.0,Female,ECOG 1,Ex-smoker,Oropharynx,T3,N1,1,train
1269,RADCURE-1869,77.7,30.0,Male,ECOG 0,Ex-smoker,Hypopharynx,T2,N0,1,train
2749,RADCURE-3637,67.8,20.0,Male,ECOG 0,Current,Oropharynx,T2,N1,0,train
528,RADCURE-0730,65.1,25.0,Male,ECOG 0,Current,Larynx,T1a,N0,0,train
558,RADCURE-0768,78.4,60.0,Male,ECOG 1,Current,Larynx,T3,N1,1,train
1531,RADCURE-2189,53.1,0.0,Male,ECOG 1,Non-smoker,Nasopharynx,T1,N1,0,train
2542,RADCURE-3362,72.2,0.0,Male,ECOG 0,Non-smoker,Oropharynx,T4a,N2c,0,train
2307,RADCURE-3088,69.2,0.0,Male,ECOG 0,Non-smoker,Oropharynx,T1,N2b,0,train
353,RADCURE-0495,54.8,40.0,Male,ECOG 2,Current,Larynx,T3,N0,0,train
314,RADCURE-0441,41.9,20.0,Male,ECOG 0,Current,Oropharynx,T1,N2b,0,train
872,RADCURE-1327,41.2,0.0,Male,ECOG 0,Non-smoker,Nasopharynx,T1,N1,0,train
1667,RADCURE-2347,70.7,0.0,Female,ECOG 0,Non-smoker,Unknown,T0,N2,0,train
887,RADCURE-1346,54.4,40.0,Male,ECOG 1,Current,Nasopharynx,T2,N3a,1,train
2629,RADCURE-3468,59.7,20.0,Male,ECOG 0,Ex-smoker,Oropharynx,T4a,N2b,0,train
1943,RADCURE-2665,53.3,30.0,Female,ECOG 1,Current,Oropharynx,T4a,N2c,0,train
1967,RADCURE-2694,61.9,50.0,Male,ECOG 1,Ex-smoker,Unknown,T0,N2b,0,train
604,RADCURE-0836,59.9,0.0,Male,ECOG 0,Non-smoker,Oropharynx,T2,N0,0,train
1831,RADCURE-2534,62.9,30.0,Male,ECOG 0,Current,Larynx,T1a,N0,0,train
1149,RADCURE-1708,42.6,15.0,Male,ECOG 0,Ex-smoker,Oropharynx,T3,N2c,0,train
676,RADCURE-0948,72.0,50.0,Male,ECOG 0,Current,Larynx,T2,N0,1,train
1805,RADCURE-2503,80.6,30.0,Male,ECOG 1,Ex-smoker,Oropharynx,T1,N3,1,train
1472,RADCURE-2118,70.5,6.0,Male,ECOG 0,Ex-smoker,Oropharynx,T2,N2a,0,train
905,RADCURE-1373,45.9,0.0,Male,ECOG 0,Non-smoker,Larynx,T1a,N0,0,train
857,RADCURE-1302,64.2,11.0,Male,ECOG 0,Ex-smoker,Oropharynx,T2,N2c,0,train
2077,RADCURE-2824,51.4,15.0,Male,ECOG 1,Ex-smoker,Lip & Oral Cavity,T4a,N2c,0,train
881,RADCURE-1337,65.8,7.0,Male,ECOG 0,Ex-smoker,Larynx,T1a,N0,0,train
1817,RADCURE-2516,50.3,20.0,Male,ECOG 1,Ex-smoker,Oropharynx,T3,N2b,0,train
1141,RADCURE-1695,78.6,20.0,Male,ECOG 1,Ex-smoker,Larynx,T1a,N0,0,train
1026,RADCURE-1545,59.9,35.0,Male,ECOG 1,Current,Oropharynx,T4a,N0,0,train
1085,RADCURE-1619,74.2,60.0,Male,ECOG 1,Ex-smoker,Hypopharynx,T4b,N2c,0,train
932,RADCURE-1411,42.6,0.0,Female,ECOG 0,Non-smoker,Nasopharynx,T4,N1,0,train
178,RADCURE-0260,77.6,25.0,Male,ECOG 1,Ex-smoker,Oropharynx,T4b,N0,1,train
486,RADCURE-0671,64.4,40.0,Male,ECOG 1,Ex-smoker,Larynx,T3,N2a,1,train
455,RADCURE-0631,52.9,25.0,Male,ECOG 0,Current,Oropharynx,T1,N2a,0,train
2258,RADCURE-3031,84.8,40.0,Female,ECOG 2,Ex-smoker,Oropharynx,T2,N0,0,train
388,RADCURE-0545,62.6,20.0,Male,ECOG 1,Current,Oropharynx,T4b,N2c,1,train
891,RADCURE-1353,52.9,35.0,Female,ECOG 2,Current,Oropharynx,T4b,N1,1,train
202,RADCURE-0293,47.0,5.0,Male,ECOG 0,Ex-smoker,Oropharynx,T2,N2b,0,train
2495,RADCURE-3305,68.9,0.0,Male,ECOG 0,Non-smoker,Oropharynx,T2,N2b,0,train
170,RADCURE-0250,54.6,4.0,Male,ECOG 0,Ex-smoker,Oropharynx,T1,N2b,0,train
1229,RADCURE-1813,90.0,40.0,Male,ECOG 1,Ex-smoker,Skin,T2,N0,1,train
184,RADCURE-0270,60.2,47.0,Male,ECOG 0,Ex-smoker,Hypopharynx,T4a,N2c,0,train
1452,RADCURE-2093,64.9,20.0,Male,ECOG 0,Ex-smoker,Oropharynx,T2,N2c,0,train
564,RADCURE-0781,72.1,30.0,Female,ECOG 1,Ex-smoker,Larynx,T3,N0,0,train
2614,RADCURE-3451,58.1,5.0,Male,ECOG 0,Ex-smoker,Oropharynx,T1,N1,0,train
823,RADCURE-1253,60.6,50.0,Male,ECOG 1,Current,Larynx,T2,N0,0,train
1717,RADCURE-2404,63.9,35.0,Male,ECOG 1,Current,Larynx,T1a,N0,0,train
1982,RADCURE-2715,50.8,25.0,Male,ECOG 0,Current,Nasopharynx,T2,N2,0,train
1232,RADCURE-1816,68.0,20.0,Male,ECOG 0,Current,Oropharynx,T3,N2c,1,train
1633,RADCURE-2305,73.3,0.0,Female,ECOG 0,Non-smoker,Larynx,Tis,N0,0,train
625,RADCURE-0874,63.1,80.0,Male,ECOG 2,Current,Larynx,T4a,N0,0,train
2100,RADCURE-2850,76.6,30.0,Male,ECOG 1,Ex-smoker,Nasal Cavity,T1,N0,0,train
344,RADCURE-0482,63.7,0.0,Female,ECOG 0,Non-smoker,Nasal Cavity,T4a,N0,0,train
575,RADCURE-0796,68.5,5.0,Male,ECOG 0,Ex-smoker,Oropharynx,T2,N2b,0,train
2715,RADCURE-3589,55.0,50.0,Male,ECOG 0,Ex-smoker,Oropharynx,T2,N2b,0,train
1570,RADCURE-2233,60.3,5.0,Male,ECOG 0,Ex-smoker,Nasopharynx,T1,N0,0,train
2263,RADCURE-3038,44.2,0.0,Female,ECOG 1,Non-smoker,Larynx,T2,N0,0,train
2097,RADCURE-2847,73.8,100.0,Male,ECOG 0,Ex-smoker,Larynx,T1a,N0,0,train
2795,RADCURE-3703,79.1,60.0,Male,ECOG 2,Ex-smoker,Oropharynx,T4a,N2c,1,train
886,RADCURE-1343,47.5,20.0,Male,ECOG 0,Ex-smoker,Oropharynx,T2,N1,0,train
2009,RADCURE-2747,67.3,60.0,Male,ECOG 1,Current,Oropharynx,T2,N0,1,train
1192,RADCURE-1763,57.8,0.0,Male,ECOG 1,Non-smoker,Unknown,T0,N2b,0,train
1809,RADCURE-2508,61.9,22.0,Male,ECOG 0,Ex-smoker,Oropharynx,T1,N2b,0,train
1412,RADCURE-2047,52.1,40.0,Male,ECOG 0,Current,Nasopharynx,T4,N2,1,train
521,RADCURE-0723,47.7,30.0,Female,ECOG 0,Current,Oropharynx,T3,N1,0,train
76,RADCURE-0112,64.8,25.0,Female,ECOG 0,Ex-smoker,Hypopharynx,T2,N2b,0,train
1587,RADCURE-2252,53.3,0.0,Female,ECOG 0,Non-smoker,Oropharynx,T4a,N2c,0,train
769,RADCURE-1071,58.4,30.0,Male,ECOG 0,Current,Paranasal Sinus,T4b,N0,0,train
2208,RADCURE-2977,72.4,14.0,Male,ECOG 0,Current,Larynx,T3,N1,0,train
777,RADCURE-1082,63.4,5.0,Male,ECOG 0,Ex-smoker,Nasopharynx,T3,N1,0,train
701,RADCURE-0978,64.9,40.0,Male,ECOG 1,Current,Oropharynx,T2,N2c,1,train
2475,RADCURE-3278,55.4,30.0,Male,ECOG 0,Current,Oropharynx,T3,N2c,0,train
1478,RADCURE-2125,65.3,100.0,Male,ECOG 0,Current,Oropharynx,T4a,N2c,1,train
548,RADCURE-0753,61.8,45.0,Female,ECOG 1,Ex-smoker,Larynx,T2,N0,0,train
992,RADCURE-1502,45.5,5.0,Male,ECOG 0,Ex-smoker,Unknown,T0,N2c,0,train
2105,RADCURE-2856,77.9,40.0,Male,ECOG 2,Ex-smoker,Hypopharynx,T4a,N2b,0,train
2035,RADCURE-2781,45.7,0.0,Male,ECOG 1,Non-smoker,Oropharynx,T3,N2b,0,train
2214,RADCURE-2985,21.0,0.0,Female,ECOG 0,Non-smoker,Nasopharynx,T3,N2,0,train
1188,RADCURE-1757,67.5,120.0,Male,ECOG 0,Ex-smoker,Larynx,T3,N0,0,train
2693,RADCURE-3561,53.9,50.0,Male,ECOG 1,Current,Oropharynx,T1,N2b,0,train
2653,RADCURE-3505,48.9,40.0,Male,ECOG 0,Current,Oropharynx,T2,N1,1,train
1032,RADCURE-1552,61.7,0.0,Female,ECOG 0,Non-smoker,Larynx,T2,N0,0,train
1094,RADCURE-1631,62.3,40.0,Male,ECOG 1,Current,Larynx,T3,N0,0,train
2331,RADCURE-3116,69.7,0.0,Male,ECOG 0,Non-smoker,Hypopharynx,T3,N2b,0,train
1927,RADCURE-2645,72.0,20.0,Male,ECOG 0,Ex-smoker,Larynx,T2,N0,0,train
430,RADCURE-0596,65.8,2.0,Female,ECOG 0,Ex-smoker,Oropharynx,T1,N2b,0,train
2929,RADCURE-4121,80.0,40.0,Female,ECOG 0,Ex-smoker,Nasal Cavity,T2,N0,0,train
152,RADCURE-0223,59.6,10.0,Male,ECOG 0,Ex-smoker,Unknown,T0,N2b,0,train
1795,RADCURE-2492,55.3,20.0,Female,ECOG 0,Ex-smoker,Unknown,T0,N2b,0,train
375,RADCURE-0527,57.7,15.0,Male,ECOG 0,Ex-smoker,Larynx,T1a,N0,0,train
836,RADCURE-1271,68.9,0.0,Male,ECOG 0,Non-smoker,Skin,T4,N2c,1,train
1934,RADCURE-2654,61.3,80.0,Male,ECOG 2,Current,Oropharynx,T4a,N2b,1,train
2297,RADCURE-3077,24.6,1.0,Male,ECOG 0,Ex-smoker,Sarcoma,T1,N1,0,train
2803,RADCURE-3717,62.4,50.0,Female,ECOG 1,Current,Oropharynx,T1,N2c,0,train
778,RADCURE-1084,58.4,0.0,Male,ECOG 0,Non-smoker,Unknown,T0,N2a,0,train
143,RADCURE-0211,46.3,15.0,Female,ECOG 0,Current,Nasal Cavity,T4b,N2c,1,train
414,RADCURE-0576,62.7,90.0,Female,ECOG 1,Ex-smoker,Oropharynx,T2,N3,1,train
467,RADCURE-0651,70.0,40.0,Male,ECOG 0,Current,Larynx,T2,N0,0,train
1939,RADCURE-2659,57.0,40.0,Male,ECOG 0,Ex-smoker,Oropharynx,T4b,N2c,0,train
896,RADCURE-1362,64.3,50.0,Male,ECOG 0,Current,Oropharynx,T2,N0,0,train
1673,RADCURE-2353,64.0,45.0,Male,ECOG 2,Ex-smoker,Oropharynx,T3,N3,0,train
185,RADCURE-0271,78.7,15.0,Male,ECOG 0,Ex-smoker,Larynx,T1a,N0,0,train
234,RADCURE-0329,54.6,0.0,Male,ECOG 0,Non-smoker,Oropharynx,T2,N2b,0,train
1622,RADCURE-2291,83.3,45.0,Male,ECOG 2,Ex-smoker,Skin,T3,N1,1,train
2884,RADCURE-4060,62.1,40.0,Male,ECOG 1,Current,Hypopharynx,T3,N0,1,train
1995,RADCURE-2731,60.3,60.0,Male,ECOG 0,Ex-smoker,Larynx,T2,N2b,0,train
803,RADCURE-1205,61.1,70.0,Male,ECOG 1,Current,Unknown,T0,N2b,0,train
270,RADCURE-0383,65.4,100.0,Female,ECOG 1,Current,Oropharynx,T3,N2b,1,train
2502,RADCURE-3312,36.6,20.0,Male,ECOG 3,Current,Larynx,T3,N2c,0,train
130,RADCURE-0196,49.7,0.0,Male,ECOG 0,Non-smoker,Oropharynx,T1,N2b,0,train
574,RADCURE-0795,78.8,50.0,Male,ECOG 0,Current,Oropharynx,T3,N1,0,train
725,RADCURE-1008,52.9,110.0,Male,ECOG 2,Current,Oropharynx,T3,N0,1,train
2015,RADCURE-2757,70.4,40.0,Female,ECOG 0,Ex-smoker,Larynx,T3,N2c,0,train
710,RADCURE-0988,64.6,10.0,Male,ECOG 0,Ex-smoker,Oropharynx,Missing,N0,0,train
1253,RADCURE-1849,76.0,30.0,Male,ECOG 1,Current,Hypopharynx,T2,N0,1,train
2893,RADCURE-4070,90.0,30.0,Male,ECOG 1,Ex-smoker,Larynx,T2,N0,0,train
967,RADCURE-1473,74.1,40.0,Male,ECOG 0,Ex-smoker,Nasopharynx,T1,N1,0,train
1299,RADCURE-1905,47.7,6.0,Female,ECOG 0,Ex-smoker,Oropharynx,T3,N2c,0,train
934,RADCURE-1414,58.5,35.0,Female,ECOG 0,Current,Larynx,T3,N0,1,train
1692,RADCURE-2375,80.8,25.0,Male,ECOG 0,Ex-smoker,Larynx,T3,N0,1,train
2639,RADCURE-3487,55.2,0.0,Male,ECOG 0,Ex-smoker,Oropharynx,T3,N2c,1,train
855,RADCURE-1297,63.1,5.0,Male,ECOG 0,Ex-smoker,Oropharynx,T2,N0,0,train
812,RADCURE-1233,58.4,60.0,Male,ECOG 1,Ex-smoker,Unknown,T0,N3,0,train
941,RADCURE-1426,71.9,40.0,Male,ECOG 0,Ex-smoker,Larynx,T2,N0,0,train
2902,RADCURE-4080,50.5,30.0,Male,ECOG 1,Current,Oropharynx,T2,N2b,0,train
849,RADCURE-1290,64.0,5.0,Female,ECOG 0,Ex-smoker,Oropharynx,T2,N2c,0,train
363,RADCURE-0512,40.5,25.0,Male,ECOG 1,Current,Oropharynx,T4a,N3,0,train
1464,RADCURE-2109,43.0,25.0,Male,ECOG 0,Current,Larynx,T2,N2b,1,train
1585,RADCURE-2250,56.0,80.0,Male,ECOG 0,Current,Oropharynx,T2,N2b,0,train
2259,RADCURE-3032,61.9,70.0,Male,ECOG 2,Current,Unknown,T0,N3,1,train
1221,RADCURE-1799,73.6,20.0,Female,ECOG 2,Current,Hypopharynx,T3,N1,0,train
1073,RADCURE-1605,45.1,30.0,Male,ECOG 0,Ex-smoker,Oropharynx,T3,N3,0,train
2431,RADCURE-3226,56.7,0.0,Male,ECOG 1,Non-smoker,Paranasal Sinus,T4a,N0,0,train
420,RADCURE-0583,56.6,0.0,Male,ECOG 1,Non-smoker,Oropharynx,T1,N2c,0,train
1933,RADCURE-2653,55.0,78.0,Male,ECOG 1,Current,Larynx,T3,N0,0,train
1799,RADCURE-2497,64.8,0.0,Male,ECOG 0,Non-smoker,Oropharynx,T2,N2b,1,train
2206,RADCURE-2975,71.2,20.0,Male,ECOG 0,Current,Hypopharynx,T3,N0,0,train
2120,RADCURE-2874,71.7,0.0,Male,ECOG 0,Non-smoker,Oropharynx,T1,N2b,0,train
2680,RADCURE-3539,59.8,50.0,Male,ECOG 0,Current,Larynx,T3,N0,0,train
2652,RADCURE-3504,53.7,30.0,Male,ECOG 0,Current,Oropharynx,T2,N2b,0,train
360,RADCURE-0505,75.7,50.0,Male,ECOG 3,Ex-smoker,Oropharynx,T3,N0,1,train
1965,RADCURE-2692,65.8,45.0,Female,ECOG 2,Current,Oropharynx,T2,N0,0,train
2910,RADCURE-4089,53.1,40.0,Male,ECOG 1,Current,Oropharynx,T2,N2c,0,train
2751,RADCURE-3639,59.3,35.0,Male,ECOG 1,Current,Larynx,T1,N2b,0,train
1594,RADCURE-2259,67.2,0.0,Male,ECOG 0,Non-smoker,Unknown,T0,N1,0,train
2011,RADCURE-2750,63.2,40.0,Male,ECOG 0,Current,Oropharynx,T2,N0,0,train
2721,RADCURE-3597,68.0,0.0,Male,ECOG 1,Non-smoker,Oropharynx,T2,N2b,0,train
2137,RADCURE-2899,67.9,40.0,Male,ECOG 1,Ex-smoker,Larynx,T1a,N0,0,train
1252,RADCURE-1848,67.5,0.0,Male,ECOG 0,Non-smoker,Oropharynx,T3,N2c,0,train
1193,RADCURE-1764,63.9,40.0,Male,ECOG 0,Current,Nasal Cavity,T1,N0,1,train
1958,RADCURE-2683,65.3,50.0,Male,ECOG 0,Ex-smoker,Oropharynx,T3,N3,1,train
1052,RADCURE-1575,73.8,20.0,Male,ECOG 0,Current,Oropharynx,T3,N2b,1,train
2117,RADCURE-2871,60.9,45.0,Male,ECOG 0,Ex-smoker,Larynx,T1a,N0,0,train
1282,RADCURE-1885,70.8,20.0,Male,ECOG 0,Ex-smoker,Oropharynx,T2,N2b,0,train
2229,RADCURE-3000,74.9,40.0,Male,ECOG 0,Current,Larynx,T4a,N2c,1,train
2388,RADCURE-3181,70.1,25.0,Male,ECOG 0,Current,Oropharynx,T1,N2c,0,train
337,RADCURE-0472,67.7,90.0,Male,ECOG 0,Current,Larynx,T1b,N0,0,train
208,RADCURE-0299,67.7,14.0,Male,ECOG 0,Ex-smoker,Oropharynx,T3,N2b,1,train
2165,RADCURE-2929,50.5,0.0,Male,ECOG 1,Non-smoker,Unknown,T0,N2a,0,train
1182,RADCURE-1749,75.8,25.0,Male,ECOG 1,Ex-smoker,Larynx,T3,N0,0,train
2812,RADCURE-3738,62.2,8.0,Male,ECOG 0,Ex-smoker,Larynx,T3,N0,0,train
2710,RADCURE-3582,46.3,30.0,Male,ECOG 0,Current,Oropharynx,T1,N2b,0,train
2237,RADCURE-3009,60.5,0.0,Female,ECOG 0,Non-smoker,Oropharynx,T2,N2b,0,train
973,RADCURE-1480,63.8,80.0,Female,ECOG 2,Current,Oropharynx,T2,N0,0,train
674,RADCURE-0945,63.9,0.0,Male,ECOG 0,Non-smoker,Oropharynx,T2,N2b,0,train
1743,RADCURE-2435,68.0,50.0,Male,ECOG 3,Current,Hypopharynx,T4a,N3,0,train
2449,RADCURE-3250,62.0,20.0,Male,ECOG 0,Ex-smoker,Unknown,T0,N3,0,train
1494,RADCURE-2147,53.6,0.0,Female,ECOG 0,Non-smoker,Oropharynx,T2,N2b,0,train
2512,RADCURE-3322,86.7,0.0,Male,ECOG 0,Non-smoker,Hypopharynx,T1,N2b,0,train
2461,RADCURE-3262,57.9,30.0,Male,ECOG 1,Ex-smoker,Nasopharynx,T3,N2,0,train
2104,RADCURE-2855,63.0,0.0,Male,ECOG 0,Non-smoker,Oropharynx,T2,N2b,0,train
1027,RADCURE-1546,48.9,0.0,Female,ECOG 0,Non-smoker,Skin,T0,N2a,0,train
1392,RADCURE-2022,76.2,50.0,Male,ECOG 2,Current,Oropharynx,T3,N0,1,train
1033,RADCURE-1553,68.8,0.0,Male,ECOG 0,Non-smoker,Oropharynx,T3,N2c,0,train
366,RADCURE-0516,56.1,20.0,Female,ECOG 0,Current,Lip & Oral Cavity,T1,N0,0,train
448,RADCURE-0621,76.1,0.0,Male,ECOG 1,Non-smoker,Nasopharynx,T3,N0,1,train
2469,RADCURE-3271,64.0,10.0,Male,ECOG 0,Ex-smoker,Oropharynx,T3,N2b,1,train
695,RADCURE-0972,75.7,60.0,Male,ECOG 1,Ex-smoker,Larynx,T3,N0,0,train
2646,RADCURE-3497,57.9,0.0,Male,ECOG 0,Non-smoker,Oropharynx,T2,N0,0,train
2626,RADCURE-3465,46.9,0.0,Male,ECOG 0,Non-smoker,Oropharynx,T3,N2b,1,train
111,RADCURE-0165,79.1,80.0,Male,ECOG 1,Ex-smoker,Larynx,T1b,N0,0,train
2927,RADCURE-4117,53.7,30.0,Male,ECOG 0,Ex-smoker,Oropharynx,T1,N0,0,train
1226,RADCURE-1809,48.3,0.0,Female,ECOG 0,Non-smoker,Nasopharynx,T3,N0,0,train
2069,RADCURE-2816,48.0,20.0,Male,ECOG 1,Current,Nasopharynx,T4,N0,0,train
533,RADCURE-0736,69.9,2.0,Male,ECOG 0,Ex-smoker,Oropharynx,T3,N2b,0,train
2020,RADCURE-2762,48.1,10.0,Male,ECOG 0,Ex-smoker,Lip & Oral Cavity,T4b,N2b,0,train
2560,RADCURE-3385,58.7,0.0,Female,ECOG 0,Non-smoker,Unknown,T0,N2b,0,train
2820,RADCURE-3755,54.5,40.0,Male,ECOG 0,Current,Larynx,T3,N2b,0,train
929,RADCURE-1408,75.2,30.0,Male,ECOG 1,Ex-smoker,Hypopharynx,T3,N2b,0,train
1550,RADCURE-2212,53.8,0.0,Male,ECOG 0,Non-smoker,Oropharynx,T1,N2b,0,train
2669,RADCURE-3525,64.2,40.0,Male,ECOG 0,Current,Oropharynx,T4a,N2b,0,train
460,RADCURE-0638,58.2,10.0,Male,ECOG 1,Ex-smoker,Oropharynx,T1,N2b,0,train
2368,RADCURE-3158,56.2,1.0,Male,ECOG 0,Ex-smoker,Oropharynx,Missing,N2b,0,train
2226,RADCURE-2997,66.6,3.0,Male,ECOG 0,Ex-smoker,Oropharynx,T3,N2b,0,train
2430,RADCURE-3225,56.1,40.0,Male,ECOG 0,Current,Oropharynx,T1,N2b,0,train
600,RADCURE-0830,63.1,0.0,Male,ECOG 0,Non-smoker,Oropharynx,T2,N2b,0,train
2016,RADCURE-2758,79.7,40.0,Female,ECOG 3,Current,Paranasal Sinus,T4b,N1,1,train
1702,RADCURE-2386,48.8,,Male,ECOG 0,Ex-smoker,Oropharynx,T2,N2a,0,train
842,RADCURE-1279,66.1,60.0,Male,ECOG 1,Ex-smoker,Oropharynx,T1,N3,0,train
2291,RADCURE-3070,28.2,0.0,Female,ECOG 0,Non-smoker,Nasopharynx,T2,N3b,0,train
1268,RADCURE-1868,68.8,18.0,Female,ECOG 0,Ex-smoker,Lip & Oral Cavity,T4a,N2c,1,train
2467,RADCURE-3269,69.7,30.0,Female,ECOG 0,Current,Larynx,T2,N0,0,train
518,RADCURE-0720,73.8,90.0,Male,ECOG 2,Current,Larynx,T4a,N1,0,train
1408,RADCURE-2040,53.0,1.5,Male,ECOG 0,Ex-smoker,Oropharynx,T3,N2b,0,train
179,RADCURE-0261,69.4,2.0,Male,ECOG 0,Ex-smoker,Oropharynx,T3,N0,0,train
765,RADCURE-1067,16.1,0.0,Male,ECOG 0,Non-smoker,Nasopharynx,T4,N2,0,train
369,RADCURE-0521,64.0,0.0,Male,ECOG 1,Non-smoker,Oropharynx,T2,N2b,1,train
277,RADCURE-0391,72.9,35.0,Male,ECOG 2,Ex-smoker,Lip & Oral Cavity,T3,N0,1,train
2704,RADCURE-3573,53.0,,Male,ECOG 0,Unknown,Unknown,T0,N2a,0,train
180,RADCURE-0262,62.7,15.0,Male,ECOG 0,Ex-smoker,Oropharynx,T3,N2b,0,train
1088,RADCURE-1622,47.6,0.0,Male,ECOG 0,Non-smoker,Oropharynx,T3,N0,0,train
1381,RADCURE-2008,59.3,80.0,Male,ECOG 0,Current,Oropharynx,T2,N2b,0,train
1818,RADCURE-2519,80.8,,Female,ECOG 0,Ex-smoker,Larynx,T3,N2b,0,train
1198,RADCURE-1772,49.1,0.0,Male,ECOG 0,Non-smoker,Unknown,T0,N2b,0,train
1417,RADCURE-2053,72.4,20.0,Male,ECOG 0,Current,Nasal Cavity,T1,N2b,1,train
2621,RADCURE-3458,57.2,90.0,Male,ECOG 1,Current,Lip & Oral Cavity,T4a,N2b,1,train
2556,RADCURE-3378,67.8,48.0,Male,ECOG 1,Ex-smoker,Oropharynx,T2,N2b,0,train
349,RADCURE-0490,55.8,40.0,Male,ECOG 1,Current,Oropharynx,T1,N2c,1,train
2743,RADCURE-3629,63.1,0.0,Female,ECOG 0,Non-smoker,Nasopharynx,T3,N2,0,train
793,RADCURE-1171,63.9,7.5,Male,ECOG 0,Ex-smoker,Larynx,T2,N2b,0,train
506,RADCURE-0700,50.5,45.0,Female,ECOG 0,Current,Lip & Oral Cavity,T1,N0,0,train
753,RADCURE-1051,55.7,40.0,Male,ECOG 0,Ex-smoker,Oropharynx,T2,N0,0,train
916,RADCURE-1387,80.9,40.0,Male,ECOG 1,Ex-smoker,Oropharynx,T4b,N2b,0,train
144,RADCURE-0212,71.1,18.0,Male,ECOG 0,Ex-smoker,Hypopharynx,T3,N2c,0,train
18,RADCURE-0029,63.2,40.0,Male,ECOG 0,Current,Larynx,T1b,N0,0,train
889,RADCURE-1349,82.1,70.0,Male,ECOG 1,Ex-smoker,Larynx,T3,N0,0,train
1224,RADCURE-1806,52.3,135.0,Male,ECOG 0,Current,Oropharynx,T2,N0,0,train
2286,RADCURE-3065,61.9,20.0,Male,ECOG 0,Current,Nasopharynx,T3,N0,0,train
2382,RADCURE-3174,53.9,0.0,Male,ECOG 0,Non-smoker,Oropharynx,T2,N2b,0,train
2536,RADCURE-3353,52.0,3.0,Male,ECOG 0,Ex-smoker,Oropharynx,T3,N2b,0,train
321,RADCURE-0450,79.7,25.0,Male,ECOG 1,Ex-smoker,Larynx,T3,N0,0,train
97,RADCURE-0144,55.3,0.0,Male,ECOG 0,Non-smoker,Oropharynx,T2,N2b,0,train
1003,RADCURE-1516,61.7,5.0,Female,ECOG 2,Ex-smoker,Oropharynx,T4a,N2c,1,train
2848,RADCURE-3821,79.6,2.0,Male,ECOG 0,Current,Oropharynx,T3,N0,0,train
2420,RADCURE-3214,72.2,50.0,Male,ECOG 0,Current,Larynx,T1b,N0,0,train
0,RADCURE-0005,62.6,50.0,Female,ECOG 0,Ex-smoker,Oropharynx,T4b,N2c,1,train
2050,RADCURE-2796,43.6,0.0,Male,ECOG 0,Non-smoker,Unknown,T0,N2c,0,train
648,RADCURE-0910,79.5,0.0,Male,ECOG 2,Non-smoker,Oropharynx,T2,N2b,1,train
902,RADCURE-1368,60.2,50.0,Male,Missing,Current,Larynx,T1a,N0,0,train
1756,RADCURE-2449,84.5,15.0,Male,ECOG 1,Ex-smoker,Larynx,T1b,N0,1,train
1604,RADCURE-2270,69.4,0.0,Male,ECOG 0,Ex-smoker,Oropharynx,T2,N2b,0,train
409,RADCURE-0571,72.6,60.0,Male,ECOG 0,Ex-smoker,Larynx,Tis,N0,0,train
1980,RADCURE-2712,33.2,0.0,Female,ECOG 0,Non-smoker,Oropharynx,T2,N0,0,train
288,RADCURE-0406,76.3,60.0,Male,ECOG 0,Current,Larynx,T1a,N0,0,train
2300,RADCURE-3080,77.8,40.0,Male,ECOG 0,Ex-smoker,Larynx,T1a,N0,0,train
852,RADCURE-1293,70.2,35.0,Female,ECOG 0,Current,Unknown,T0,N2a,0,train
453,RADCURE-0628,80.1,40.0,Male,ECOG 1,Ex-smoker,Larynx,T3,N2b,0,train
174,RADCURE-0255,79.3,10.0,Male,ECOG 0,Ex-smoker,Larynx,T1a,N0,1,train
2026,RADCURE-2768,41.1,,Male,ECOG 1,Unknown,Nasopharynx,T3,N1,0,train
670,RADCURE-0939,43.7,0.0,Female,ECOG 0,Non-smoker,Larynx,T3,N2b,0,train
1042,RADCURE-1563,76.0,0.0,Male,ECOG 0,Non-smoker,Hypopharynx,T1,N0,0,train
1643,RADCURE-2317,68.0,40.0,Female,ECOG 0,Ex-smoker,Larynx,T4a,N2b,0,train
1169,RADCURE-1734,83.1,0.0,Female,ECOG 0,Non-smoker,Oropharynx,T3,N2b,0,train
1195,RADCURE-1766,56.4,20.0,Male,ECOG 0,Ex-smoker,Oropharynx,T4a,N2b,0,train
1426,RADCURE-2064,77.3,50.0,Female,ECOG 2,Ex-smoker,Lip & Oral Cavity,T2,N0,1,train
938,RADCURE-1419,59.6,80.0,Male,ECOG 0,Current,Larynx,T3,N0,1,train
2487,RADCURE-3295,49.8,10.0,Male,ECOG 0,Ex-smoker,Oropharynx,T2,N2b,0,train
2357,RADCURE-3145,43.1,30.0,Male,ECOG 1,Current,Oropharynx,T2,N2c,0,train
1092,RADCURE-1629,66.6,50.0,Male,ECOG 0,Current,Larynx,T3,N0,0,train
2428,RADCURE-3223,51.7,0.0,Male,ECOG 0,Non-smoker,Unknown,T0,N3,0,train
2753,RADCURE-3641,71.8,2.0,Male,ECOG 0,Ex-smoker,Oropharynx,T1,N2c,0,train
21,RADCURE-0037,71.4,50.0,Male,ECOG 0,Ex-smoker,Oropharynx,T2,N0,0,train
975,RADCURE-1482,65.0,35.0,Female,ECOG 3,Current,Oropharynx,T4a,N2c,1,train
787,RADCURE-1101,83.1,67.0,Female,ECOG 1,Current,Larynx,T1a,N0,1,train
1523,RADCURE-2178,53.8,0.0,Male,ECOG 0,Non-smoker,Larynx,T1a,N0,0,train
2766,RADCURE-3659,63.5,25.0,Male,ECOG 1,Ex-smoker,Oropharynx,T2,N2b,0,train
1776,RADCURE-2472,54.8,30.0,Male,ECOG 0,Current,Oropharynx,T1,N2b,0,train
1709,RADCURE-2395,83.5,0.0,Male,ECOG 0,Non-smoker,Lip & Oral Cavity,T3,N1,0,train
622,RADCURE-0868,61.2,0.0,Male,ECOG 1,Non-smoker,Oropharynx,T4a,N2c,0,train
81,RADCURE-0120,60.9,46.0,Male,ECOG 0,Current,Unknown,T0,N2b,0,train
2288,RADCURE-3067,40.4,5.0,Male,ECOG 0,Current,Larynx,T1a,N0,0,train
1832,RADCURE-2535,79.5,50.0,Male,ECOG 2,Current,Oropharynx,T4a,N2c,1,train
2723,RADCURE-3600,52.6,20.0,Male,ECOG 0,Current,Oropharynx,T2,N0,0,train
2271,RADCURE-3046,54.8,14.0,Male,ECOG 1,Ex-smoker,Oropharynx,T3,N2c,0,train
1174,RADCURE-1739,55.4,45.0,Male,ECOG 0,Current,Larynx,T1a,N0,0,train
956,RADCURE-1458,43.1,0.0,Male,ECOG 0,Non-smoker,Lip & Oral Cavity,T1,N0,0,train
2897,RADCURE-4074,62.7,75.0,Female,ECOG 2,Current,Oropharynx,T4a,N2c,1,train
1357,RADCURE-1981,78.0,0.0,Female,ECOG 2,Non-smoker,Esophagus,T3,N0,1,train
910,RADCURE-1378,58.0,60.0,Male,ECOG 0,Ex-smoker,Oropharynx,T2,N3,0,train
1793,RADCURE-2490,64.8,0.0,Male,ECOG 1,Non-smoker,Oropharynx,T4a,N2b,0,train
801,RADCURE-1200,53.7,30.0,Male,ECOG 0,Ex-smoker,Larynx,T3,N2b,0,train
1953,RADCURE-2678,44.0,10.0,Male,ECOG 0,Current,Nasopharynx,T4,N3a,0,train
1840,RADCURE-2546,49.0,0.0,Male,ECOG 0,Non-smoker,Hypopharynx,T2,N2b,0,train
1966,RADCURE-2693,74.2,45.0,Female,ECOG 1,Ex-smoker,Lip & Oral Cavity,T3,N0,0,train
457,RADCURE-0633,72.8,40.0,Male,ECOG 0,Ex-smoker,Oropharynx,T4a,N2b,0,train
2655,RADCURE-3507,56.6,42.0,Male,ECOG 0,Current,Oropharynx,T3,N2c,1,train
1235,RADCURE-1822,53.4,0.0,Female,ECOG 0,Non-smoker,Nasopharynx,T1,N2,0,train
13,RADCURE-0023,64.8,20.0,Male,ECOG 0,Current,Unknown,T0,N2c,0,train
611,RADCURE-0848,58.6,40.0,Male,ECOG 1,Current,Oropharynx,T2,N2b,0,train
2274,RADCURE-3049,67.3,0.0,Male,ECOG 0,Non-smoker,Oropharynx,T2,N2b,0,train
166,RADCURE-0246,56.8,0.0,Male,ECOG 0,Non-smoker,Oropharynx,T2,N2b,0,train
1384,RADCURE-2011,63.8,25.0,Male,ECOG 0,Ex-smoker,Larynx,Tis,N0,0,train
2140,RADCURE-2902,61.5,0.0,Male,ECOG 0,Non-smoker,Unknown,T0,N2a,0,train
2595,RADCURE-3426,86.7,0.0,Male,ECOG 1,Non-smoker,Oropharynx,T2,N0,0,train
2635,RADCURE-3478,57.0,25.0,Male,ECOG 0,Ex-smoker,Oropharynx,T2,N2b,0,train
1750,RADCURE-2443,56.0,40.0,Male,ECOG 0,Ex-smoker,Larynx,T2,N0,0,train
2835,RADCURE-3790,79.8,0.0,Female,ECOG 1,Non-smoker,Hypopharynx,T2,N1,0,train
2661,RADCURE-3515,30.6,0.0,Female,ECOG 0,Non-smoker,Nasopharynx,T3,N3a,0,train
29,RADCURE-0047,75.6,40.0,Male,ECOG 0,Current,Larynx,T2,N0,0,train
1390,RADCURE-2019,55.0,0.0,Male,ECOG 0,Non-smoker,Oropharynx,T2,N2b,0,train
46,RADCURE-0071,68.5,20.0,Male,ECOG 0,Ex-smoker,Oropharynx,T3,N2c,0,train
2203,RADCURE-2972,85.1,120.0,Male,ECOG 1,Ex-smoker,Larynx,T3,N0,0,train
1244,RADCURE-1837,81.1,60.0,Male,ECOG 1,Current,Oropharynx,T4b,N2c,0,train
1535,RADCURE-2193,38.4,15.0,Male,ECOG 0,Current,Oropharynx,T3,N2b,1,train
2742,RADCURE-3628,64.2,10.0,Male,ECOG 0,Current,Nasopharynx,T3,N1,0,train
1091,RADCURE-1628,65.3,1.0,Male,ECOG 0,Ex-smoker,Oropharynx,T3,N2b,1,train
1320,RADCURE-1934,52.4,25.0,Female,ECOG 1,Current,Oropharynx,T3,N2c,0,train
926,RADCURE-1401,68.4,50.0,Male,ECOG 0,Current,Unknown,T0,N3,1,train
994,RADCURE-1504,62.3,5.0,Female,ECOG 0,Ex-smoker,Oropharynx,T2,N2c,0,train
447,RADCURE-0619,67.5,40.0,Female,ECOG 2,Current,Larynx,T1a,N0,0,train
1753,RADCURE-2446,66.3,0.0,Male,ECOG 0,Non-smoker,Larynx,T1a,N0,0,train
2158,RADCURE-2922,56.3,40.0,Male,ECOG 0,Current,Larynx,T2,N0,0,train
2533,RADCURE-3350,39.7,20.0,Male,ECOG 0,Current,Nasopharynx,T3,N2,1,train
785,RADCURE-1095,56.6,40.0,Male,ECOG 1,Current,Larynx,T3,N2c,1,train
605,RADCURE-0837,61.1,30.0,Male,ECOG 0,Ex-smoker,Larynx,T1a,N0,0,train
587,RADCURE-0813,54.9,30.0,Male,ECOG 0,Ex-smoker,Nasopharynx,T1,N1,0,train
510,RADCURE-0704,54.4,60.0,Male,ECOG 2,Current,Oropharynx,T3,N2b,0,train
2408,RADCURE-3202,39.6,7.0,Female,ECOG 0,Ex-smoker,Larynx,T1,N2b,0,train
2776,RADCURE-3674,64.5,100.0,Female,ECOG 0,Current,Larynx,T1a,N0,0,train
714,RADCURE-0994,67.3,15.0,Male,ECOG 0,Ex-smoker,Larynx,T1a,N0,0,train
304,RADCURE-0429,57.5,40.0,Male,ECOG 0,Ex-smoker,Oropharynx,T1,N1,0,train
215,RADCURE-0307,69.8,20.0,Male,ECOG 0,Ex-smoker,Oropharynx,T3,N2b,0,train
2822,RADCURE-3763,79.7,,Female,ECOG 1,Unknown,Paranasal Sinus,T4b,N0,1,train
206,RADCURE-0297,82.2,30.0,Male,ECOG 1,Ex-smoker,Hypopharynx,T3,N1,1,train
1946,RADCURE-2668,51.1,25.0,Female,ECOG 0,Ex-smoker,Oropharynx,T1,N2b,0,train
1225,RADCURE-1807,51.2,25.0,Male,ECOG 0,Current,Hypopharynx,T3,N2c,0,train
1285,RADCURE-1888,54.4,20.0,Male,ECOG 0,Ex-smoker,Nasopharynx,T4,N1,0,train
1443,RADCURE-2082,61.8,40.0,Male,ECOG 0,Ex-smoker,Larynx,T3,N2b,0,train
2276,RADCURE-3052,60.5,40.0,Male,ECOG 0,Current,Oropharynx,T4a,N2c,0,train
465,RADCURE-0648,56.0,0.0,Female,ECOG 0,Non-smoker,Oropharynx,T2,N2c,0,train
1437,RADCURE-2076,65.0,0.0,Female,ECOG 0,Non-smoker,Oropharynx,T3,N2b,0,train
2364,RADCURE-3154,55.4,1.0,Male,ECOG 0,Ex-smoker,Oropharynx,T2,N2b,0,train
1379,RADCURE-2006,48.0,0.0,Female,ECOG 0,Non-smoker,Sarcoma,T2b,N1,1,train
1425,RADCURE-2063,45.7,0.0,Male,ECOG 0,Non-smoker,Oropharynx,T2,N2b,0,train
2241,RADCURE-3014,51.6,30.0,Male,ECOG 1,Ex-smoker,Oropharynx,T4b,N3,1,train
2446,RADCURE-3246,81.6,100.0,Male,ECOG 0,Current,Larynx,T2,N0,1,train
1825,RADCURE-2527,55.9,0.0,Male,ECOG 0,Non-smoker,Larynx,T1,N0,0,train
440,RADCURE-0610,52.4,0.0,Female,Missing,Non-smoker,Nasopharynx,T4,N3a,0,train
2393,RADCURE-3187,45.8,0.0,Male,ECOG 0,Non-smoker,Oropharynx,T1,N2b,0,train
1411,RADCURE-2045,47.7,30.0,Male,ECOG 0,Current,Oropharynx,T2,N3,1,train
820,RADCURE-1250,54.6,0.0,Male,ECOG 0,Non-smoker,Nasopharynx,T4,N0,0,train
45,RADCURE-0070,60.1,10.0,Male,ECOG 0,Ex-smoker,Oropharynx,T2,N2b,0,train
1087,RADCURE-1621,58.9,20.0,Male,ECOG 0,Current,Oropharynx,T4a,N2c,1,train
798,RADCURE-1189,69.7,40.0,Male,ECOG 1,Ex-smoker,Larynx,T3,N0,0,train
900,RADCURE-1366,51.1,0.0,Female,ECOG 0,Non-smoker,Sarcoma,Missing,N2c,1,train
639,RADCURE-0900,49.2,10.0,Female,ECOG 2,Current,Oropharynx,T2,N2c,1,train
475,RADCURE-0660,67.5,75.0,Male,ECOG 1,Ex-smoker,Nasal Cavity,T2,N0,0,train
1295,RADCURE-1899,51.4,0.0,Male,ECOG 0,Non-smoker,Nasopharynx,T3,N2,0,train
2581,RADCURE-3408,67.9,40.0,Female,ECOG 0,Ex-smoker,Larynx,T4a,N0,0,train
2664,RADCURE-3519,70.7,0.0,Male,ECOG 0,Non-smoker,Oropharynx,T4a,N2c,0,train
531,RADCURE-0734,58.1,20.0,Female,ECOG 0,Ex-smoker,Oropharynx,T1,N2c,0,train
147,RADCURE-0216,57.7,0.0,Male,ECOG 0,Non-smoker,Hypopharynx,T2,N0,0,train
1959,RADCURE-2684,60.3,35.0,Male,ECOG 0,Ex-smoker,Oropharynx,T2,N2b,0,train
1012,RADCURE-1530,60.8,42.0,Male,ECOG 0,Ex-smoker,Unknown,T0,N3,1,train
1664,RADCURE-2343,79.8,35.0,Female,ECOG 0,Current,Lip & Oral Cavity,T3,N0,0,train
1599,RADCURE-2264,72.6,50.0,Female,ECOG 1,Current,Larynx,Tis,N0,0,train
2534,RADCURE-3351,49.0,30.0,Male,ECOG 0,Current,Nasopharynx,T3,N2,0,train
2327,RADCURE-3112,45.3,20.0,Male,ECOG 1,Current,Oropharynx,T2,N3,0,train
1331,RADCURE-1948,69.7,80.0,Male,ECOG 2,Ex-smoker,Larynx,T1a,N0,0,train
57,RADCURE-0084,63.7,60.0,Male,ECOG 0,Current,Larynx,T2,N1,0,train
678,RADCURE-0950,57.0,60.0,Male,ECOG 1,Ex-smoker,Oropharynx,T3,N0,1,train
1019,RADCURE-1537,59.6,40.0,Male,ECOG 0,Current,Skin,T2,N0,0,train
1907,RADCURE-2621,57.3,22.0,Female,ECOG 1,Current,Hypopharynx,T3,N0,1,train
262,RADCURE-0368,66.4,10.0,Male,ECOG 0,Ex-smoker,Unknown,T0,N2b,0,train
2161,RADCURE-2925,68.8,40.0,Male,ECOG 0,Ex-smoker,Larynx,T2,N0,0,train
2473,RADCURE-3275,87.0,0.0,Male,ECOG 2,Non-smoker,Larynx,T3,N0,0,train
2527,RADCURE-3341,62.7,20.0,Male,ECOG 1,Current,Oropharynx,T4a,N2c,1,train
984,RADCURE-1492,66.4,2.0,Male,ECOG 0,Ex-smoker,Unknown,T0,N3,1,train
1089,RADCURE-1623,76.5,30.0,Female,ECOG 0,Ex-smoker,Hypopharynx,T2,N0,0,train
1496,RADCURE-2150,33.4,0.0,Female,ECOG 0,Non-smoker,Larynx,T1a,N0,0,train
647,RADCURE-0908,41.0,0.0,Male,ECOG 0,Non-smoker,Larynx,T1a,N0,0,train
1728,RADCURE-2416,41.3,0.0,Female,ECOG 0,Non-smoker,Nasopharynx,T3,N2,0,train
1395,RADCURE-2025,68.8,10.0,Male,ECOG 0,Ex-smoker,Hypopharynx,T2,N0,0,train
1718,RADCURE-2405,69.7,0.0,Female,ECOG 0,Non-smoker,Oropharynx,T3,N2b,0,train
1841,RADCURE-2547,53.6,25.0,Male,ECOG 0,Ex-smoker,Larynx,T3,N0,0,train
2865,RADCURE-4033,62.2,40.0,Female,ECOG 2,Current,Larynx,T2,N1,0,train
1181,RADCURE-1748,67.7,75.0,Male,ECOG 2,Current,Oropharynx,T2,N0,0,train
2598,RADCURE-3429,57.9,0.0,Male,ECOG 0,Non-smoker,Oropharynx,T2,N2b,0,train
1922,RADCURE-2639,34.9,17.0,Male,ECOG 0,Ex-smoker,Nasal Cavity,T4b,N2b,1,train
16,RADCURE-0027,62.1,50.0,Male,ECOG 0,Current,Larynx,T3,N0,0,train
2269,RADCURE-3044,55.0,30.0,Male,ECOG 0,Current,Oropharynx,T4a,N2c,1,train
2078,RADCURE-2826,52.1,24.0,Male,ECOG 1,Current,Nasopharynx,T4,N2,0,train
2827,RADCURE-3775,69.9,45.0,Male,ECOG 0,Ex-smoker,Larynx,T2,N0,0,train
2395,RADCURE-3189,79.8,30.0,Male,ECOG 0,Ex-smoker,Larynx,T4a,N0,1,train
2055,RADCURE-2801,63.5,30.0,Male,ECOG 1,Ex-smoker,Larynx,T3,N0,0,train
2243,RADCURE-3016,61.9,15.0,Male,ECOG 0,Ex-smoker,Oropharynx,T3,N2c,0,train
1509,RADCURE-2163,39.3,15.0,Female,ECOG 0,Ex-smoker,Nasopharynx,T3,N1,0,train
1116,RADCURE-1664,61.4,35.0,Male,ECOG 1,Ex-smoker,Larynx,T2,N0,0,train
954,RADCURE-1450,66.3,0.0,Female,ECOG 0,Non-smoker,Nasopharynx,T3,N2,0,train
1505,RADCURE-2159,73.2,0.0,Male,ECOG 0,Non-smoker,Larynx,T2,N2b,0,train
2611,RADCURE-3446,61.2,3.0,Male,ECOG 0,Ex-smoker,Oropharynx,T1,N2b,0,train
2588,RADCURE-3418,62.6,0.0,Female,ECOG 0,Non-smoker,Sarcoma,T2,N0,0,train
2638,RADCURE-3485,46.8,6.0,Female,ECOG 1,Current,Oropharynx,T4a,N2b,0,train
1520,RADCURE-2175,57.6,36.0,Male,ECOG 0,Current,Oropharynx,T2,N2c,1,train
2725,RADCURE-3602,66.8,52.0,Male,ECOG 1,Current,Hypopharynx,T2,N3,0,train
1863,RADCURE-2573,83.3,0.0,Male,ECOG 2,Non-smoker,Larynx,T3,N0,1,train
602,RADCURE-0832,73.1,1.0,Male,ECOG 0,Ex-smoker,Oropharynx,T2,N1,0,train
1940,RADCURE-2660,68.2,50.0,Male,ECOG 1,Current,Oropharynx,T3,N1,0,train
1839,RADCURE-2545,47.2,20.0,Male,ECOG 1,Current,Nasopharynx,T4,N0,0,train
466,RADCURE-0650,65.8,50.0,Male,ECOG 1,Current,Larynx,T3,N2c,0,train
610,RADCURE-0846,71.0,30.0,Male,ECOG 0,Ex-smoker,Oropharynx,T3,N0,0,train
2847,RADCURE-3820,56.0,40.0,Male,ECOG 1,Current,Larynx,T3,N3,1,train
2375,RADCURE-3166,75.2,20.0,Male,ECOG 1,Ex-smoker,Esophagus,T2,N0,0,train
1567,RADCURE-2230,48.2,20.0,Male,ECOG 1,Current,Oropharynx,T3,N3,0,train
2905,RADCURE-4083,61.1,50.0,Male,ECOG 1,Current,Oropharynx,T3,N2b,0,train
1173,RADCURE-1738,37.0,0.0,Male,ECOG 0,Non-smoker,Nasopharynx,T2,N2,0,train
35,RADCURE-0056,61.1,5.0,Male,ECOG 0,Current,Unknown,T0,N2b,0,train
2867,RADCURE-4035,52.5,80.0,Female,ECOG 1,Current,Oropharynx,T2,N1,0,train
2348,RADCURE-3136,61.2,30.0,Female,ECOG 0,Current,Oropharynx,T2,N2b,0,train
1361,RADCURE-1985,43.6,0.0,Male,ECOG 0,Non-smoker,Oropharynx,T1,N0,0,train
346,RADCURE-0484,78.5,0.0,Male,ECOG 1,Non-smoker,Oropharynx,T3,N2c,0,train
203,RADCURE-0294,49.6,0.0,Male,ECOG 0,Non-smoker,Larynx,Tis,N0,0,train
2508,RADCURE-3318,69.9,25.0,Male,ECOG 0,Current,Unknown,T0,N2b,0,train
527,RADCURE-0729,45.6,0.0,Male,ECOG 0,Non-smoker,Nasopharynx,T4,N1,0,train
1914,RADCURE-2630,55.5,0.0,Male,ECOG 0,Non-smoker,Oropharynx,T2,N2c,0,train
2169,RADCURE-2933,74.2,55.0,Male,ECOG 1,Current,Oropharynx,T4a,N0,0,train
1784,RADCURE-2481,89.5,70.0,Male,ECOG 2,Current,Lip & Oral Cavity,T3,N0,0,train
1018,RADCURE-1536,75.0,0.0,Female,ECOG 1,Non-smoker,Unknown,T0,N2b,1,train
507,RADCURE-0701,71.1,2.0,Male,ECOG 0,Ex-smoker,Larynx,T1a,N0,0,train
915,RADCURE-1385,75.9,20.0,Male,ECOG 0,Ex-smoker,Paranasal Sinus,T4b,N0,1,train
2460,RADCURE-3261,67.9,50.0,Male,ECOG 1,Current,Larynx,T1a,N0,0,train
1172,RADCURE-1737,63.8,15.0,Female,ECOG 0,Ex-smoker,Oropharynx,T2,N0,0,train
205,RADCURE-0296,72.2,40.0,Female,ECOG 0,Ex-smoker,Lip & Oral Cavity,T4a,N0,0,train
933,RADCURE-1412,58.6,20.0,Male,ECOG 0,Ex-smoker,Oropharynx,T4a,N2c,0,train
844,RADCURE-1283,72.7,18.0,Male,ECOG 0,Current,Unknown,T0,N2b,1,train
2644,RADCURE-3494,72.8,1.0,Female,ECOG 0,Ex-smoker,Oropharynx,T3,N2c,0,train
2261,RADCURE-3035,65.7,45.0,Male,ECOG 0,Current,Oropharynx,T2,N2b,1,train
88,RADCURE-0129,51.2,40.0,Male,ECOG 2,Current,Oropharynx,T2,N2c,0,train
1758,RADCURE-2451,52.1,45.0,Male,ECOG 1,Ex-smoker,Oropharynx,T2,N3,1,train
139,RADCURE-0206,58.0,10.0,Female,ECOG 1,Ex-smoker,Oropharynx,T4b,N2c,0,train
534,RADCURE-0737,50.4,0.0,Male,ECOG 0,Non-smoker,Oropharynx,T1,N2b,0,train
2108,RADCURE-2860,65.2,5.0,Male,ECOG 1,Ex-smoker,Oropharynx,T1,N1,0,train
2147,RADCURE-2909,68.4,0.0,Male,ECOG 0,Non-smoker,Oropharynx,T2,N1,0,train
2613,RADCURE-3450,50.3,0.0,Male,ECOG 0,Non-smoker,Oropharynx,T1,N2b,0,train
1130,RADCURE-1681,46.3,60.0,Male,ECOG 0,Current,Larynx,T2,N0,0,train
1482,RADCURE-2130,54.2,0.0,Female,ECOG 2,Non-smoker,Lip & Oral Cavity,T4a,N0,0,train
1167,RADCURE-1731,81.3,10.0,Male,ECOG 0,Ex-smoker,Unknown,T0,N3,1,train
120,RADCURE-0180,54.5,4.0,Male,ECOG 0,Ex-smoker,Oropharynx,T2,N2b,0,train
439,RADCURE-0609,78.7,50.0,Male,ECOG 4,Ex-smoker,Larynx,T1b,N0,1,train
192,RADCURE-0280,57.4,0.0,Male,ECOG 1,Non-smoker,Unknown,T0,N2b,0,train
77,RADCURE-0114,55.6,20.0,Female,ECOG 1,Current,Oropharynx,T4b,N2c,0,train
2379,RADCURE-3170,30.3,0.0,Female,ECOG 2,Non-smoker,Nasopharynx,T1,N3b,0,train
2895,RADCURE-4072,55.4,0.0,Male,ECOG 1,Non-smoker,Nasopharynx,T1,N2,0,train
1590,RADCURE-2255,44.6,50.0,Male,ECOG 0,Current,Larynx,T4a,N2c,0,train
515,RADCURE-0712,58.1,45.0,Male,ECOG 0,Ex-smoker,Oropharynx,T3,N3,1,train
407,RADCURE-0569,57.7,18.0,Male,ECOG 0,Current,Larynx,T2,N0,0,train
2129,RADCURE-2888,46.7,10.0,Male,ECOG 0,Ex-smoker,Unknown,T0,N2c,0,train
1362,RADCURE-1986,32.3,1.0,Male,ECOG 0,Ex-smoker,Larynx,T2,N0,0,train
573,RADCURE-0794,78.1,20.0,Male,ECOG 3,Ex-smoker,Oropharynx,T3,N1,1,train
431,RADCURE-0597,79.2,0.0,Male,ECOG 1,Non-smoker,Nasopharynx,T3,N3b,1,train
643,RADCURE-0904,59.5,,Male,ECOG 3,Unknown,Salivary Glands,T4b,N0,0,train
1090,RADCURE-1625,67.8,60.0,Male,ECOG 3,Current,Oropharynx,T4a,N2c,1,train
851,RADCURE-1292,68.7,13.0,Male,ECOG 0,Ex-smoker,Oropharynx,T2,N0,0,train
2273,RADCURE-3048,51.6,15.0,Male,ECOG 1,Current,Hypopharynx,T4b,N2c,1,train
1082,RADCURE-1616,62.4,50.0,Male,ECOG 0,Ex-smoker,Larynx,T1b,N0,0,train
1834,RADCURE-2538,50.4,4.0,Male,ECOG 0,Ex-smoker,Oropharynx,T2,N2b,0,train
404,RADCURE-0565,71.7,20.0,Male,ECOG 1,Ex-smoker,Larynx,T1b,N0,0,train
2668,RADCURE-3524,57.3,40.0,Male,ECOG 1,Current,Oropharynx,T4a,N2c,1,train
1851,RADCURE-2560,82.7,10.0,Male,ECOG 0,Ex-smoker,Larynx,T1b,N0,0,train
2926,RADCURE-4116,63.3,0.0,Male,ECOG 0,Non-smoker,Larynx,T1a,N0,0,train
529,RADCURE-0731,64.2,50.0,Male,ECOG 0,Current,Larynx,T3,N0,0,train
2172,RADCURE-2936,71.4,0.0,Male,ECOG 0,Non-smoker,Larynx,T2,N0,0,train
463,RADCURE-0644,53.2,20.0,Male,ECOG 0,Ex-smoker,Oropharynx,T3,N0,0,train
2359,RADCURE-3149,42.7,12.0,Male,ECOG 0,Current,Oropharynx,T3,N2c,0,train
2366,RADCURE-3156,63.9,5.0,Male,ECOG 1,Ex-smoker,Oropharynx,T3,N2c,0,train
1648,RADCURE-2325,70.9,50.0,Male,ECOG 0,Current,Lip & Oral Cavity,T2,N0,0,train
327,RADCURE-0458,69.3,45.0,Male,ECOG 1,Current,Lip & Oral Cavity,T4a,N0,0,train
563,RADCURE-0778,68.5,25.0,Female,ECOG 1,Ex-smoker,Oropharynx,T2,N2b,0,train
951,RADCURE-1445,69.3,80.0,Male,ECOG 0,Current,Larynx,T4a,N0,0,train
2180,RADCURE-2946,81.9,65.0,Male,ECOG 0,Current,Larynx,T1a,N0,0,train
2284,RADCURE-3062,46.8,2.0,Male,ECOG 0,Ex-smoker,Unknown,T0,N2b,0,train
771,RADCURE-1073,53.4,6.0,Male,ECOG 0,Ex-smoker,Oropharynx,T4a,N2c,0,train
1619,RADCURE-2287,53.9,30.0,Male,ECOG 0,Current,Oropharynx,T4a,N2c,0,train
2323,RADCURE-3108,68.8,50.0,Male,ECOG 0,Current,Larynx,T3,N1,0,train
2656,RADCURE-3509,69.5,50.0,Male,ECOG 0,Current,Oropharynx,T3,N2a,0,train
939,RADCURE-1423,44.7,30.0,Male,ECOG 0,Ex-smoker,Oropharynx,T1,N2b,0,train
2479,RADCURE-3284,48.8,,Male,ECOG 0,Unknown,Nasopharynx,T1,N3b,0,train
1895,RADCURE-2608,61.6,40.0,Female,ECOG 1,Current,Unknown,T0,N2b,0,train
1158,RADCURE-1720,83.3,0.0,Male,ECOG 1,Non-smoker,Larynx,T1b,N0,0,train
2270,RADCURE-3045,70.4,35.0,Male,ECOG 0,Current,Skin,T2,N1,0,train
1337,RADCURE-1956,36.9,38.0,Male,ECOG 3,Current,Nasopharynx,T4,N3b,0,train
302,RADCURE-0427,49.1,20.0,Male,ECOG 0,Current,Oropharynx,T3,N1,1,train
1347,RADCURE-1966,84.0,40.0,Female,ECOG 1,Ex-smoker,Larynx,T1b,N0,0,train
494,RADCURE-0686,77.9,30.0,Male,ECOG 1,Ex-smoker,Esophagus,Missing,Missing,1,train
2659,RADCURE-3513,54.0,0.0,Female,ECOG 0,Non-smoker,Oropharynx,T1,N2b,0,train
9,RADCURE-0016,70.2,40.0,Male,ECOG 0,Ex-smoker,Larynx,T3,N2b,0,train
2298,RADCURE-3078,77.7,0.0,Male,ECOG 0,Non-smoker,Larynx,T2,N2b,1,train
2054,RADCURE-2800,59.9,50.0,Male,ECOG 1,Current,Oropharynx,T3,N2b,0,train
67,RADCURE-0098,48.2,20.0,Male,ECOG 0,Ex-smoker,Oropharynx,T1,N2b,0,train
1238,RADCURE-1825,70.8,,Female,ECOG 0,Unknown,Lip & Oral Cavity,T4a,N2c,1,train
2859,RADCURE-4027,59.1,5.0,Male,ECOG 0,Ex-smoker,Hypopharynx,T1,N2b,0,train
1696,RADCURE-2379,53.0,50.0,Male,ECOG 0,Current,Paranasal Sinus,T4a,N2b,1,train
1584,RADCURE-2249,72.0,20.0,Male,ECOG 1,Ex-smoker,Paranasal Sinus,T4b,N1,1,train
1678,RADCURE-2360,69.0,70.0,Male,ECOG 1,Current,Larynx,T2,N0,0,train
2360,RADCURE-3150,51.6,40.0,Male,ECOG 0,Current,Larynx,T2,N0,0,train
319,RADCURE-0447,62.9,47.0,Male,ECOG 1,Current,Larynx,T4a,N2c,0,train
472,RADCURE-0656,58.5,5.0,Male,ECOG 0,Ex-smoker,Larynx,T1a,N0,0,train
1947,RADCURE-2669,55.3,25.0,Male,ECOG 1,Ex-smoker,Hypopharynx,T3,N2c,0,train
2374,RADCURE-3164,58.1,30.0,Male,ECOG 0,Current,Oropharynx,T1,N2b,0,train
2193,RADCURE-2959,82.3,30.0,Male,ECOG 3,Ex-smoker,Larynx,T3,N0,1,train
2303,RADCURE-3083,53.3,0.0,Male,ECOG 0,Non-smoker,Nasopharynx,T4,N1,0,train
1522,RADCURE-2177,61.4,20.0,Male,ECOG 2,Ex-smoker,Oropharynx,T3,N2b,0,train
2720,RADCURE-3596,64.5,0.0,Male,ECOG 0,Non-smoker,Nasopharynx,T1,N1,0,train
1937,RADCURE-2657,64.8,18.0,Male,ECOG 3,Ex-smoker,Oropharynx,T3,N2c,0,train
2330,RADCURE-3115,76.4,50.0,Male,ECOG 1,Current,Oropharynx,T3,N2b,1,train
2838,RADCURE-3799,49.7,5.0,Male,ECOG 0,Ex-smoker,Oropharynx,T2,N2b,0,train
1436,RADCURE-2075,54.6,8.0,Male,ECOG 0,Ex-smoker,Oropharynx,T2,N2c,0,train
1215,RADCURE-1790,53.4,30.0,Male,ECOG 0,Ex-smoker,Oropharynx,T1,N2c,0,train
2580,RADCURE-3407,75.4,0.0,Female,ECOG 0,Non-smoker,Paranasal Sinus,T4b,N0,0,train
1896,RADCURE-2609,44.8,10.0,Male,ECOG 0,Ex-smoker,Nasopharynx,T1,N1,0,train
1490,RADCURE-2143,75.3,50.0,Male,ECOG 1,Current,Oropharynx,T3,N2b,1,train
1806,RADCURE-2504,69.0,55.0,Male,ECOG 0,Ex-smoker,Nasopharynx,T1,N2,0,train
2247,RADCURE-3020,77.1,50.0,Female,ECOG 0,Current,Oropharynx,T2,N1,0,train
2674,RADCURE-3531,57.9,,Female,ECOG 1,Unknown,Nasal Cavity,T2,N2b,1,train
1636,RADCURE-2308,64.9,30.0,Female,ECOG 0,Ex-smoker,Larynx,T2,N0,1,train
2752,RADCURE-3640,44.1,15.0,Male,ECOG 0,Current,Nasopharynx,T3,N2,0,train
395,RADCURE-0553,66.1,0.0,Female,ECOG 1,Non-smoker,Oropharynx,T3,N3,0,train
2001,RADCURE-2738,54.2,20.0,Male,ECOG 0,Ex-smoker,Oropharynx,T2,N2b,0,train
543,RADCURE-0748,84.5,64.0,Male,ECOG 0,Current,Larynx,T2,N0,1,train
2488,RADCURE-3296,59.8,0.0,Male,ECOG 0,Non-smoker,Oropharynx,T3,N1,0,train
2441,RADCURE-3241,56.0,1.0,Male,ECOG 0,Ex-smoker,Oropharynx,T1,N2b,0,train
2124,RADCURE-2882,69.3,20.0,Male,ECOG 1,Ex-smoker,Nasopharynx,T3,N2,0,train
1807,RADCURE-2505,50.3,30.0,Male,ECOG 1,Current,Oropharynx,T2,N0,0,train
1322,RADCURE-1937,46.3,0.0,Female,ECOG 0,Non-smoker,Nasopharynx,T4,N2,0,train
2173,RADCURE-2937,72.7,0.0,Male,ECOG 1,Non-smoker,Oropharynx,T3,N0,0,train
635,RADCURE-0894,79.1,0.0,Female,ECOG 3,Non-smoker,Oropharynx,T4a,N2c,1,train
671,RADCURE-0940,74.8,25.0,Male,ECOG 1,Current,Larynx,T3,N0,0,train
537,RADCURE-0742,84.9,5.0,Male,ECOG 0,Ex-smoker,Larynx,T2,N0,0,train
631,RADCURE-0885,56.6,0.0,Male,ECOG 0,Non-smoker,Nasopharynx,T4,N3a,0,train
1830,RADCURE-2532,77.0,0.0,Male,ECOG 3,Non-smoker,Larynx,T2,N0,0,train
656,RADCURE-0921,46.8,30.0,Male,ECOG 0,Current,Unknown,T0,N2c,0,train
94,RADCURE-0140,67.5,45.0,Male,ECOG 1,Ex-smoker,Oropharynx,T3,N3,1,train
1385,RADCURE-2012,51.7,35.0,Male,ECOG 1,Current,Oropharynx,T3,N2c,1,train
2190,RADCURE-2956,67.3,10.0,Male,ECOG 0,Ex-smoker,Oropharynx,T3,N2b,0,train
1820,RADCURE-2521,74.7,12.0,Male,ECOG 0,Ex-smoker,Larynx,T3,N0,0,train
655,RADCURE-0920,62.2,45.0,Male,ECOG 2,Current,Hypopharynx,T3,N2c,1,train
2492,RADCURE-3300,60.1,44.0,Male,ECOG 0,Current,Larynx,T2,N0,0,train
1438,RADCURE-2077,35.1,20.0,Male,ECOG 0,Current,Nasopharynx,T2,N3a,0,train
1396,RADCURE-2026,61.4,40.0,Male,ECOG 0,Current,Oropharynx,T2,N1,0,train
1836,RADCURE-2540,72.2,0.0,Male,ECOG 0,Non-smoker,Oropharynx,T2,N2b,0,train
2890,RADCURE-4067,76.6,50.0,Male,ECOG 0,Current,Nasopharynx,T1,N2,0,train
2609,RADCURE-3443,59.1,0.0,Female,ECOG 1,Non-smoker,Larynx,T3,N0,0,train
1064,RADCURE-1590,51.1,0.0,Male,ECOG 1,Non-smoker,Unknown,T0,N2b,0,train
2013,RADCURE-2754,72.5,30.0,Male,ECOG 0,Ex-smoker,Oropharynx,T3,N2c,0,train
399,RADCURE-0558,84.6,0.0,Male,ECOG 0,Non-smoker,Skin,T4,N0,0,train
719,RADCURE-1000,73.1,25.0,Female,Missing,Current,Hypopharynx,T1,N0,1,train
2592,RADCURE-3423,79.2,,Male,ECOG 1,Unknown,Sarcoma,T2,N0,0,train
708,RADCURE-0986,54.4,0.0,Male,ECOG 0,Non-smoker,Oropharynx,T4a,N2c,0,train
1518,RADCURE-2172,59.6,30.0,Male,ECOG 0,Current,Larynx,T1b,N0,0,train
492,RADCURE-0683,77.8,0.0,Male,ECOG 0,Non-smoker,Oropharynx,T2,N0,0,train
1634,RADCURE-2306,49.2,,Male,ECOG 0,Ex-smoker,Sarcoma,T2b,N1,1,train
2151,RADCURE-2914,35.0,0.0,Male,ECOG 1,Non-smoker,Nasopharynx,T3,N2,0,train
1738,RADCURE-2429,61.0,20.0,Male,ECOG 0,Ex-smoker,Unknown,T0,N2b,0,train
1058,RADCURE-1584,54.3,30.0,Male,ECOG 1,Current,Oropharynx,T1,N2c,0,train
1774,RADCURE-2470,68.6,40.0,Female,ECOG 0,Current,Oropharynx,T2,N2a,0,train
1826,RADCURE-2528,39.5,5.0,Male,ECOG 0,Ex-smoker,Nasopharynx,T1,N3b,0,train
2832,RADCURE-3784,60.6,45.0,Female,ECOG 0,Current,Larynx,T2,N0,0,train
1901,RADCURE-2615,58.6,0.0,Female,ECOG 0,Non-smoker,Nasopharynx,T3,N2,0,train
27,RADCURE-0045,61.8,30.0,Male,ECOG 1,Ex-smoker,Oropharynx,T4b,N2b,0,train
636,RADCURE-0895,55.0,0.0,Male,ECOG 0,Non-smoker,Oropharynx,T3,N2c,0,train
1476,RADCURE-2123,60.2,0.0,Male,ECOG 0,Non-smoker,Nasopharynx,T3,N0,0,train
2676,RADCURE-3533,66.7,5.0,Male,ECOG 0,Ex-smoker,Oropharynx,T1,N1,0,train
2739,RADCURE-3624,49.5,40.0,Male,ECOG 0,Ex-smoker,Nasopharynx,T1,N1,0,train
1047,RADCURE-1569,47.1,0.0,Female,ECOG 0,Non-smoker,Unknown,T0,N2c,0,train
776,RADCURE-1081,67.0,36.0,Female,ECOG 0,Ex-smoker,Lip & Oral Cavity,T2,N0,1,train
561,RADCURE-0775,70.8,50.0,Female,ECOG 0,Ex-smoker,Oropharynx,T1,N1,0,train
425,RADCURE-0591,64.4,35.0,Female,ECOG 0,Current,Larynx,T2,N0,0,train
704,RADCURE-0981,58.2,,Male,ECOG 3,Ex-smoker,Hypopharynx,T4a,N2b,1,train
1582,RADCURE-2247,73.5,3.0,Male,ECOG 0,Ex-smoker,Larynx,T3,N0,0,train
1721,RADCURE-2408,55.0,35.0,Male,ECOG 0,Ex-smoker,Hypopharynx,T4a,N2c,1,train
221,RADCURE-0314,71.3,30.0,Male,ECOG 1,Current,Larynx,T1a,N0,0,train
7,RADCURE-0013,77.4,8.0,Male,ECOG 1,Current,Unknown,T0,N2a,0,train
418,RADCURE-0580,53.7,36.0,Male,ECOG 0,Ex-smoker,Nasopharynx,T2,N2,0,train
958,RADCURE-1460,61.4,45.0,Male,ECOG 0,Current,Nasopharynx,T4,N3b,0,train
1754,RADCURE-2447,55.4,5.0,Female,ECOG 0,Ex-smoker,Oropharynx,T2,N2b,0,train
1949,RADCURE-2671,60.2,45.0,Male,ECOG 1,Ex-smoker,Oropharynx,T3,N2b,0,train
105,RADCURE-0157,57.9,10.0,Male,ECOG 0,Current,Oropharynx,T3,N0,0,train
880,RADCURE-1336,21.7,0.0,Male,ECOG 0,Non-smoker,Nasopharynx,T4,N3b,0,train
700,RADCURE-0977,50.9,0.0,Female,ECOG 0,Non-smoker,Oropharynx,T1,N2b,0,train
308,RADCURE-0433,44.8,0.0,Male,ECOG 0,Non-smoker,Unknown,T0,N2b,0,train
633,RADCURE-0891,75.2,45.0,Male,ECOG 2,Ex-smoker,Larynx,T4a,N0,1,train
1056,RADCURE-1582,59.2,0.0,Male,ECOG 0,Non-smoker,Larynx,T1b,N0,0,train
945,RADCURE-1436,55.6,0.0,Male,ECOG 0,Non-smoker,Oropharynx,T4a,N2c,0,train
2299,RADCURE-3079,42.5,0.0,Male,ECOG 0,Non-smoker,Esophagus,T3,N1,1,train
1681,RADCURE-2363,67.5,100.0,Male,ECOG 0,Current,Oropharynx,T1,N2c,1,train
2163,RADCURE-2927,60.0,0.0,Male,ECOG 0,Non-smoker,Oropharynx,T2,N2b,0,train
1783,RADCURE-2480,63.6,0.0,Male,ECOG 0,Non-smoker,Nasopharynx,T1,N0,0,train
2899,RADCURE-4076,55.4,0.0,Male,ECOG 0,Non-smoker,Oropharynx,T4a,N2c,0,train
1697,RADCURE-2380,55.6,0.0,Female,ECOG 1,Non-smoker,Nasopharynx,T3,N2,0,train
661,RADCURE-0928,83.6,44.0,Female,ECOG 0,Ex-smoker,Oropharynx,T2,N0,0,train
2716,RADCURE-3590,62.3,7.0,Female,ECOG 0,Ex-smoker,Oropharynx,T1,N2b,0,train
269,RADCURE-0379,52.1,15.0,Female,ECOG 0,Ex-smoker,Oropharynx,T3,N1,0,train
1716,RADCURE-2403,75.8,0.0,Female,ECOG 1,Non-smoker,Oropharynx,T1,N0,0,train
1245,RADCURE-1838,59.7,50.0,Female,ECOG 1,Ex-smoker,Larynx,T4a,N2b,1,train
2421,RADCURE-3215,53.4,60.0,Male,ECOG 0,Current,Oropharynx,T2,N2c,0,train
1555,RADCURE-2217,71.0,50.0,Male,ECOG 0,Current,Unknown,T0,N2b,1,train
289,RADCURE-0407,64.3,0.0,Male,ECOG 0,Non-smoker,Oropharynx,T3,N2c,0,train
760,RADCURE-1059,65.2,10.0,Male,ECOG 0,Ex-smoker,Oropharynx,T1,N2b,0,train
268,RADCURE-0378,53.7,5.0,Male,ECOG 1,Current,Oropharynx,T1,N2b,0,train
716,RADCURE-0996,81.2,50.0,Male,ECOG 0,Ex-smoker,Oropharynx,T3,N2b,0,train
214,RADCURE-0306,88.5,40.0,Male,ECOG 2,Ex-smoker,Oropharynx,T2,N2a,0,train
1034,RADCURE-1554,65.2,50.0,Female,ECOG 0,Current,Oropharynx,T1,N2b,0,train
2372,RADCURE-3162,68.6,0.0,Female,ECOG 0,Non-smoker,Sarcoma,T4b,N0,0,train
1233,RADCURE-1819,68.9,30.0,Male,ECOG 1,Ex-smoker,Oropharynx,T3,N0,0,train
1627,RADCURE-2297,48.1,30.0,Male,ECOG 2,Current,Paranasal Sinus,T4b,N0,0,train
2540,RADCURE-3360,66.9,0.0,Female,ECOG 0,Non-smoker,Oropharynx,T2,N2b,0,train
630,RADCURE-0883,55.1,0.0,Male,ECOG 0,Non-smoker,Oropharynx,T1,N2b,0,train
2503,RADCURE-3313,51.9,20.0,Male,ECOG 1,Ex-smoker,Oropharynx,T2,N2b,0,train
1666,RADCURE-2345,61.7,45.0,Male,ECOG 0,Current,Lip & Oral Cavity,T4a,N2c,0,train
1454,RADCURE-2095,53.0,0.0,Male,ECOG 0,Non-smoker,Nasopharynx,T4,N2,0,train
2714,RADCURE-3588,66.0,40.0,Male,ECOG 0,Current,Nasopharynx,T1,N2,0,train
828,RADCURE-1262,66.3,0.0,Male,ECOG 0,Non-smoker,Oropharynx,T3,N0,0,train
2486,RADCURE-3294,84.7,50.0,Female,ECOG 1,Ex-smoker,Oropharynx,T4b,N2c,0,train
2347,RADCURE-3135,33.4,0.0,Female,ECOG 0,Non-smoker,Nasopharynx,T4,N2,0,train
58,RADCURE-0086,58.7,30.0,Male,ECOG 4,Current,Oropharynx,T4a,N0,1,train
2587,RADCURE-3416,68.2,20.0,Male,ECOG 0,Current,Paranasal Sinus,T4b,N2b,1,train
1691,RADCURE-2374,45.4,0.0,Male,ECOG 0,Non-smoker,Oropharynx,T3,N2a,0,train
1874,RADCURE-2584,75.3,60.0,Male,ECOG 1,Current,Oropharynx,T4b,N2b,0,train
1616,RADCURE-2283,52.2,8.0,Male,ECOG 1,Current,Nasopharynx,T3,N2,0,train
960,RADCURE-1462,70.6,0.0,Male,ECOG 0,Non-smoker,Oropharynx,T3,N0,0,train
1430,RADCURE-2069,82.9,65.0,Female,ECOG 0,Ex-smoker,Larynx,T2,N0,0,train
1778,RADCURE-2474,58.9,20.0,Female,ECOG 1,Ex-smoker,Nasopharynx,T2,N2,0,train
1847,RADCURE-2556,84.0,0.0,Male,ECOG 0,Non-smoker,Oropharynx,T4b,N0,0,train
985,RADCURE-1493,49.4,0.0,Female,ECOG 0,Non-smoker,Oropharynx,T1,N1,0,train
2249,RADCURE-3022,48.5,35.0,Male,ECOG 0,Current,Larynx,T2,N0,0,train
2729,RADCURE-3606,63.2,50.0,Male,ECOG 1,Current,Oropharynx,T3,N2c,0,train
1593,RADCURE-2258,73.0,0.0,Female,ECOG 0,Non-smoker,Nasal Cavity,T1,N0,0,train
2073,RADCURE-2820,52.4,22.0,Male,ECOG 0,Current,Oropharynx,T1,N3,1,train
1038,RADCURE-1558,57.7,50.0,Male,ECOG 0,Ex-smoker,Larynx,T1b,N0,0,train
736,RADCURE-1026,73.2,50.0,Male,ECOG 0,Ex-smoker,Oropharynx,T3,N1,0,train
1575,RADCURE-2238,73.8,35.0,Male,ECOG 0,Current,Oropharynx,T2,N2b,0,train
2873,RADCURE-4046,76.4,40.0,Male,ECOG 1,Current,Oropharynx,T3,N0,0,train
1843,RADCURE-2551,70.3,50.0,Male,ECOG 1,Ex-smoker,Oropharynx,T2,N2b,1,train
1821,RADCURE-2522,48.4,0.0,Female,ECOG 1,Non-smoker,Nasopharynx,T4,N2,0,train
351,RADCURE-0492,58.1,40.0,Male,ECOG 2,Current,Oropharynx,T1,N3,0,train
2494,RADCURE-3304,80.1,60.0,Male,ECOG 1,Ex-smoker,Hypopharynx,T3,N2b,0,train
2699,RADCURE-3568,83.7,30.0,Female,ECOG 0,Current,Oropharynx,T4a,N2b,0,train
335,RADCURE-0469,73.4,30.0,Male,ECOG 0,Current,Larynx,T2,N0,0,train
1479,RADCURE-2126,41.4,25.0,Male,ECOG 0,Ex-smoker,Nasopharynx,T1,N3a,0,train
324,RADCURE-0454,69.3,0.0,Male,ECOG 1,Non-smoker,Oropharynx,T4a,N2b,1,train
2317,RADCURE-3101,50.5,34.0,Female,ECOG 1,Current,Nasal Cavity,T4a,N1,0,train
1237,RADCURE-1824,57.1,7.5,Male,ECOG 0,Ex-smoker,Oropharynx,T1,N2c,0,train
1652,RADCURE-2329,61.3,30.0,Male,ECOG 0,Ex-smoker,Larynx,Tis,N0,0,train
2738,RADCURE-3622,67.2,0.0,Male,ECOG 0,Non-smoker,Oropharynx,T2,N2b,0,train
108,RADCURE-0160,51.4,3.0,Male,ECOG 0,Ex-smoker,Oropharynx,T2,N2b,0,train
311,RADCURE-0437,62.2,6.0,Male,ECOG 0,Ex-smoker,Oropharynx,T2,N2c,0,train
155,RADCURE-0231,61.9,0.0,Male,ECOG 1,Non-smoker,Oropharynx,T3,N2b,1,train
2454,RADCURE-3255,69.9,75.0,Male,ECOG 2,Current,Oropharynx,T2,N2b,1,train
1730,RADCURE-2418,48.0,0.0,Male,ECOG 0,Non-smoker,Oropharynx,T2,N2c,0,train
980,RADCURE-1487,82.7,1.0,Male,ECOG 0,Non-smoker,Esophagus,T2,N1,0,train
201,RADCURE-0292,61.5,40.0,Male,ECOG 0,Current,Larynx,T3,N0,0,train
1263,RADCURE-1861,79.1,0.0,Female,ECOG 0,Non-smoker,Oropharynx,T3,N0,0,train
153,RADCURE-0227,70.0,0.0,Female,ECOG 1,Non-smoker,Oropharynx,T2,N2c,0,train
260,RADCURE-0366,67.7,50.0,Female,ECOG 2,Current,Larynx,T2,N0,0,train
2489,RADCURE-3297,56.8,0.0,Male,ECOG 0,Non-smoker,Oropharynx,T2,N2b,0,train
82,RADCURE-0121,64.4,,Male,Missing,Current,Larynx,T4a,N2c,1,train
2933,RADCURE-4125,53.9,30.0,Male,ECOG 0,Current,Larynx,T2,N0,0,train
583,RADCURE-0807,85.3,2.0,Male,ECOG 0,Ex-smoker,Oropharynx,T3,N2b,1,train
2522,RADCURE-3334,61.2,25.0,Male,ECOG 0,Current,Oropharynx,T3,N2b,0,train
1815,RADCURE-2514,55.7,0.0,Male,ECOG 0,Non-smoker,Nasopharynx,T1,N2,0,train
2496,RADCURE-3306,71.8,30.0,Male,ECOG 1,Ex-smoker,Oropharynx,T1,N2c,0,train
2912,RADCURE-4091,62.9,20.0,Male,ECOG 0,Ex-smoker,Larynx,T1,N0,0,train
1651,RADCURE-2328,73.2,50.0,Male,ECOG 1,Current,Larynx,T3,N3,1,train
2325,RADCURE-3110,62.6,60.0,Male,ECOG 0,Current,Larynx,T2,N0,0,train
204,RADCURE-0295,62.4,60.0,Male,ECOG 0,Current,Larynx,T2,N0,0,train
1899,RADCURE-2613,78.8,50.0,Male,ECOG 0,Ex-smoker,Oropharynx,T2,N3,1,train
2010,RADCURE-2748,73.4,65.0,Male,ECOG 0,Ex-smoker,Larynx,T1b,N0,0,train
329,RADCURE-0461,77.2,10.0,Male,ECOG 0,Ex-smoker,Oropharynx,T1,N1,0,train
542,RADCURE-0747,53.3,1.0,Male,ECOG 0,Ex-smoker,Lip & Oral Cavity,Tis,N0,0,train
2400,RADCURE-3194,47.4,0.0,Male,ECOG 0,Non-smoker,Nasopharynx,T1,N2,0,train
345,RADCURE-0483,46.1,0.0,Female,ECOG 0,Non-smoker,Nasopharynx,T4,N2,0,train
300,RADCURE-0422,55.1,18.0,Male,ECOG 1,Ex-smoker,Larynx,T3,N0,0,train
1386,RADCURE-2014,60.1,50.0,Female,ECOG 1,Current,Larynx,T2,N1,0,train
2726,RADCURE-3603,68.1,20.0,Male,ECOG 0,Ex-smoker,Larynx,T3,N1,0,train
770,RADCURE-1072,57.4,30.0,Male,ECOG 0,Current,Unknown,T0,N2a,0,train
2021,RADCURE-2763,73.0,50.0,Female,ECOG 1,Ex-smoker,Larynx,T3,N1,0,train
1782,RADCURE-2478,45.2,0.0,Female,ECOG 0,Non-smoker,Larynx,Tis,N0,0,train
362,RADCURE-0510,60.7,35.0,Male,ECOG 0,Ex-smoker,Larynx,T3,N2b,0,train
1993,RADCURE-2729,64.1,0.0,Male,ECOG 0,Non-smoker,Oropharynx,T2,N2c,0,train
1766,RADCURE-2459,56.4,0.0,Male,ECOG 0,Non-smoker,Oropharynx,T1,N2b,0,train
2468,RADCURE-3270,52.7,0.0,Male,ECOG 1,Non-smoker,Oropharynx,T2,N2c,0,train
2121,RADCURE-2876,81.3,75.0,Male,ECOG 1,Current,Larynx,T2,N0,0,train
296,RADCURE-0416,62.3,0.0,Male,ECOG 0,Non-smoker,Oropharynx,T2,N2a,0,train
1630,RADCURE-2301,43.5,12.0,Male,ECOG 1,Ex-smoker,Oropharynx,T3,N2c,0,train
1409,RADCURE-2041,75.4,40.0,Female,ECOG 0,Ex-smoker,Oropharynx,T3,N2b,0,train
2295,RADCURE-3075,66.3,0.0,Male,ECOG 0,Non-smoker,Oropharynx,T2,N2b,0,train
895,RADCURE-1361,65.1,50.0,Male,ECOG 0,Current,Hypopharynx,T1,N2b,0,train
1140,RADCURE-1694,72.5,30.0,Male,ECOG 0,Ex-smoker,Larynx,T2,N0,0,train
1769,RADCURE-2464,66.2,40.0,Male,ECOG 0,Current,Larynx,T2,N0,0,train
60,RADCURE-0088,75.0,25.0,Male,ECOG 1,Ex-smoker,Larynx,T2,N0,0,train
1671,RADCURE-2351,45.6,20.0,Male,ECOG 2,Ex-smoker,Oropharynx,T4a,N2b,0,train
1653,RADCURE-2330,75.3,50.0,Male,ECOG 1,Current,Larynx,T3,N0,0,train
1197,RADCURE-1771,39.3,0.0,Male,ECOG 0,Non-smoker,Nasopharynx,T4,N0,0,train
668,RADCURE-0937,69.9,50.0,Male,ECOG 1,Ex-smoker,Larynx,T2,N0,0,train
1813,RADCURE-2512,58.1,0.0,Male,ECOG 1,Non-smoker,Larynx,T1a,N0,0,train
1508,RADCURE-2162,56.9,50.0,Male,ECOG 0,Current,Larynx,T2,N0,0,train
1910,RADCURE-2626,46.8,30.0,Female,ECOG 0,Current,Hypopharynx,T2,N3,1,train
2900,RADCURE-4077,71.5,50.0,Male,ECOG 0,Ex-smoker,Oropharynx,T3,N1,0,train
1787,RADCURE-2484,55.4,0.0,Male,ECOG 0,Non-smoker,Oropharynx,T1,N2b,0,train
949,RADCURE-1440,51.2,0.0,Female,ECOG 0,Non-smoker,Unknown,T0,N3,1,train
1956,RADCURE-2681,81.0,30.0,Male,ECOG 0,Ex-smoker,Oropharynx,T2,N1,1,train
228,RADCURE-0322,76.0,55.0,Male,ECOG 1,Ex-smoker,Oropharynx,T4a,N1,0,train
53,RADCURE-0079,63.7,0.0,Male,ECOG 0,Ex-smoker,Oropharynx,T1,N2c,0,train
1117,RADCURE-1665,74.1,30.0,Male,ECOG 1,Ex-smoker,Oropharynx,T3,N0,1,train
707,RADCURE-0984,83.6,12.5,Male,ECOG 1,Ex-smoker,Oropharynx,T1,N2c,0,train
1175,RADCURE-1740,70.4,50.0,Female,ECOG 0,Current,Lip & Oral Cavity,T4a,N0,0,train
1892,RADCURE-2605,69.2,2.0,Male,ECOG 1,Ex-smoker,Nasopharynx,T3,N3b,0,train
1377,RADCURE-2004,67.8,25.0,Male,ECOG 0,Ex-smoker,Nasopharynx,T4,N0,1,train
1329,RADCURE-1945,47.9,0.0,Male,ECOG 0,Non-smoker,Nasopharynx,T1,N3b,0,train
1327,RADCURE-1943,70.9,100.0,Male,ECOG 0,Current,Larynx,T2,N3,1,train
512,RADCURE-0708,82.0,,Male,ECOG 2,Unknown,Unknown,T0,N3,1,train
1121,RADCURE-1670,56.3,10.0,Male,ECOG 0,Ex-smoker,Oropharynx,T2,N2c,0,train
2763,RADCURE-3655,56.3,40.0,Male,ECOG 1,Current,Larynx,T3,N0,0,train
2823,RADCURE-3770,63.4,30.0,Male,ECOG 0,Ex-smoker,Oropharynx,T3,N2c,0,train
735,RADCURE-1025,54.4,8.0,Female,ECOG 1,Ex-smoker,Oropharynx,T1,N2b,0,train
1016,RADCURE-1534,71.8,0.0,Male,ECOG 0,Non-smoker,Nasopharynx,T1,N0,0,train
2448,RADCURE-3248,40.3,0.0,Male,ECOG 1,Non-smoker,Nasopharynx,T4,N3b,0,train
1286,RADCURE-1889,70.0,6.0,Male,ECOG 0,Current,Larynx,T1a,N0,0,train
1611,RADCURE-2278,57.6,20.0,Female,ECOG 0,Current,Oropharynx,T2,N1,0,train
98,RADCURE-0145,60.3,8.0,Female,ECOG 1,Ex-smoker,Larynx,T2,N0,0,train
2643,RADCURE-3492,48.5,15.0,Male,ECOG 0,Ex-smoker,Nasopharynx,T1,N1,0,train
756,RADCURE-1055,70.2,20.0,Male,ECOG 0,Ex-smoker,Larynx,Tis,N0,0,train
402,RADCURE-0562,82.7,12.5,Male,ECOG 0,Current,Larynx,T4b,N2c,0,train
2139,RADCURE-2901,49.5,0.0,Female,ECOG 1,Non-smoker,Nasopharynx,T3,N1,0,train
1011,RADCURE-1529,67.3,45.0,Male,ECOG 0,Ex-smoker,Oropharynx,T4a,N2a,0,train
1960,RADCURE-2685,72.4,50.0,Male,ECOG 0,Ex-smoker,Unknown,T0,N2b,0,train
720,RADCURE-1001,65.2,15.0,Female,ECOG 1,Ex-smoker,Larynx,T3,N1,0,train
1363,RADCURE-1987,52.3,32.0,Male,ECOG 0,Current,Larynx,T2,N0,0,train
1506,RADCURE-2160,76.9,30.0,Male,ECOG 0,Ex-smoker,Larynx,T1a,N0,0,train
1835,RADCURE-2539,53.4,35.0,Male,ECOG 0,Current,Oropharynx,T3,N3,0,train
585,RADCURE-0809,64.1,50.0,Male,ECOG 0,Current,Oropharynx,T3,N2b,1,train
2474,RADCURE-3276,22.9,0.0,Female,ECOG 0,Non-smoker,Nasopharynx,T3,N1,0,train
595,RADCURE-0825,65.2,30.0,Male,ECOG 0,Ex-smoker,Larynx,T2,N0,0,train
1936,RADCURE-2656,50.6,35.0,Male,ECOG 0,Ex-smoker,Oropharynx,T2,N2c,0,train
1147,RADCURE-1704,78.3,55.0,Male,ECOG 2,Current,Oropharynx,T3,N1,0,train
1044,RADCURE-1566,73.8,27.0,Female,ECOG 0,Ex-smoker,Larynx,T2,N0,0,train
1475,RADCURE-2121,59.8,15.0,Male,ECOG 0,Ex-smoker,Larynx,T2,N0,0,train
2932,RADCURE-4124,68.3,0.0,Male,ECOG 1,Non-smoker,Oropharynx,T2,N2b,0,train
2240,RADCURE-3013,65.2,30.0,Male,ECOG 1,Ex-smoker,Oropharynx,T3,N2b,0,train
1790,RADCURE-2487,67.0,46.0,Male,ECOG 1,Current,Oropharynx,T3,N2b,0,train
2053,RADCURE-2799,52.3,15.0,Male,ECOG 0,Ex-smoker,Oropharynx,T3,N2c,0,train
750,RADCURE-1047,61.2,20.0,Male,ECOG 1,Ex-smoker,Oropharynx,T2,N0,0,train
2837,RADCURE-3796,84.8,40.0,Male,ECOG 1,Ex-smoker,Larynx,T1a,N0,0,train
242,RADCURE-0338,38.8,10.0,Male,ECOG 0,Current,Lip & Oral Cavity,T3,N2c,1,train
1869,RADCURE-2579,64.3,40.0,Male,ECOG 2,Ex-smoker,Oropharynx,T2,N2b,1,train
779,RADCURE-1087,79.3,0.0,Female,ECOG 2,Non-smoker,Esophagus,T3,N0,0,train
2772,RADCURE-3668,57.8,0.0,Female,ECOG 0,Non-smoker,Oropharynx,T3,N2b,0,train
477,RADCURE-0662,81.7,30.0,Male,ECOG 0,Ex-smoker,Oropharynx,T1,N2b,0,train
2541,RADCURE-3361,65.0,54.0,Male,ECOG 1,Current,Oropharynx,T3,N0,0,train
2445,RADCURE-3245,65.1,50.0,Female,ECOG 0,Current,Larynx,T3,N2b,0,train
2414,RADCURE-3208,68.5,55.0,Male,ECOG 3,Current,Larynx,T4a,N2c,0,train
2462,RADCURE-3263,50.7,25.0,Male,ECOG 0,Ex-smoker,Oropharynx,T3,N2a,0,train
698,RADCURE-0975,52.9,0.0,Male,ECOG 0,Non-smoker,Nasopharynx,T1,N2,0,train
449,RADCURE-0622,45.9,0.0,Male,ECOG 0,Non-smoker,Larynx,T2,N0,0,train
1266,RADCURE-1866,54.3,15.0,Male,ECOG 0,Ex-smoker,Larynx,T3,N2c,0,train
1672,RADCURE-2352,60.9,5.0,Male,ECOG 0,Ex-smoker,Oropharynx,T2,N2b,0,train
2574,RADCURE-3401,51.9,30.0,Male,ECOG 0,Current,Oropharynx,T3,N2b,0,train
2344,RADCURE-3132,50.7,40.0,Male,ECOG 0,Current,Unknown,T0,N2b,0,train
2920,RADCURE-4104,58.0,25.0,Male,ECOG 0,Current,Hypopharynx,T1,N3,1,train
1060,RADCURE-1586,62.1,0.0,Male,ECOG 0,Non-smoker,Oropharynx,T1,N2a,0,train
2901,RADCURE-4079,67.1,20.3,Female,ECOG 0,Current,Larynx,T2,N2b,0,train
762,RADCURE-1061,44.8,7.0,Male,ECOG 0,Ex-smoker,Oropharynx,T2,N2a,0,train
2037,RADCURE-2783,70.3,45.0,Male,ECOG 2,Current,Oropharynx,T4b,N2c,1,train
2906,RADCURE-4084,68.8,50.0,Male,ECOG 1,Ex-smoker,Larynx,T1a,N0,0,train
1370,RADCURE-1996,79.6,50.0,Male,Missing,Ex-smoker,Hypopharynx,T4a,N2c,0,train
2311,RADCURE-3092,63.7,45.0,Male,ECOG 0,Current,Larynx,T1b,N0,0,train
1997,RADCURE-2733,50.0,15.0,Male,ECOG 1,Current,Unknown,T0,N2b,0,train
1906,RADCURE-2620,74.2,30.0,Male,Missing,Current,Larynx,T1b,N0,0,train
2875,RADCURE-4048,75.7,60.0,Male,ECOG 0,Current,Larynx,T2,N1,1,train
511,RADCURE-0705,77.5,50.0,Male,ECOG 1,Ex-smoker,Larynx,T3,N2c,0,train
773,RADCURE-1075,46.2,0.5,Male,ECOG 0,Ex-smoker,Nasopharynx,T4,N1,0,train
728,RADCURE-1012,65.2,40.0,Male,ECOG 0,Ex-smoker,Oropharynx,T1,N1,0,train
1074,RADCURE-1606,59.0,80.0,Male,ECOG 1,Ex-smoker,Oropharynx,T2,N2c,0,train
943,RADCURE-1429,43.8,0.0,Male,ECOG 0,Non-smoker,Nasopharynx,T4,N0,0,train
158,RADCURE-0235,57.4,3.0,Male,ECOG 1,Ex-smoker,Oropharynx,T4b,N2c,1,train
1860,RADCURE-2570,60.9,50.0,Male,ECOG 0,Ex-smoker,Oropharynx,T3,N2b,0,train
2222,RADCURE-2993,68.4,30.0,Male,ECOG 1,Current,Oropharynx,T2,N2b,0,train
2521,RADCURE-3332,62.9,30.0,Male,ECOG 3,Ex-smoker,Larynx,T4a,N2c,1,train
1313,RADCURE-1927,48.2,0.0,Female,ECOG 1,Non-smoker,Oropharynx,T4a,N2c,0,train
347,RADCURE-0488,58.4,30.0,Male,ECOG 0,Current,Larynx,T4a,N0,1,train
2641,RADCURE-3490,54.6,0.0,Female,ECOG 1,Non-smoker,Unknown,T0,N3,1,train
1264,RADCURE-1862,64.5,0.0,Female,ECOG 0,Non-smoker,Oropharynx,T3,N3,1,train
2296,RADCURE-3076,49.0,30.0,Female,ECOG 1,Current,Oropharynx,T2,N2c,0,train
2730,RADCURE-3607,73.6,0.0,Female,ECOG 1,Non-smoker,Hypopharynx,T1,N2c,0,train
1128,RADCURE-1679,55.4,30.0,Male,ECOG 0,Ex-smoker,Oropharynx,T3,N2c,0,train
2031,RADCURE-2775,62.1,60.0,Female,ECOG 1,Current,Larynx,T1,N0,0,train
1552,RADCURE-2214,49.9,0.0,Female,ECOG 0,Non-smoker,Salivary Glands,T1,Missing,0,train
784,RADCURE-1094,56.5,0.0,Male,ECOG 0,Non-smoker,Oropharynx,T4a,N2b,1,train
2023,RADCURE-2765,42.6,24.0,Male,ECOG 1,Current,Nasopharynx,T3,N3b,0,train
1008,RADCURE-1525,76.4,15.0,Male,ECOG 0,Ex-smoker,Larynx,T3,N0,1,train
365,RADCURE-0515,68.0,30.0,Male,ECOG 0,Current,Larynx,T1a,N0,0,train
1739,RADCURE-2430,64.3,0.0,Male,ECOG 1,Non-smoker,Oropharynx,T4b,N2c,0,train
1952,RADCURE-2677,66.3,,Male,Missing,Unknown,Skin,T1,N0,0,train
1693,RADCURE-2376,70.0,50.0,Female,ECOG 0,Current,Oropharynx,T3,N2c,0,train
831,RADCURE-1265,61.9,40.0,Male,ECOG 0,Current,Larynx,T2,N0,0,train
794,RADCURE-1179,77.5,0.0,Female,ECOG 1,Non-smoker,Oropharynx,T2,N1,1,train
78,RADCURE-0115,47.3,5.0,Male,ECOG 1,Ex-smoker,Lip & Oral Cavity,T4a,N2b,1,train
2265,RADCURE-3040,60.5,40.0,Female,ECOG 0,Current,Nasopharynx,T4,N2,1,train
2433,RADCURE-3229,52.3,0.0,Female,ECOG 1,Non-smoker,Nasopharynx,T4,N2,0,train
2182,RADCURE-2948,59.4,20.0,Male,ECOG 0,Ex-smoker,Oropharynx,T2,N2b,0,train
581,RADCURE-0804,53.4,36.0,Male,ECOG 2,Current,Lip & Oral Cavity,T4a,N1,1,train
43,RADCURE-0065,73.5,20.0,Male,ECOG 0,Ex-smoker,Oropharynx,T3,N3,0,train
1247,RADCURE-1841,55.6,30.0,Male,ECOG 3,Current,Hypopharynx,T3,N2c,1,train
1595,RADCURE-2260,55.3,60.0,Male,ECOG 1,Current,Oropharynx,T2,N1,0,train
1129,RADCURE-1680,51.2,0.0,Male,ECOG 1,Non-smoker,Unknown,T0,N2c,0,train
2493,RADCURE-3302,57.9,42.0,Male,ECOG 1,Current,Oropharynx,T2,N2c,0,train
350,RADCURE-0491,61.2,,Male,ECOG 0,Current,Oropharynx,T2,N2b,0,train
1554,RADCURE-2216,69.2,0.0,Female,ECOG 0,Non-smoker,Sarcoma,T2,N0,1,train
2458,RADCURE-3259,70.0,0.0,Male,ECOG 0,Non-smoker,Larynx,T1a,N0,0,train
843,RADCURE-1282,71.5,25.0,Male,ECOG 1,Ex-smoker,Larynx,T1b,N0,0,train
1742,RADCURE-2434,54.9,20.0,Male,ECOG 0,Ex-smoker,Oropharynx,T2,N2c,0,train
1180,RADCURE-1747,60.2,67.0,Male,ECOG 0,Current,Oropharynx,T1,N2b,0,train
1394,RADCURE-2024,60.9,0.0,Male,ECOG 0,Non-smoker,Skin,Missing,N2b,0,train
2924,RADCURE-4110,70.9,36.0,Male,ECOG 0,Ex-smoker,Larynx,T2,N0,0,train
2615,RADCURE-3452,61.4,60.0,Male,ECOG 0,Current,Oropharynx,T4a,N1,0,train
72,RADCURE-0105,64.1,100.0,Male,ECOG 1,Current,Oropharynx,T4a,N1,0,train
822,RADCURE-1252,50.7,0.0,Male,ECOG 0,Non-smoker,Larynx,T1a,N0,0,train
252,RADCURE-0357,72.2,50.0,Male,ECOG 1,Current,Oropharynx,T4a,N1,0,train
532,RADCURE-0735,63.1,15.0,Female,ECOG 0,Ex-smoker,Nasal Cavity,T1,N0,0,train
2773,RADCURE-3669,57.6,15.0,Male,ECOG 2,Current,Larynx,T4a,N0,0,train
2022,RADCURE-2764,73.1,0.0,Male,ECOG 0,Non-smoker,Oropharynx,T2,N2a,0,train
2619,RADCURE-3456,51.0,30.0,Male,ECOG 0,Ex-smoker,Unknown,T0,N2b,0,train
2817,RADCURE-3747,46.3,0.0,Male,ECOG 0,Non-smoker,Unknown,T0,N2a,0,train
1605,RADCURE-2272,45.3,40.0,Male,ECOG 0,Current,Nasopharynx,T3,N2,0,train
2091,RADCURE-2840,61.8,45.0,Female,ECOG 0,Ex-smoker,Lip & Oral Cavity,T2,N0,0,train
1950,RADCURE-2672,44.4,28.0,Male,ECOG 1,Ex-smoker,Oropharynx,T4b,N2b,0,train
188,RADCURE-0276,75.7,30.0,Male,ECOG 1,Ex-smoker,Larynx,T3,N2c,1,train
2394,RADCURE-3188,58.9,5.0,Female,ECOG 0,Ex-smoker,Unknown,T0,N3,0,train
2,RADCURE-0007,49.9,15.0,Male,ECOG 1,Ex-smoker,Oropharynx,T3,N2b,0,train
2221,RADCURE-2992,61.1,25.0,Female,ECOG 0,Ex-smoker,Oropharynx,T2,N2b,0,train
744,RADCURE-1037,49.4,0.0,Female,ECOG 0,Non-smoker,Oropharynx,T1,N2b,0,train
907,RADCURE-1375,81.4,10.0,Male,ECOG 0,Ex-smoker,Larynx,T2,N0,0,train
713,RADCURE-0992,58.9,30.0,Male,ECOG 0,Ex-smoker,Oropharynx,T3,N0,0,train
1499,RADCURE-2153,82.6,60.0,Female,ECOG 0,Ex-smoker,Skin,T1,N0,0,train
2218,RADCURE-2989,58.1,40.0,Male,ECOG 0,Current,Hypopharynx,T4b,N3,1,train
368,RADCURE-0518,71.1,20.0,Male,ECOG 1,Ex-smoker,Oropharynx,T4a,N2c,0,train
279,RADCURE-0393,75.2,15.0,Male,ECOG 0,Current,Larynx,T2,N0,0,train
2701,RADCURE-3570,67.1,100.0,Male,ECOG 0,Ex-smoker,Larynx,T1b,N0,0,train
2324,RADCURE-3109,75.5,0.0,Male,ECOG 1,Non-smoker,Nasal Cavity,T2,N1,1,train
586,RADCURE-0810,63.7,43.0,Male,ECOG 0,Current,Larynx,T3,N0,0,train
732,RADCURE-1020,62.9,50.0,Male,ECOG 0,Current,Oropharynx,T4a,N2b,0,train
614,RADCURE-0852,84.8,15.0,Male,ECOG 1,Ex-smoker,Oropharynx,T2,N2b,0,train
2049,RADCURE-2795,55.5,80.0,Male,ECOG 1,Ex-smoker,Oropharynx,T4a,N2c,0,train
397,RADCURE-0556,69.5,50.0,Male,ECOG 0,Current,Larynx,T2,N0,0,train
1498,RADCURE-2152,53.0,30.0,Male,ECOG 2,Current,Oropharynx,T2,N0,0,train
1461,RADCURE-2106,73.1,20.0,Female,ECOG 1,Current,Oropharynx,T3,N0,1,train
2898,RADCURE-4075,64.9,23.0,Male,ECOG 0,Current,Oropharynx,T2,N2a,0,train
476,RADCURE-0661,69.4,20.0,Male,ECOG 1,Current,Hypopharynx,T3,N2c,1,train
340,RADCURE-0476,75.7,50.0,Female,ECOG 0,Current,Oropharynx,T3,N0,1,train
42,RADCURE-0064,73.1,55.0,Male,ECOG 0,Ex-smoker,Larynx,T1a,N0,0,train
1416,RADCURE-2052,65.8,50.0,Male,ECOG 0,Current,Larynx,T3,N0,0,train
1762,RADCURE-2455,49.8,0.0,Female,ECOG 1,Non-smoker,Nasopharynx,T1,N3b,0,train
1151,RADCURE-1711,65.8,40.0,Male,ECOG 0,Current,Oropharynx,T2,N1,0,train
2257,RADCURE-3030,52.6,5.0,Male,ECOG 0,Ex-smoker,Nasopharynx,T3,N1,0,train
1388,RADCURE-2017,74.8,30.0,Male,ECOG 2,Ex-smoker,Oropharynx,T2,N2b,1,train
2519,RADCURE-3330,43.7,10.0,Male,ECOG 1,Ex-smoker,Nasopharynx,T4,N2,1,train
96,RADCURE-0143,61.1,0.0,Female,ECOG 3,Non-smoker,Lip & Oral Cavity,T2,N0,1,train
1723,RADCURE-2411,52.2,35.0,Male,ECOG 1,Current,Oropharynx,T2,N2b,1,train
1122,RADCURE-1671,50.7,0.0,Male,ECOG 0,Non-smoker,Nasopharynx,T4,N2,0,train
1009,RADCURE-1527,69.5,60.0,Male,ECOG 0,Current,Lip & Oral Cavity,T2,N2b,0,train
1502,RADCURE-2156,68.0,30.0,Male,ECOG 0,Current,Larynx,T3,N2c,0,train
1161,RADCURE-1724,64.2,25.0,Male,ECOG 1,Current,Larynx,T2,N0,0,train
2478,RADCURE-3282,67.8,0.0,Female,ECOG 1,Non-smoker,Hypopharynx,T4a,N2b,1,train
292,RADCURE-0412,59.2,0.0,Male,ECOG 0,Non-smoker,Oropharynx,T2,N2c,0,train
1917,RADCURE-2633,42.5,15.0,Male,ECOG 0,Current,Nasopharynx,T3,N2,0,train
1283,RADCURE-1886,56.7,15.0,Male,ECOG 0,Ex-smoker,Nasopharynx,T4,N2,0,train
1144,RADCURE-1699,58.8,60.0,Male,ECOG 0,Ex-smoker,Oropharynx,T3,N2b,0,train
962,RADCURE-1465,75.9,37.0,Female,ECOG 2,Current,Oropharynx,T3,N2c,1,train
2319,RADCURE-3103,57.4,20.0,Male,ECOG 1,Ex-smoker,Oropharynx,T3,N1,0,train
219,RADCURE-0312,71.3,0.0,Male,ECOG 1,Non-smoker,Unknown,T0,N2a,1,train
1614,RADCURE-2281,53.7,0.0,Female,ECOG 0,Non-smoker,Nasopharynx,T4,N0,0,train
1194,RADCURE-1765,62.9,50.0,Male,ECOG 0,Current,Larynx,T1a,N0,0,train
1040,RADCURE-1561,68.7,0.0,Female,ECOG 0,Non-smoker,Larynx,T3,N2c,0,train
2450,RADCURE-3251,39.2,1.0,Male,ECOG 1,Ex-smoker,Oropharynx,T4a,N2b,0,train
969,RADCURE-1476,44.4,20.0,Male,ECOG 0,Current,Larynx,T2,N2c,0,train
572,RADCURE-0793,64.8,,Male,ECOG 0,Ex-smoker,benign tumor,T1b,N0,0,train
1549,RADCURE-2211,64.3,60.0,Male,ECOG 0,Ex-smoker,Oropharynx,T3,N2c,0,train
711,RADCURE-0989,51.3,25.0,Male,ECOG 0,Current,Oropharynx,T3,N2c,0,train
845,RADCURE-1284,52.0,30.0,Male,ECOG 2,Current,Oropharynx,T4a,N0,1,train
2935,RADCURE-4127,52.4,30.0,Female,ECOG 0,Current,Oropharynx,T2,N2b,0,train
2453,RADCURE-3254,77.9,50.0,Male,ECOG 0,Current,Larynx,T3,N0,1,train
265,RADCURE-0371,51.3,0.0,Female,ECOG 0,Non-smoker,Nasopharynx,T3,N2,0,train
1309,RADCURE-1921,49.1,0.0,Male,ECOG 0,Non-smoker,Oropharynx,T2,N2a,0,train
189,RADCURE-0277,47.0,45.0,Male,ECOG 0,Current,Oropharynx,T3,N0,0,train
1059,RADCURE-1585,66.2,0.0,Female,ECOG 1,Non-smoker,Oropharynx,T4a,N0,0,train
423,RADCURE-0588,64.1,40.0,Male,ECOG 1,Current,Larynx,T1a,N0,1,train
1829,RADCURE-2531,62.5,100.0,Male,ECOG 0,Current,Larynx,T2,N0,1,train
1513,RADCURE-2167,51.9,50.0,Male,ECOG 2,Current,Oropharynx,T4a,N2b,1,train
343,RADCURE-0481,65.7,78.0,Male,ECOG 1,Current,Oropharynx,T3,N2c,0,train
2911,RADCURE-4090,65.4,0.0,Male,ECOG 0,Non-smoker,Paranasal Sinus,T1,N0,0,train
2465,RADCURE-3266,71.3,0.0,Male,ECOG 0,Non-smoker,Larynx,T2,N0,0,train
2107,RADCURE-2859,58.8,0.0,Male,ECOG 0,Non-smoker,Oropharynx,T2,N0,0,train
2788,RADCURE-3690,52.2,6.0,Male,ECOG 0,Ex-smoker,Unknown,T0,N2b,0,train
2135,RADCURE-2894,71.8,60.0,Male,ECOG 0,Current,Larynx,T3,N2b,0,train
1588,RADCURE-2253,55.5,30.0,Female,ECOG 0,Ex-smoker,Oropharynx,T2,N2b,0,train
1833,RADCURE-2536,69.9,45.0,Male,ECOG 1,Ex-smoker,Lip & Oral Cavity,T4a,N2c,1,train
2491,RADCURE-3299,72.8,50.0,Male,ECOG 1,Current,Oropharynx,T2,N2c,1,train
1746,RADCURE-2438,76.1,0.0,Male,ECOG 1,Non-smoker,Oropharynx,T4b,N2c,1,train
1579,RADCURE-2243,47.6,2.0,Female,ECOG 0,Non-smoker,Nasopharynx,T4,N0,0,train
1278,RADCURE-1879,47.2,30.0,Male,ECOG 0,Current,Oropharynx,T4a,N2c,0,train
2212,RADCURE-2982,47.2,0.0,Male,ECOG 0,Non-smoker,Oropharynx,T2,N2c,0,train
2463,RADCURE-3264,49.3,18.0,Male,ECOG 0,Current,Oropharynx,T3,N2c,0,train
2589,RADCURE-3419,61.1,40.0,Male,ECOG 0,Ex-smoker,Oropharynx,T1,N2a,0,train
1189,RADCURE-1758,57.4,40.0,Female,ECOG 0,Current,Larynx,T1,N0,0,train
65,RADCURE-0096,69.2,25.0,Female,ECOG 0,Current,Hypopharynx,T2,N0,0,train
551,RADCURE-0760,62.1,20.0,Male,ECOG 0,Ex-smoker,Oropharynx,T3,N2c,0,train
667,RADCURE-0935,61.4,0.0,Female,ECOG 0,Non-smoker,Nasopharynx,T2,N2,0,train
2617,RADCURE-3454,50.3,0.0,Male,ECOG 1,Non-smoker,Unknown,T0,N2b,0,train
1961,RADCURE-2687,66.2,0.0,Male,ECOG 0,Non-smoker,Unknown,T0,N3,0,train
664,RADCURE-0931,88.0,19.0,Male,ECOG 0,Ex-smoker,Larynx,T2,N0,0,train
2516,RADCURE-3327,67.2,50.0,Male,ECOG 0,Current,Hypopharynx,T2,N2b,0,train
2695,RADCURE-3564,67.6,18.0,Male,ECOG 0,Ex-smoker,Oropharynx,T1,N2b,0,train
2018,RADCURE-2760,59.1,0.0,Male,ECOG 0,Non-smoker,Oropharynx,T4a,N2b,0,train
1645,RADCURE-2320,75.8,30.0,Female,ECOG 2,Ex-smoker,Oropharynx,T4a,N2c,1,train
1779,RADCURE-2475,48.4,4.0,Female,ECOG 1,Ex-smoker,Unknown,T0,N1,0,train
1213,RADCURE-1788,45.9,0.0,Female,ECOG 0,Non-smoker,Nasopharynx,T1,N2,0,train
1326,RADCURE-1942,74.8,0.0,Female,ECOG 1,Non-smoker,Nasopharynx,T2,N3b,0,train
2608,RADCURE-3442,51.7,0.0,Male,ECOG 0,Non-smoker,Oropharynx,T3,N2b,0,train
930,RADCURE-1409,55.0,8.0,Female,ECOG 0,Ex-smoker,Oropharynx,T2,N2a,0,train
1569,RADCURE-2232,56.7,0.0,Male,ECOG 0,Non-smoker,Oropharynx,T2,N2b,0,train
539,RADCURE-0744,62.3,40.0,Male,ECOG 0,Current,Oropharynx,T1,N2b,0,train
2085,RADCURE-2834,57.8,0.0,Male,ECOG 0,Non-smoker,Oropharynx,T1,N2b,0,train
36,RADCURE-0057,65.7,40.0,Male,ECOG 1,Ex-smoker,Nasopharynx,Missing,N2,0,train
1255,RADCURE-1851,52.1,12.0,Female,ECOG 0,Current,Nasopharynx,T2,N3,0,train
2544,RADCURE-3364,72.7,45.0,Male,ECOG 0,Current,Oropharynx,T2,N1,1,train
1536,RADCURE-2194,48.1,0.0,Male,ECOG 1,Non-smoker,Oropharynx,T3,N2b,0,train
332,RADCURE-0465,68.5,0.0,Male,ECOG 0,Non-smoker,Oropharynx,T1,N1,0,train
264,RADCURE-0370,72.9,10.0,Male,ECOG 1,Ex-smoker,Paranasal Sinus,T4a,N2c,0,train
458,RADCURE-0634,59.1,20.0,Male,ECOG 2,Ex-smoker,Oropharynx,T3,N2b,0,train
1457,RADCURE-2101,74.1,55.0,Male,ECOG 0,Current,Oropharynx,T4a,N0,0,train
295,RADCURE-0415,75.5,40.0,Male,ECOG 0,Ex-smoker,Larynx,T1a,N0,0,train
2406,RADCURE-3200,58.9,0.0,Female,ECOG 1,Non-smoker,Skin,T2,N2c,0,train
2620,RADCURE-3457,60.0,40.0,Female,ECOG 1,Current,Oropharynx,T2,N2b,0,train
1110,RADCURE-1654,76.2,100.0,Male,ECOG 1,Current,Larynx,T1b,N0,0,train
2339,RADCURE-3126,69.1,20.0,Male,ECOG 0,Current,Nasopharynx,T3,N2,0,train
2829,RADCURE-3777,45.0,4.0,Male,ECOG 0,Ex-smoker,Oropharynx,T2,N3,0,train
1983,RADCURE-2717,62.4,30.0,Male,ECOG 0,Current,Nasopharynx,T1,N2,0,train
80,RADCURE-0119,62.4,100.0,Male,ECOG 2,Current,Larynx,T1b,N0,0,train
1727,RADCURE-2415,69.0,0.0,Male,ECOG 0,Non-smoker,Oropharynx,T3,N2b,0,train
125,RADCURE-0188,68.1,0.0,Male,ECOG 0,Non-smoker,Oropharynx,T4a,N2c,1,train
1031,RADCURE-1551,63.0,40.0,Female,ECOG 0,Current,Oropharynx,T3,N2a,0,train
1598,RADCURE-2263,61.8,20.0,Female,ECOG 0,Ex-smoker,Unknown,T0,N2b,0,train
85,RADCURE-0124,60.3,20.0,Female,ECOG 2,Ex-smoker,Oropharynx,T4b,N3,0,train
2480,RADCURE-3287,90.0,1.0,Female,ECOG 0,Ex-smoker,Nasal Cavity,T1,N0,0,train
182,RADCURE-0264,53.9,0.0,Male,ECOG 0,Non-smoker,Nasopharynx,T4,N2,0,train
2410,RADCURE-3204,49.9,1.0,Male,ECOG 0,Ex-smoker,Nasopharynx,T2,N3b,0,train
998,RADCURE-1509,71.6,115.0,Female,ECOG 1,Current,Oropharynx,T2,N0,0,train
824,RADCURE-1254,40.9,26.0,Male,ECOG 0,Current,Oropharynx,T2,N2b,0,train
2238,RADCURE-3010,55.6,10.0,Male,ECOG 0,Current,Larynx,T1a,N0,0,train
2000,RADCURE-2737,55.8,18.0,Male,ECOG 1,Current,Larynx,T3,N0,0,train
1460,RADCURE-2104,75.3,60.0,Male,ECOG 2,Ex-smoker,Larynx,T3,N2c,0,train
2582,RADCURE-3409,57.2,40.0,Male,ECOG 0,Current,Hypopharynx,T2,N2b,0,train
1057,RADCURE-1583,66.8,35.0,Male,ECOG 1,Ex-smoker,Oropharynx,T4a,N2b,0,train
1516,RADCURE-2170,55.0,30.0,Female,ECOG 1,Ex-smoker,Oropharynx,T2,N2c,0,train
91,RADCURE-0134,63.2,43.0,Male,ECOG 0,Ex-smoker,Oropharynx,T4a,N2c,0,train
2305,RADCURE-3086,72.9,8.0,Male,ECOG 0,Current,Oropharynx,T3,N0,0,train
1303,RADCURE-1913,74.8,50.0,Male,ECOG 1,Current,Larynx,T4a,N0,0,train
2313,RADCURE-3096,74.2,120.0,Male,ECOG 1,Current,Oropharynx,T3,N0,1,train
2707,RADCURE-3579,27.5,,Male,ECOG 0,Non-smoker,Nasopharynx,T4,N2,0,train
1749,RADCURE-2442,52.8,15.0,Male,ECOG 1,Current,Oropharynx,T3,N2b,1,train
743,RADCURE-1035,48.4,0.0,Male,ECOG 0,Non-smoker,Nasopharynx,T1,N2,0,train
2435,RADCURE-3231,58.8,0.0,Male,ECOG 0,Non-smoker,Oropharynx,T2,N0,0,train
2869,RADCURE-4040,61.5,26.0,Male,ECOG 1,Ex-smoker,Oropharynx,T2,N2a,0,train
1500,RADCURE-2154,63.2,50.0,Male,ECOG 1,Ex-smoker,Oropharynx,T4a,N2c,1,train
2672,RADCURE-3529,76.2,30.0,Female,ECOG 1,Current,Nasopharynx,T3,N0,0,train
159,RADCURE-0236,71.2,40.0,Male,ECOG 1,Ex-smoker,Larynx,T1a,N0,0,train
681,RADCURE-0953,63.6,40.0,Male,ECOG 0,Ex-smoker,Larynx,T1a,N0,0,train
2878,RADCURE-4052,71.1,20.0,Male,ECOG 0,Ex-smoker,Lip & Oral Cavity,T2,N0,0,train
2202,RADCURE-2971,38.6,15.0,Male,ECOG 0,Current,Oropharynx,T2,N0,0,train
1737,RADCURE-2427,49.5,0.0,Male,ECOG 0,Non-smoker,Oropharynx,T1,N2b,0,train
1962,RADCURE-2688,58.1,50.0,Female,ECOG 1,Ex-smoker,Oropharynx,T2,N2b,0,train
25,RADCURE-0043,66.7,40.0,Female,ECOG 1,Current,Oropharynx,T3,N0,1,train
2482,RADCURE-3289,37.5,0.0,Male,ECOG 0,Non-smoker,Nasopharynx,T1,N3a,0,train
1889,RADCURE-2602,75.0,55.0,Male,ECOG 0,Ex-smoker,Larynx,T1a,N0,0,train
2798,RADCURE-3708,27.4,5.0,Male,ECOG 1,Ex-smoker,Larynx,T3,N0,0,train
358,RADCURE-0503,69.0,60.0,Female,ECOG 0,Current,Larynx,T3,N2c,0,train
2718,RADCURE-3593,56.5,25.0,Male,ECOG 0,Current,Nasal Cavity,T4a,N0,0,train
1781,RADCURE-2477,72.3,60.0,Female,ECOG 0,Current,Hypopharynx,T2,N2a,0,train
2759,RADCURE-3649,81.0,40.0,Male,ECOG 0,Ex-smoker,Larynx,T2,N2b,0,train
1485,RADCURE-2134,46.5,10.0,Male,ECOG 0,Ex-smoker,Oropharynx,T1,N2b,1,train
157,RADCURE-0233,60.8,45.0,Female,ECOG 0,Current,Oropharynx,T2,N1,0,train
1207,RADCURE-1782,76.0,28.0,Female,ECOG 1,Current,Unknown,T0,N2b,0,train
579,RADCURE-0802,33.0,11.0,Male,ECOG 1,Current,Oropharynx,T4a,N0,1,train
1759,RADCURE-2452,61.3,40.0,Male,ECOG 0,Ex-smoker,Larynx,T1a,N0,0,train
134,RADCURE-0201,61.0,40.0,Female,ECOG 1,Ex-smoker,Oropharynx,T1,N2b,1,train
267,RADCURE-0376,52.2,20.0,Male,ECOG 1,Current,Hypopharynx,T3,N2b,1,train
2919,RADCURE-4102,68.6,45.0,Male,ECOG 1,Current,Oropharynx,T4a,N2b,0,train
697,RADCURE-0974,71.0,0.0,Male,ECOG 1,Non-smoker,Oropharynx,T1,N2b,0,train
2457,RADCURE-3258,54.3,0.0,Male,ECOG 0,Non-smoker,Oropharynx,T3,N3,0,train
37,RADCURE-0058,57.2,15.0,Male,ECOG 0,Ex-smoker,Oropharynx,T2,N0,0,train
2233,RADCURE-3005,59.0,60.0,Male,ECOG 0,Current,Oropharynx,T3,N2c,0,train
1838,RADCURE-2542,49.1,20.0,Male,ECOG 0,Current,Larynx,T1b,N0,0,train
1561,RADCURE-2223,64.3,45.0,Male,ECOG 0,Current,Oropharynx,T2,N2b,0,train
2885,RADCURE-4062,63.6,40.0,Female,ECOG 1,Current,Larynx,T2,N2b,1,train
173,RADCURE-0254,71.7,30.0,Male,ECOG 0,Ex-smoker,Larynx,Tis,N0,1,train
372,RADCURE-0524,42.8,30.0,Female,ECOG 1,Current,Oropharynx,T4a,N2c,1,train
1775,RADCURE-2471,73.8,0.0,Male,ECOG 0,Non-smoker,Nasopharynx,T1,N2,1,train
374,RADCURE-0526,78.2,30.0,Male,ECOG 0,Ex-smoker,Larynx,T1b,N0,0,train
788,RADCURE-1118,73.9,40.0,Male,ECOG 1,Ex-smoker,Oropharynx,T4a,N2c,1,train
2757,RADCURE-3647,53.6,0.0,Male,ECOG 0,Non-smoker,Nasopharynx,T4,N1,0,train
1138,RADCURE-1692,46.7,0.0,Male,ECOG 0,Non-smoker,Oropharynx,T1,N2c,0,train
2836,RADCURE-3792,67.1,30.0,Female,ECOG 0,Current,Oropharynx,T2,N2b,0,train
387,RADCURE-0544,61.2,0.0,Male,ECOG 0,Non-smoker,Oropharynx,T4a,N2b,0,train
2130,RADCURE-2889,79.7,90.0,Male,ECOG 1,Ex-smoker,Oropharynx,T3,N2c,0,train
1524,RADCURE-2179,51.9,70.0,Male,ECOG 0,Current,Larynx,T3,N0,0,train
1097,RADCURE-1635,62.9,25.0,Male,ECOG 1,Ex-smoker,Larynx,T1a,N0,0,train
1380,RADCURE-2007,47.5,0.0,Female,ECOG 0,Non-smoker,Oropharynx,T1,N3,0,train
1592,RADCURE-2257,43.1,33.0,Male,ECOG 0,Current,Oropharynx,T4b,N3,0,train
1146,RADCURE-1701,55.1,60.0,Male,Missing,Current,Oropharynx,T3,N0,0,train
1134,RADCURE-1686,58.6,0.0,Male,ECOG 1,Non-smoker,Oropharynx,T2,N2b,0,train
723,RADCURE-1005,54.9,36.0,Male,ECOG 0,Ex-smoker,Oropharynx,T1,N2b,1,train
119,RADCURE-0177,55.9,25.0,Female,ECOG 1,Ex-smoker,Larynx,T3,N2b,0,train
2497,RADCURE-3307,63.0,0.0,Male,ECOG 0,Non-smoker,Oropharynx,T2,N2b,0,train
231,RADCURE-0326,78.9,30.0,Female,ECOG 0,Ex-smoker,Lip & Oral Cavity,T3,N1,1,train
1164,RADCURE-1728,79.8,120.0,Male,ECOG 0,Ex-smoker,Larynx,T2,N2c,1,train
894,RADCURE-1360,89.2,2.0,Female,ECOG 0,Ex-smoker,Oropharynx,T3,N1,1,train
2509,RADCURE-3319,48.6,28.0,Male,ECOG 0,Current,Oropharynx,T2,N2b,0,train
1488,RADCURE-2141,61.6,20.0,Male,ECOG 1,Ex-smoker,Nasopharynx,T4,N2,0,train
1676,RADCURE-2356,44.9,2.0,Male,ECOG 1,Ex-smoker,Nasopharynx,T1,N0,0,train
2106,RADCURE-2857,38.5,20.0,Male,ECOG 0,Current,Larynx,T1b,N0,0,train
2755,RADCURE-3645,65.3,5.0,Male,ECOG 0,Ex-smoker,Oropharynx,T1,N2b,0,train
2412,RADCURE-3206,57.4,30.0,Male,ECOG 0,Ex-smoker,Oropharynx,T1,N2b,0,train
415,RADCURE-0577,78.3,40.0,Male,ECOG 0,Ex-smoker,Unknown,T0,N1,0,train
2326,RADCURE-3111,56.6,0.0,Male,ECOG 0,Non-smoker,Oropharynx,T1,N2b,0,train
869,RADCURE-1323,57.7,32.0,Male,ECOG 1,Ex-smoker,Oropharynx,T3,N2c,1,train
118,RADCURE-0176,56.2,0.0,Male,ECOG 1,Non-smoker,Oropharynx,T4a,N2c,0,train
1796,RADCURE-2493,55.1,20.0,Male,ECOG 1,Current,Oropharynx,T2,N2c,1,train
2338,RADCURE-3124,48.8,0.0,Male,ECOG 0,Non-smoker,Larynx,T1b,N0,0,train
703,RADCURE-0980,62.5,50.0,Male,ECOG 3,Current,Oropharynx,T4a,N2b,1,train
2112,RADCURE-2864,71.2,20.0,Male,ECOG 1,Ex-smoker,Oropharynx,T1,N2b,1,train
1944,RADCURE-2666,48.7,7.0,Male,ECOG 0,Ex-smoker,Oropharynx,T3,N2c,0,train
2216,RADCURE-2987,51.6,0.0,Male,ECOG 0,Non-smoker,Oropharynx,T2,N2b,0,train
1257,RADCURE-1853,56.7,20.0,Male,ECOG 0,Ex-smoker,Paranasal Sinus,T4,N2c,0,train
768,RADCURE-1070,65.1,0.0,Male,ECOG 0,Non-smoker,Hypopharynx,T4a,N1,0,train
593,RADCURE-0821,63.3,2.5,Male,ECOG 0,Ex-smoker,Larynx,T2,N0,0,train
1640,RADCURE-2313,63.2,15.0,Male,ECOG 0,Ex-smoker,Oropharynx,T2,N2b,0,train
273,RADCURE-0386,85.0,0.0,Male,ECOG 0,Non-smoker,Lip & Oral Cavity,T4a,N2a,1,train
290,RADCURE-0408,70.5,17.5,Male,ECOG 0,Ex-smoker,Larynx,T2,N0,0,train
546,RADCURE-0751,45.0,25.0,Male,ECOG 1,Current,Oropharynx,T3,N2b,1,train
2175,RADCURE-2939,57.2,0.0,Male,ECOG 0,Non-smoker,Oropharynx,T3,N3,0,train
2804,RADCURE-3719,76.2,20.0,Male,ECOG 1,Ex-smoker,Larynx,T1b,N0,0,train
1462,RADCURE-2107,69.8,100.0,Male,ECOG 2,Current,Oropharynx,T3,N2c,1,train
2358,RADCURE-3146,52.4,28.0,Female,ECOG 1,Current,Oropharynx,T4a,N2c,0,train
838,RADCURE-1273,33.1,0.0,Female,ECOG 0,Non-smoker,Oropharynx,T3,N0,0,train
1530,RADCURE-2187,62.5,0.0,Male,ECOG 0,Non-smoker,Oropharynx,T3,N2b,0,train
634,RADCURE-0892,42.3,0.0,Female,ECOG 0,Non-smoker,Nasopharynx,T1,N1,0,train
1823,RADCURE-2525,35.5,15.0,Female,ECOG 0,Ex-smoker,Oropharynx,T3,N2b,0,train
298,RADCURE-0420,64.1,50.0,Female,ECOG 0,Current,Esophagus,T3,N1,0,train
1321,RADCURE-1935,55.7,20.0,Male,ECOG 0,Current,Larynx,T3,N2b,0,train
2411,RADCURE-3205,45.2,0.0,Male,ECOG 0,Non-smoker,Paranasal Sinus,T4a,N2b,0,train
1291,RADCURE-1894,80.2,0.0,Male,ECOG 1,Non-smoker,Oropharynx,T4a,N0,1,train
509,RADCURE-0703,48.9,0.0,Male,ECOG 0,Non-smoker,Larynx,T1a,N0,0,train
342,RADCURE-0480,69.0,0.0,Male,ECOG 0,Non-smoker,Oropharynx,T2,N1,0,train
1635,RADCURE-2307,53.8,10.0,Male,ECOG 0,Ex-smoker,Larynx,T1b,N0,0,train
1948,RADCURE-2670,58.5,40.0,Female,ECOG 0,Ex-smoker,Larynx,T1a,N0,0,train
2647,RADCURE-3498,51.4,50.0,Male,ECOG 0,Ex-smoker,Oropharynx,T4a,N2c,0,train
899,RADCURE-1365,80.5,0.0,Male,ECOG 0,Non-smoker,Oropharynx,T2,N2b,0,train
1551,RADCURE-2213,59.7,0.0,Male,ECOG 0,Non-smoker,Oropharynx,T2,N2a,0,train
1999,RADCURE-2735,78.2,50.0,Male,ECOG 1,Ex-smoker,Larynx,T4a,N2b,1,train
1217,RADCURE-1792,60.5,0.0,Female,ECOG 1,Non-smoker,Lip & Oral Cavity,T3,N2b,0,train
1724,RADCURE-2412,59.8,0.0,Female,ECOG 0,Non-smoker,Oropharynx,T2,N2b,0,train
421,RADCURE-0584,65.6,60.0,Male,Missing,Current,Hypopharynx,T1,N3,1,train
2746,RADCURE-3632,72.8,20.0,Male,ECOG 0,Current,Larynx,T2,N0,0,train
1609,RADCURE-2276,68.1,25.0,Female,ECOG 0,Current,Lip & Oral Cavity,T3,N0,0,train
2858,RADCURE-4026,74.9,15.0,Female,ECOG 1,Current,Larynx,T2,N0,1,train
1631,RADCURE-2302,53.4,30.0,Female,ECOG 0,Ex-smoker,Oropharynx,T4a,N0,1,train
1987,RADCURE-2721,42.5,0.0,Female,ECOG 0,Non-smoker,Nasopharynx,T3,N2,0,train
33,RADCURE-0054,58.5,30.0,Male,ECOG 0,Current,Larynx,T2,N0,0,train
1028,RADCURE-1547,71.6,30.0,Male,ECOG 2,Ex-smoker,Oropharynx,T3,N2b,0,train
479,RADCURE-0664,73.7,50.0,Female,ECOG 0,Current,Larynx,T3,N0,1,train
386,RADCURE-0543,82.0,60.0,Male,ECOG 2,Ex-smoker,Larynx,T2,N0,0,train
62,RADCURE-0090,50.0,0.0,Male,ECOG 0,Non-smoker,Oropharynx,T4b,N2c,0,train
524,RADCURE-0726,73.7,1.5,Female,ECOG 1,Current,Unknown,T0,N2a,0,train
126,RADCURE-0191,62.6,0.0,Male,ECOG 0,Non-smoker,Oropharynx,T3,N2b,0,train
2642,RADCURE-3491,61.9,15.0,Male,ECOG 0,Current,Esophagus,T2,N0,0,train
1744,RADCURE-2436,48.5,0.0,Female,ECOG 0,Non-smoker,Nasopharynx,T4,N2,0,train
408,RADCURE-0570,67.6,35.0,Male,ECOG 0,Current,Larynx,T2,N0,0,train
2342,RADCURE-3129,64.7,6.0,Male,ECOG 1,Ex-smoker,Nasopharynx,T4,N2,0,train
1898,RADCURE-2612,56.2,35.0,Female,ECOG 1,Current,Larynx,T1a,N0,0,train
1459,RADCURE-2103,67.9,30.0,Male,ECOG 2,Ex-smoker,Esophagus,Missing,Missing,1,train
2281,RADCURE-3058,32.1,0.0,Female,ECOG 0,Non-smoker,Nasopharynx,T3,N2,0,train
1078,RADCURE-1611,65.1,20.0,Male,ECOG 0,Ex-smoker,Unknown,T0,N3,1,train
1410,RADCURE-2044,61.9,50.0,Male,ECOG 1,Ex-smoker,Hypopharynx,T3,N2b,1,train
903,RADCURE-1370,50.5,70.0,Male,ECOG 0,Ex-smoker,Larynx,T2,N3,0,train
2671,RADCURE-3528,57.4,11.0,Female,ECOG 0,Current,Oropharynx,T1,N1,0,train
811,RADCURE-1230,75.3,70.0,Male,ECOG 1,Ex-smoker,Lip & Oral Cavity,T1,N0,0,train
393,RADCURE-0551,56.7,40.0,Male,ECOG 2,Current,Oropharynx,T2,N3,0,train
2591,RADCURE-3421,67.8,20.0,Male,ECOG 0,Ex-smoker,Oropharynx,T2,N0,0,train
2728,RADCURE-3605,71.1,0.0,Male,ECOG 1,Non-smoker,Oropharynx,T4a,N2c,0,train
2334,RADCURE-3120,47.9,30.0,Male,ECOG 1,Current,Oropharynx,T4b,N2b,1,train
2438,RADCURE-3237,37.9,0.0,Male,ECOG 0,Non-smoker,Nasopharynx,T1,N1,0,train
177,RADCURE-0258,87.4,25.0,Female,ECOG 1,Ex-smoker,Esophagus,T4,N0,0,train
2349,RADCURE-3137,59.6,15.0,Male,ECOG 0,Ex-smoker,Oropharynx,T1,N2c,0,train
356,RADCURE-0500,64.9,60.0,Male,ECOG 0,Current,Larynx,T2,N0,0,train
41,RADCURE-0063,78.1,35.0,Male,ECOG 0,Ex-smoker,Larynx,T2,N0,0,train
797,RADCURE-1187,57.1,15.0,Male,ECOG 0,Ex-smoker,Oropharynx,T3,N2c,0,train
246,RADCURE-0348,78.6,45.0,Male,ECOG 1,Current,Larynx,T1a,N0,1,train
1415,RADCURE-2050,57.5,0.0,Female,ECOG 1,Non-smoker,Nasopharynx,T3,N2,0,train
709,RADCURE-0987,68.4,50.0,Male,ECOG 0,Ex-smoker,Larynx,T1b,N0,0,train
1578,RADCURE-2242,80.1,20.0,Male,ECOG 1,Ex-smoker,Larynx,T3,N0,0,train
283,RADCURE-0397,57.2,0.0,Male,ECOG 0,Non-smoker,Oropharynx,T1,N1,0,train
1837,RADCURE-2541,62.9,0.0,Male,ECOG 1,Non-smoker,Esophagus,T2,N3,1,train
2790,RADCURE-3693,62.2,0.0,Male,ECOG 0,Non-smoker,Oropharynx,T1,N2b,0,train
381,RADCURE-0535,53.3,30.0,Female,ECOG 0,Ex-smoker,Oropharynx,T1,N0,0,train
193,RADCURE-0281,77.2,40.0,Female,Missing,Current,Oropharynx,T4b,N2b,0,train
2019,RADCURE-2761,63.9,0.0,Male,ECOG 2,Non-smoker,Oropharynx,T4a,N2b,0,train
2526,RADCURE-3340,59.0,38.0,Male,ECOG 2,Current,Oropharynx,T4b,N3,0,train
1660,RADCURE-2337,56.1,2.5,Male,ECOG 1,Ex-smoker,Oropharynx,T2,N2c,0,train
2309,RADCURE-3090,67.5,40.0,Male,ECOG 1,Current,Hypopharynx,T4b,N2c,0,train
278,RADCURE-0392,64.3,30.0,Male,ECOG 0,Ex-smoker,Oropharynx,T3,N2c,0,train
2074,RADCURE-2821,68.3,10.0,Male,ECOG 1,Ex-smoker,Hypopharynx,T2,N2b,0,train
224,RADCURE-0317,50.1,5.0,Female,ECOG 0,Ex-smoker,Larynx,T1,N0,0,train
2833,RADCURE-3788,64.8,40.0,Male,ECOG 0,Current,Nasopharynx,T1,N2,0,train
436,RADCURE-0605,50.5,0.0,Male,ECOG 0,Non-smoker,Oropharynx,T2,N2c,0,train
1720,RADCURE-2407,54.2,0.0,Female,ECOG 1,Non-smoker,Nasopharynx,T1,N1,0,train
2543,RADCURE-3363,61.6,45.0,Male,ECOG 0,Current,Larynx,T2,N0,0,train
413,RADCURE-0575,77.6,40.0,Male,ECOG 0,Ex-smoker,Hypopharynx,T1,N0,0,train
211,RADCURE-0303,66.7,50.0,Male,ECOG 0,Current,Larynx,T3,N0,0,train
1259,RADCURE-1856,70.1,50.0,Male,ECOG 1,Current,Larynx,T1a,N0,0,train
473,RADCURE-0657,50.6,0.0,Male,ECOG 0,Non-smoker,Oropharynx,T2,N2b,0,train
309,RADCURE-0435,83.3,10.0,Female,ECOG 2,Ex-smoker,Oropharynx,T2,N0,0,train
2498,RADCURE-3308,62.4,28.0,Female,ECOG 0,Ex-smoker,Nasopharynx,T1,N2,0,train
987,RADCURE-1497,85.6,35.0,Male,ECOG 0,Ex-smoker,Oropharynx,T1,N1,1,train
1316,RADCURE-1930,61.3,0.0,Male,ECOG 0,Non-smoker,Oropharynx,T2,N2a,0,train
69,RADCURE-0102,79.8,17.0,Male,ECOG 2,Ex-smoker,Larynx,T3,N0,0,train
1005,RADCURE-1522,62.3,10.0,Male,ECOG 0,Ex-smoker,Larynx,T2,N0,0,train
1613,RADCURE-2280,54.4,20.0,Male,ECOG 2,Ex-smoker,Larynx,T2,N0,0,train
2191,RADCURE-2957,55.8,30.0,Male,ECOG 1,Current,Oropharynx,T1,N3,0,train
2007,RADCURE-2745,48.4,27.0,Female,ECOG 0,Current,Oropharynx,T2,N0,0,train
1541,RADCURE-2201,84.8,50.0,Male,ECOG 0,Ex-smoker,Larynx,T1b,N0,0,train
535,RADCURE-0738,79.5,55.0,Male,ECOG 0,Ex-smoker,Larynx,Tis,N0,1,train
1711,RADCURE-2398,65.7,30.0,Male,ECOG 0,Ex-smoker,Unknown,T0,N2c,0,train
326,RADCURE-0456,56.0,0.3,Male,ECOG 0,Current,Oropharynx,T4a,N2c,0,train
2220,RADCURE-2991,83.2,60.0,Male,ECOG 1,Ex-smoker,Larynx,T3,N2b,1,train
1563,RADCURE-2225,57.7,80.0,Male,ECOG 0,Current,Larynx,T2,N0,0,train
2914,RADCURE-4093,82.7,75.0,Male,ECOG 0,Ex-smoker,Larynx,T2,N0,1,train
1152,RADCURE-1714,60.3,0.0,Male,ECOG 0,Non-smoker,Nasopharynx,T1,N1,0,train
693,RADCURE-0968,56.3,20.0,Male,ECOG 1,Ex-smoker,Oropharynx,T3,N2b,0,train
2186,RADCURE-2952,77.2,30.0,Male,ECOG 1,Ex-smoker,Nasopharynx,T2,N1,0,train
590,RADCURE-0816,81.0,0.0,Male,ECOG 0,Non-smoker,Larynx,T1a,N0,0,train
2217,RADCURE-2988,52.5,5.0,Male,ECOG 1,Ex-smoker,Oropharynx,T2,N2c,0,train
2153,RADCURE-2917,59.2,9.0,Male,ECOG 1,Ex-smoker,Oropharynx,T3,N2b,0,train
379,RADCURE-0531,78.8,0.0,Female,ECOG 0,Non-smoker,Hypopharynx,T4a,N2b,1,train
2159,RADCURE-2923,61.5,0.0,Male,ECOG 0,Non-smoker,Nasopharynx,T3,N1,0,train
2280,RADCURE-3057,44.2,15.0,Male,ECOG 0,Current,Oropharynx,T2,N2a,0,train
1400,RADCURE-2031,70.6,15.0,Male,ECOG 0,Ex-smoker,Oropharynx,T2,N0,0,train
2320,RADCURE-3104,74.1,0.0,Male,ECOG 0,Non-smoker,Larynx,T1a,N0,0,train
48,RADCURE-0074,58.3,45.0,Female,ECOG 1,Current,Oropharynx,T2,N2b,0,train
1048,RADCURE-1570,74.1,30.0,Male,ECOG 0,Ex-smoker,Larynx,Tis,N0,0,train
2553,RADCURE-3375,61.3,40.0,Female,ECOG 1,Current,Nasal Cavity,T3,N0,0,train
816,RADCURE-1242,52.5,0.0,Male,ECOG 0,Non-smoker,Oropharynx,T1,N2b,0,train
8,RADCURE-0014,70.8,20.0,Male,ECOG 1,Ex-smoker,Lip & Oral Cavity,T4a,N1,1,train
2686,RADCURE-3551,62.2,0.0,Male,ECOG 0,Non-smoker,Oropharynx,T3,N2c,0,train
619,RADCURE-0864,50.6,40.0,Male,Missing,Current,Hypopharynx,T2,N0,0,train
1163,RADCURE-1726,81.9,20.0,Male,ECOG 2,Ex-smoker,Larynx,T4a,N1,1,train
163,RADCURE-0242,68.2,0.0,Male,ECOG 0,Non-smoker,Oropharynx,T2,N2b,0,train
1767,RADCURE-2460,65.2,20.0,Male,ECOG 2,Current,Unknown,T0,N2b,0,train
730,RADCURE-1017,74.1,50.0,Male,ECOG 0,Current,Oropharynx,T3,N0,1,train
310,RADCURE-0436,43.8,0.0,Male,ECOG 2,Non-smoker,Oropharynx,T3,N0,0,train
591,RADCURE-0817,81.0,33.0,Male,ECOG 1,Current,Oropharynx,T2,N0,0,train
764,RADCURE-1064,67.2,17.0,Male,ECOG 0,Ex-smoker,Larynx,T1a,N0,0,train
280,RADCURE-0394,55.5,45.0,Male,ECOG 1,Current,Nasopharynx,T4,N2,0,train
1589,RADCURE-2254,51.2,0.0,Male,ECOG 0,Non-smoker,Oropharynx,T1,N1,0,train
810,RADCURE-1229,68.0,5.0,Female,ECOG 0,Ex-smoker,Hypopharynx,T2,N1,1,train
2737,RADCURE-3619,77.1,0.0,Male,ECOG 1,Non-smoker,Nasal Cavity,T1,N0,0,train
442,RADCURE-0612,51.6,0.0,Male,ECOG 1,Non-smoker,Hypopharynx,T4a,N2c,0,train
1770,RADCURE-2465,49.9,0.0,Male,ECOG 1,Non-smoker,Oropharynx,T4a,N2c,0,train
751,RADCURE-1048,73.2,50.0,Male,ECOG 1,Ex-smoker,Oropharynx,T2,N2b,0,train
2150,RADCURE-2913,52.8,50.0,Male,ECOG 1,Current,Hypopharynx,T4b,N2c,0,train
2566,RADCURE-3392,68.4,2.0,Male,ECOG 0,Ex-smoker,Oropharynx,T2,N2b,0,train
1586,RADCURE-2251,54.7,0.0,Male,ECOG 2,Non-smoker,Oropharynx,T2,N3,0,train
1971,RADCURE-2702,57.7,5.0,Male,ECOG 0,Current,Oropharynx,T3,N1,0,train
2585,RADCURE-3413,57.5,0.0,Male,ECOG 0,Non-smoker,Oropharynx,T3,N2b,0,train
2735,RADCURE-3616,66.0,15.0,Male,ECOG 1,Current,Larynx,T4a,N1,0,train
2903,RADCURE-4081,64.0,30.0,Male,ECOG 2,Current,Larynx,T2,N0,0,train
1305,RADCURE-1916,52.7,50.0,Male,ECOG 0,Current,Oropharynx,T4b,N2c,0,train
451,RADCURE-0626,49.4,0.0,Male,ECOG 1,Non-smoker,Nasopharynx,T2,N1,0,train
2597,RADCURE-3428,55.9,45.0,Male,ECOG 1,Current,Oropharynx,T3,N2c,0,train
2572,RADCURE-3399,54.3,10.0,Female,ECOG 0,Ex-smoker,Oropharynx,T3,N2b,0,train
12,RADCURE-0021,69.3,0.0,Male,ECOG 0,Non-smoker,Oropharynx,T4a,N2b,0,train
456,RADCURE-0632,50.0,0.0,Male,ECOG 0,Non-smoker,Larynx,T2,N0,0,train
1136,RADCURE-1689,56.0,0.0,Male,ECOG 0,Non-smoker,Nasopharynx,T1,N2,0,train
2826,RADCURE-3774,71.4,0.0,Male,ECOG 0,Non-smoker,Oropharynx,T1,N2c,0,train
2733,RADCURE-3614,52.3,1.0,Male,ECOG 0,Current,Oropharynx,T1,N2b,0,train
2754,RADCURE-3644,67.8,0.0,Male,ECOG 0,Non-smoker,Oropharynx,T3,N2c,0,train
2025,RADCURE-2767,55.6,20.0,Male,ECOG 0,Ex-smoker,Nasopharynx,T3,N3b,0,train
378,RADCURE-0530,58.1,35.0,Male,ECOG 1,Ex-smoker,Oropharynx,T4a,N3,0,train
287,RADCURE-0405,69.9,50.0,Male,ECOG 1,Current,Larynx,T3,N0,1,train
2666,RADCURE-3522,72.2,0.0,Male,ECOG 1,Non-smoker,Salivary Glands,T2,N0,0,train
2371,RADCURE-3161,56.4,36.0,Male,ECOG 1,Current,Oropharynx,T2,N2b,0,train
988,RADCURE-1498,58.7,0.0,Male,ECOG 0,Non-smoker,Oropharynx,T2,N2b,0,train
2500,RADCURE-3310,68.6,0.0,Male,ECOG 1,Non-smoker,Hypopharynx,T3,N3,0,train
821,RADCURE-1251,72.6,20.0,Male,ECOG 0,Ex-smoker,Oropharynx,T2,N2b,0,train
1741,RADCURE-2433,65.4,10.0,Male,ECOG 0,Ex-smoker,Unknown,T0,N2b,0,train
68,RADCURE-0100,60.7,10.0,Male,ECOG 0,Ex-smoker,Oropharynx,T2,N1,0,train
814,RADCURE-1236,49.8,40.0,Female,ECOG 1,Current,Larynx,T2,N0,0,train
1669,RADCURE-2349,65.1,40.0,Male,ECOG 0,Ex-smoker,Larynx,T2,N0,0,train
1974,RADCURE-2705,56.7,18.0,Male,ECOG 0,Current,Oropharynx,T1,N2b,0,train
2930,RADCURE-4122,60.5,80.0,Male,ECOG 0,Current,Larynx,T1a,N0,0,train
333,RADCURE-0467,59.5,0.0,Male,ECOG 0,Non-smoker,Oropharynx,T1,N2b,0,train
2786,RADCURE-3687,85.6,36.0,Male,ECOG 1,Ex-smoker,Oropharynx,T1,N2b,0,train
963,RADCURE-1466,60.3,70.0,Male,ECOG 0,Current,Larynx,T3,N0,1,train
213,RADCURE-0305,49.7,0.0,Female,ECOG 1,Non-smoker,Nasopharynx,T1,N2,0,train
2604,RADCURE-3438,68.4,0.0,Male,ECOG 0,Non-smoker,Oropharynx,T2,N1,0,train
1543,RADCURE-2203,59.7,0.0,Male,ECOG 0,Non-smoker,Oropharynx,T3,N2c,1,train
1421,RADCURE-2057,62.6,80.0,Male,ECOG 2,Ex-smoker,Oropharynx,T4a,N2b,0,train
1557,RADCURE-2219,28.3,12.0,Male,ECOG 0,Current,Nasopharynx,T3,N2,0,train
1066,RADCURE-1594,60.8,0.0,Female,ECOG 0,Non-smoker,Oropharynx,T2,N2c,0,train
825,RADCURE-1259,50.8,20.0,Male,ECOG 1,Ex-smoker,Oropharynx,T3,N2b,0,train
2507,RADCURE-3317,56.6,40.0,Male,ECOG 0,Current,Oropharynx,T2,N2b,0,train
1542,RADCURE-2202,74.5,60.0,Male,ECOG 1,Ex-smoker,Larynx,T3,N0,0,train
1975,RADCURE-2707,51.1,40.0,Male,ECOG 1,Current,Oropharynx,T2,N2b,0,train
1166,RADCURE-1730,54.2,40.0,Male,ECOG 0,Current,Oropharynx,T2,N2c,0,train
1574,RADCURE-2237,59.3,40.0,Female,ECOG 2,Current,Larynx,T4a,N2c,0,train
1925,RADCURE-2643,62.8,30.0,Male,ECOG 0,Ex-smoker,Larynx,T3,N0,0,train
2064,RADCURE-2810,57.5,5.0,Male,ECOG 0,Ex-smoker,Oropharynx,T1,N2b,0,train
1507,RADCURE-2161,75.3,15.0,Male,ECOG 1,Ex-smoker,Larynx,T2,N0,0,train
2166,RADCURE-2930,45.7,30.0,Female,ECOG 1,Current,Oropharynx,T2,N2b,0,train
1844,RADCURE-2552,69.8,40.0,Male,ECOG 0,Ex-smoker,Larynx,T2,N0,1,train
1848,RADCURE-2557,64.4,100.0,Male,ECOG 0,Current,Lip & Oral Cavity,T2,N0,1,train
1698,RADCURE-2382,47.4,9.0,Male,ECOG 1,Ex-smoker,Oropharynx,T1,N2a,0,train
2014,RADCURE-2755,69.7,30.0,Male,ECOG 0,Ex-smoker,Larynx,T1a,N0,0,train
522,RADCURE-0724,81.9,30.0,Male,ECOG 1,Ex-smoker,Larynx,Tis,N0,1,train
2345,RADCURE-3133,51.8,60.0,Male,ECOG 0,Ex-smoker,Hypopharynx,T4a,N2b,0,train
1894,RADCURE-2607,70.4,25.0,Male,ECOG 1,Current,Oropharynx,T2,N0,0,train
570,RADCURE-0790,53.4,15.0,Male,ECOG 0,Current,Nasopharynx,T3,N2,0,train
2547,RADCURE-3368,45.8,25.0,Male,ECOG 0,Current,Oropharynx,T1,N2b,0,train
2712,RADCURE-3586,58.1,2.0,Female,ECOG 0,Ex-smoker,Oropharynx,T2,N1,0,train
1037,RADCURE-1557,61.7,30.0,Male,ECOG 1,Current,Oropharynx,T3,N2b,0,train
238,RADCURE-0333,63.7,0.0,Female,ECOG 0,Non-smoker,Oropharynx,T2,N1,0,train
2506,RADCURE-3316,59.9,50.0,Male,ECOG 1,Ex-smoker,Nasopharynx,T3,N0,0,train
860,RADCURE-1310,78.7,70.0,Male,Missing,Current,Hypopharynx,T3,N2b,1,train
562,RADCURE-0777,66.6,40.0,Female,ECOG 0,Ex-smoker,Unknown,T0,N2b,1,train
1076,RADCURE-1608,79.8,60.0,Male,ECOG 2,Current,Oropharynx,T3,N2c,0,train
2724,RADCURE-3601,72.6,25.0,Male,ECOG 0,Ex-smoker,Larynx,T2,N0,0,train
2886,RADCURE-4063,61.2,15.0,Male,ECOG 0,Ex-smoker,Oropharynx,T1,N3,0,train
920,RADCURE-1392,76.5,60.0,Male,ECOG 1,Ex-smoker,Hypopharynx,T1,N3,0,train
599,RADCURE-0829,66.0,0.0,Female,ECOG 0,Non-smoker,Oropharynx,T3,N2b,0,train
2937,RADCURE-4129,53.9,5.0,Female,ECOG 0,Current,Oropharynx,T2,N2b,1,train
755,RADCURE-1053,72.1,10.0,Male,ECOG 1,Ex-smoker,Nasopharynx,T4,N0,0,train
1886,RADCURE-2599,62.9,0.0,Female,ECOG 2,Non-smoker,Larynx,T3,N0,0,train
320,RADCURE-0448,55.5,30.0,Male,ECOG 0,Ex-smoker,Oropharynx,T1,N2b,0,train
1726,RADCURE-2414,64.4,20.0,Male,ECOG 0,Ex-smoker,Larynx,T1b,N0,0,train
2770,RADCURE-3663,51.5,10.0,Female,ECOG 0,Ex-smoker,Oropharynx,T1,N1,0,train
99,RADCURE-0146,74.5,0.0,Male,ECOG 0,Non-smoker,Nasopharynx,T1,N1,0,train
84,RADCURE-0123,52.7,0.0,Male,ECOG 0,Non-smoker,Nasopharynx,T4,N1,0,train
588,RADCURE-0814,85.8,,Female,ECOG 0,Unknown,Skin,T1,N0,0,train
2576,RADCURE-3403,70.9,35.0,Male,ECOG 0,Ex-smoker,Oropharynx,T2,N2b,0,train
1957,RADCURE-2682,52.8,6.0,Female,ECOG 1,Ex-smoker,Oropharynx,T2,N2a,0,train
2380,RADCURE-3171,43.6,0.0,Female,ECOG 2,Non-smoker,Esophagus,T3,Missing,1,train
1928,RADCURE-2646,52.4,80.0,Male,ECOG 0,Current,Larynx,T1b,N0,0,train
266,RADCURE-0374,55.4,15.0,Male,ECOG 0,Current,Larynx,T1,N0,0,train
102,RADCURE-0149,77.1,50.0,Male,ECOG 1,Current,Larynx,T1a,N0,0,train
2086,RADCURE-2835,81.2,55.0,Female,ECOG 1,Current,Oropharynx,T2,N2b,1,train
339,RADCURE-0475,69.5,0.0,Female,ECOG 0,Non-smoker,Nasopharynx,T2,N1,0,train
1292,RADCURE-1895,53.4,0.0,Male,ECOG 0,Current,Larynx,T1a,N0,0,train
538,RADCURE-0743,68.0,0.0,Male,ECOG 0,Non-smoker,Oropharynx,T1,N0,0,train
128,RADCURE-0194,65.0,60.0,Male,ECOG 3,Current,Oropharynx,T1,N2b,0,train
2192,RADCURE-2958,61.2,45.0,Male,ECOG 0,Ex-smoker,Oropharynx,T1,N2c,0,train
2403,RADCURE-3197,47.2,20.0,Male,ECOG 0,Ex-smoker,Oropharynx,T2,N0,0,train
2329,RADCURE-3114,73.4,60.0,Male,ECOG 0,Current,Larynx,T1a,N0,0,train
2416,RADCURE-3210,60.9,35.0,Male,ECOG 0,Current,Hypopharynx,T2,N0,0,train
2179,RADCURE-2945,50.7,0.0,Male,ECOG 1,Non-smoker,Oropharynx,T4b,N2c,0,train
2442,RADCURE-3242,53.5,35.0,Female,ECOG 0,Current,Hypopharynx,T4a,N2b,1,train
2511,RADCURE-3321,63.0,12.0,Male,ECOG 0,Ex-smoker,Larynx,T2,N0,0,train
2525,RADCURE-3338,47.7,0.0,Male,ECOG 1,Non-smoker,Esophagus,T3,N3,1,train
483,RADCURE-0668,79.6,45.0,Male,ECOG 1,Ex-smoker,Oropharynx,T2,N0,0,train
1463,RADCURE-2108,60.5,0.0,Male,ECOG 0,Non-smoker,Oropharynx,T4a,N2b,1,train
2170,RADCURE-2934,45.2,30.0,Male,ECOG 2,Current,Oropharynx,T4b,N2c,1,train
2042,RADCURE-2788,53.5,30.0,Male,ECOG 0,Current,Oropharynx,T1,N1,0,train
2594,RADCURE-3425,54.7,0.0,Male,ECOG 0,Non-smoker,Unknown,T0,N2a,0,train
1254,RADCURE-1850,54.7,90.0,Male,ECOG 1,Ex-smoker,Oropharynx,T4b,N2c,1,train
2439,RADCURE-3238,52.4,4.0,Male,ECOG 0,Ex-smoker,Oropharynx,T2,N2b,0,train
1304,RADCURE-1915,60.3,20.0,Male,ECOG 3,Ex-smoker,Larynx,T4a,N2c,0,train
1556,RADCURE-2218,64.6,20.0,Male,ECOG 0,Ex-smoker,Larynx,T3,N0,0,train
1231,RADCURE-1815,51.3,0.0,Female,ECOG 2,Non-smoker,Lip & Oral Cavity,T3,N2c,0,train
357,RADCURE-0502,77.4,50.0,Male,ECOG 0,Current,Oropharynx,T1,N2b,0,train
1273,RADCURE-1873,56.3,8.0,Male,ECOG 0,Ex-smoker,Oropharynx,T1,N2a,0,train
976,RADCURE-1483,75.8,30.0,Female,ECOG 0,Ex-smoker,Oropharynx,T3,N2c,0,train
2888,RADCURE-4065,54.7,60.0,Male,ECOG 0,Ex-smoker,Larynx,T1a,N0,0,train
813,RADCURE-1235,46.9,30.0,Male,ECOG 0,Current,Oropharynx,T1,N2a,0,train
928,RADCURE-1407,74.6,80.0,Female,ECOG 1,Current,Larynx,T3,N0,0,train
1039,RADCURE-1560,50.0,5.0,Female,ECOG 0,Ex-smoker,Oropharynx,T3,N2b,0,train
2354,RADCURE-3142,54.4,25.0,Male,ECOG 1,Ex-smoker,Larynx,T2,N0,0,train
688,RADCURE-0961,61.4,80.0,Male,ECOG 1,Ex-smoker,Larynx,T1b,N0,0,train
222,RADCURE-0315,69.2,10.0,Male,ECOG 0,Ex-smoker,Oropharynx,T3,N1,0,train
112,RADCURE-0166,65.2,80.0,Male,ECOG 0,Current,Larynx,T2,N0,1,train
1277,RADCURE-1878,65.3,40.0,Male,ECOG 0,Ex-smoker,Larynx,T2,N0,0,train
1020,RADCURE-1538,55.5,35.0,Male,ECOG 1,Current,Hypopharynx,T3,N2b,1,train
1713,RADCURE-2400,51.7,15.0,Male,ECOG 2,Current,Oropharynx,T4b,N2c,1,train
2501,RADCURE-3311,61.9,0.0,Male,ECOG 0,Non-smoker,Oropharynx,T1,N2b,0,train
79,RADCURE-0116,55.3,0.0,Male,ECOG 1,Non-smoker,Oropharynx,T1,N2a,0,train
549,RADCURE-0755,56.2,0.0,Male,ECOG 0,Non-smoker,Nasopharynx,T3,N3a,0,train
2809,RADCURE-3727,65.0,40.0,Male,ECOG 1,Current,Oropharynx,T2,N0,0,train
1694,RADCURE-2377,70.7,50.0,Male,ECOG 0,Ex-smoker,Hypopharynx,T4a,N2b,0,train
2552,RADCURE-3373,46.1,37.5,Male,ECOG 0,Current,Oropharynx,T3,N2b,0,train
2267,RADCURE-3042,39.3,10.0,Female,ECOG 0,Current,Nasopharynx,T1,N2,0,train
2275,RADCURE-3050,61.1,0.0,Male,ECOG 1,Non-smoker,Oropharynx,T2,N2c,0,train
637,RADCURE-0896,57.7,30.0,Male,ECOG 1,Current,Oropharynx,T1,N2b,0,train
523,RADCURE-0725,68.0,20.0,Male,ECOG 0,Ex-smoker,Lip & Oral Cavity,T2,N0,0,train
1439,RADCURE-2078,37.4,,Female,ECOG 1,Unknown,Nasopharynx,T3,N2,0,train
2012,RADCURE-2752,65.9,20.0,Male,ECOG 0,Ex-smoker,Larynx,T3,N2b,0,train
1615,RADCURE-2282,62.0,7.5,Male,ECOG 0,Ex-smoker,Oropharynx,T1,N1,0,train
1289,RADCURE-1892,53.1,40.0,Male,ECOG 0,Ex-smoker,Larynx,T2,N2c,0,train
873,RADCURE-1328,58.8,0.0,Male,ECOG 0,Non-smoker,Oropharynx,T3,N2c,0,train
871,RADCURE-1326,64.0,5.0,Female,ECOG 0,Ex-smoker,Nasopharynx,T3,N0,0,train
2034,RADCURE-2779,74.2,20.0,Male,ECOG 0,Ex-smoker,Nasal Cavity,T4b,N2c,0,train
1006,RADCURE-1523,73.9,120.0,Male,ECOG 0,Current,Larynx,T3,N0,1,train
1812,RADCURE-2511,58.1,15.0,Male,ECOG 1,Ex-smoker,Oropharynx,T2,N1,0,train
1234,RADCURE-1820,58.0,20.0,Male,ECOG 0,Ex-smoker,Oropharynx,T2,N2b,0,train
2155,RADCURE-2919,58.6,0.0,Male,ECOG 0,Non-smoker,Oropharynx,T3,N2b,0,train
2808,RADCURE-3724,67.2,60.0,Male,ECOG 1,Ex-smoker,Larynx,Tis,N0,0,train
1868,RADCURE-2578,65.9,2.0,Female,ECOG 1,Ex-smoker,Oropharynx,T4a,N2b,1,train
394,RADCURE-0552,81.5,0.0,Female,ECOG 1,Non-smoker,Oropharynx,T2,N2b,0,train
1284,RADCURE-1887,73.3,30.0,Female,ECOG 0,Ex-smoker,Unknown,T0,N1,0,train
2255,RADCURE-3028,44.4,0.0,Male,ECOG 1,Non-smoker,Nasopharynx,T3,N2,0,train
2355,RADCURE-3143,62.3,15.0,Male,ECOG 0,Current,Oropharynx,T2,N2b,0,train
853,RADCURE-1295,58.8,13.5,Male,ECOG 0,Ex-smoker,Larynx,T1a,N0,0,train
767,RADCURE-1069,53.6,40.0,Male,ECOG 0,Current,Oropharynx,T3,N1,0,train
392,RADCURE-0550,58.3,0.0,Male,ECOG 1,Non-smoker,Oropharynx,T3,N2b,0,train
141,RADCURE-0208,81.4,60.0,Male,ECOG 3,Current,Larynx,T1a,N0,1,train
257,RADCURE-0363,79.5,0.0,Male,ECOG 0,Non-smoker,Larynx,T3,N0,0,train
2110,RADCURE-2862,61.5,1.0,Male,ECOG 1,Ex-smoker,Oropharynx,T4b,N2c,0,train
2709,RADCURE-3581,59.0,0.0,Male,ECOG 0,Non-smoker,Oropharynx,T2,N2c,0,train
2483,RADCURE-3290,65.9,50.0,Male,ECOG 1,Current,Hypopharynx,T2,N2b,0,train
2318,RADCURE-3102,60.1,40.0,Male,ECOG 1,Current,Sarcoma,T2b,N0,1,train
1423,RADCURE-2061,59.3,45.0,Male,ECOG 0,Ex-smoker,Oropharynx,T2,N2c,0,train
1606,RADCURE-2273,62.1,40.0,Female,ECOG 0,Current,Oropharynx,Tis,N0,0,train
1870,RADCURE-2580,76.0,60.0,Male,ECOG 0,Current,Oropharynx,T2,N2b,0,train
403,RADCURE-0563,69.5,10.0,Female,ECOG 0,Ex-smoker,Oropharynx,T3,N0,1,train
552,RADCURE-0761,64.4,0.0,Male,ECOG 0,Non-smoker,Oropharynx,T2,N1,0,train
774,RADCURE-1079,74.7,50.0,Male,Missing,Current,Larynx,T3,N0,0,train
2563,RADCURE-3388,56.6,30.0,Male,ECOG 0,Ex-smoker,Oropharynx,T1,N2b,0,train
132,RADCURE-0199,67.3,37.0,Female,ECOG 0,Ex-smoker,Oropharynx,T2,N0,0,train
2777,RADCURE-3675,63.5,,Male,ECOG 1,Unknown,Paranasal Sinus,T4a,N2b,0,train
443,RADCURE-0613,61.9,8.0,Male,ECOG 0,Ex-smoker,Unknown,T0,N2b,0,train
338,RADCURE-0473,57.7,40.0,Male,ECOG 0,Ex-smoker,Oropharynx,T2,N2c,0,train
1025,RADCURE-1544,54.3,40.0,Female,ECOG 0,Current,Lip & Oral Cavity,T2,N0,0,train
848,RADCURE-1289,56.3,9.0,Male,ECOG 1,Current,Oropharynx,T3,N2b,0,train
1700,RADCURE-2384,51.7,35.0,Male,ECOG 2,Ex-smoker,Oropharynx,T4b,N0,0,train
2549,RADCURE-3370,49.4,15.0,Male,ECOG 0,Ex-smoker,Larynx,T2,N0,0,train
1112,RADCURE-1656,60.6,45.0,Male,ECOG 1,Current,Lip & Oral Cavity,T2,N2a,0,train
1888,RADCURE-2601,61.7,80.0,Male,ECOG 0,Current,Oropharynx,T4a,N2c,0,train
2535,RADCURE-3352,52.2,35.0,Male,ECOG 0,Current,Larynx,T3,N1,0,train
445,RADCURE-0616,63.7,45.0,Male,ECOG 1,Ex-smoker,Oropharynx,T2,N2b,0,train
867,RADCURE-1321,59.9,0.0,Male,ECOG 0,Non-smoker,Oropharynx,T3,N2b,0,train
2413,RADCURE-3207,54.5,30.0,Male,ECOG 0,Current,Larynx,T3,N0,0,train
2590,RADCURE-3420,65.5,,Male,ECOG 0,Non-smoker,Oropharynx,T2,N2c,0,train
1562,RADCURE-2224,56.5,0.0,Female,ECOG 0,Non-smoker,Nasopharynx,T1,N2,0,train
659,RADCURE-0925,63.6,0.0,Male,ECOG 0,Non-smoker,Unknown,T0,N2c,0,train
2312,RADCURE-3095,76.3,10.0,Male,ECOG 0,Ex-smoker,Larynx,T2,N0,0,train
2640,RADCURE-3488,81.7,50.0,Male,ECOG 1,Ex-smoker,Oropharynx,T3,N2b,0,train
150,RADCURE-0220,75.1,50.0,Male,ECOG 1,Ex-smoker,Larynx,T1b,N0,0,train
1432,RADCURE-2071,77.4,10.0,Male,ECOG 0,Ex-smoker,Larynx,T3,N0,0,train
371,RADCURE-0523,77.1,50.0,Male,ECOG 0,Ex-smoker,Larynx,T2,N0,1,train
2332,RADCURE-3117,69.3,11.0,Male,ECOG 0,Ex-smoker,Larynx,T1a,N0,0,train
724,RADCURE-1007,90.0,70.0,Male,ECOG 0,Current,Larynx,T1a,N0,0,train
291,RADCURE-0411,47.1,0.0,Male,ECOG 0,Non-smoker,Oropharynx,T4b,N2c,0,train
2810,RADCURE-3729,37.4,5.0,Male,ECOG 0,Ex-smoker,Nasopharynx,T2,N2,0,train
416,RADCURE-0578,34.4,10.0,Female,ECOG 0,Ex-smoker,Larynx,Tis,N0,0,train
2800,RADCURE-3711,41.7,0.0,Male,ECOG 0,Non-smoker,Nasopharynx,T3,N1,0,train
1356,RADCURE-1980,58.2,0.0,Female,ECOG 0,Non-smoker,Oropharynx,T1,N2b,0,train
341,RADCURE-0479,46.5,6.0,Male,ECOG 0,Current,Nasopharynx,T2,N1,0,train
261,RADCURE-0367,81.8,0.0,Male,ECOG 1,Non-smoker,Lip & Oral Cavity,T3,N2b,0,train
650,RADCURE-0912,66.2,20.0,Male,ECOG 0,Ex-smoker,Larynx,T2,N0,0,train
2017,RADCURE-2759,50.0,7.0,Male,ECOG 0,Ex-smoker,Nasopharynx,T1,N2,0,train
1658,RADCURE-2335,80.5,45.0,Male,ECOG 2,Ex-smoker,Oropharynx,T2,N0,1,train
946,RADCURE-1437,71.9,20.0,Male,ECOG 0,Ex-smoker,Unknown,T0,N3,0,train
55,RADCURE-0082,56.6,0.0,Male,ECOG 0,Non-smoker,Oropharynx,T1,N2b,0,train
2398,RADCURE-3192,44.6,10.0,Male,ECOG 0,Current,Nasopharynx,T4,N2,0,train
47,RADCURE-0073,67.3,0.0,Male,ECOG 0,Non-smoker,Oropharynx,T3,N0,0,train
2282,RADCURE-3060,54.5,60.0,Male,ECOG 2,Ex-smoker,Oropharynx,T3,N2c,0,train
862,RADCURE-1314,82.3,40.0,Male,ECOG 1,Ex-smoker,Larynx,T1a,N0,0,train
2470,RADCURE-3272,59.3,20.0,Female,ECOG 0,Ex-smoker,Unknown,T0,N2b,0,train
2293,RADCURE-3073,75.0,55.0,Male,ECOG 1,Current,Larynx,T3,N0,1,train
1576,RADCURE-2239,52.8,5.0,Male,ECOG 0,Ex-smoker,Oropharynx,T2,N2b,0,train
2663,RADCURE-3517,65.8,0.0,Male,ECOG 0,Non-smoker,Oropharynx,T2,N2b,0,train
1344,RADCURE-1963,66.2,30.0,Male,ECOG 1,Ex-smoker,Unknown,T0,N2b,0,train
1853,RADCURE-2563,71.7,15.0,Male,ECOG 0,Ex-smoker,Larynx,T1a,N0,0,train
2003,RADCURE-2740,80.6,0.0,Male,ECOG 3,Non-smoker,Larynx,T4a,N2c,1,train
2409,RADCURE-3203,34.6,0.0,Male,ECOG 1,Non-smoker,Nasopharynx,T3,N2,0,train
303,RADCURE-0428,58.9,25.0,Male,ECOG 0,Current,Oropharynx,T2,N2a,0,train
800,RADCURE-1197,62.3,30.0,Male,ECOG 1,Current,Oropharynx,T3,N2c,1,train
1427,RADCURE-2066,71.0,40.0,Female,ECOG 0,Ex-smoker,Larynx,T2,N0,0,train
405,RADCURE-0567,49.7,4.0,Female,ECOG 1,Ex-smoker,Larynx,T1a,N0,0,train
1139,RADCURE-1693,59.8,25.0,Male,ECOG 0,Current,Oropharynx,T3,N2c,1,train
1272,RADCURE-1872,54.9,6.0,Male,ECOG 0,Ex-smoker,Oropharynx,T3,N2c,0,train
1298,RADCURE-1903,63.7,40.0,Male,Missing,Ex-smoker,Unknown,T0,N3,0,train
1655,RADCURE-2332,87.5,0.0,Male,ECOG 2,Non-smoker,Larynx,T3,N2c,0,train
1015,RADCURE-1533,58.1,60.0,Male,ECOG 0,Current,Hypopharynx,T2,N3,0,train
1315,RADCURE-1929,75.1,0.0,Male,ECOG 0,Non-smoker,Larynx,T3,N0,0,train
1642,RADCURE-2316,49.0,60.0,Male,ECOG 0,Ex-smoker,Hypopharynx,T2,N0,0,train
2792,RADCURE-3695,72.2,25.0,Male,ECOG 1,Ex-smoker,Oropharynx,T3,N0,0,train
897,RADCURE-1363,58.3,80.0,Female,ECOG 0,Current,Larynx,T2,N0,0,train
2162,RADCURE-2926,53.8,30.0,Male,ECOG 0,Ex-smoker,Larynx,T1a,N0,0,train
1108,RADCURE-1650,48.4,0.0,Male,ECOG 1,Non-smoker,Oropharynx,T4a,N0,0,train
2513,RADCURE-3323,59.0,0.0,Male,ECOG 0,Non-smoker,Larynx,T1a,N0,0,train
2524,RADCURE-3337,66.2,0.0,Male,ECOG 0,Non-smoker,Larynx,T2,N0,0,train
2402,RADCURE-3196,64.6,0.0,Male,ECOG 0,Non-smoker,Oropharynx,T2,N3,0,train
796,RADCURE-1184,75.1,70.0,Male,ECOG 2,Current,Hypopharynx,T3,N2b,1,train
2264,RADCURE-3039,43.5,0.0,Male,ECOG 0,Non-smoker,Esophagus,T2,N1,0,train
1573,RADCURE-2236,53.6,0.0,Female,ECOG 3,Non-smoker,Nasopharynx,T4,N1,0,train
993,RADCURE-1503,66.2,100.0,Male,ECOG 0,Current,Nasal Cavity,T4a,N2c,0,train
665,RADCURE-0933,52.2,0.0,Male,ECOG 1,Non-smoker,Oropharynx,T2,N2c,0,train
367,RADCURE-0517,68.2,0.0,Male,ECOG 0,Non-smoker,Oropharynx,T2,N2b,0,train
2272,RADCURE-3047,46.2,0.0,Male,ECOG 0,Non-smoker,Nasopharynx,T3,N2,0,train
805,RADCURE-1207,67.5,0.0,Male,Missing,Non-smoker,Unknown,T0,N2b,0,train
2681,RADCURE-3541,85.0,50.0,Male,ECOG 1,Ex-smoker,Larynx,T1b,N0,0,train
276,RADCURE-0389,61.9,40.0,Male,ECOG 1,Current,Oropharynx,T3,N2c,0,train
1873,RADCURE-2583,54.2,0.0,Male,ECOG 1,Non-smoker,Oropharynx,T3,N2b,0,train
92,RADCURE-0135,79.4,50.0,Male,ECOG 0,Ex-smoker,Larynx,T2,N0,0,train
1109,RADCURE-1652,62.6,45.0,Male,ECOG 1,Current,Nasopharynx,T3,N2,0,train
2938,RADCURE-4130,85.5,15.0,Male,ECOG 2,Ex-smoker,Skin,T2,N0,1,train
540,RADCURE-0745,52.7,34.0,Male,ECOG 1,Current,Hypopharynx,T3,N1,0,train
2060,RADCURE-2806,72.5,50.0,Male,ECOG 2,Current,Oropharynx,T4a,N1,1,train
2024,RADCURE-2766,51.6,0.0,Male,ECOG 2,Non-smoker,Oropharynx,T2,N2b,0,train
315,RADCURE-0442,59.1,40.0,Male,ECOG 0,Current,Hypopharynx,T2,N2b,1,train
1365,RADCURE-1991,86.8,0.0,Male,ECOG 1,Non-smoker,Oropharynx,T4a,N2b,1,train
2362,RADCURE-3152,62.7,40.0,Male,ECOG 1,Ex-smoker,Oropharynx,T2,N0,0,train
89,RADCURE-0131,89.6,,Female,ECOG 1,Unknown,Skin,T4,N0,0,train
1143,RADCURE-1698,61.3,0.0,Male,ECOG 0,Non-smoker,Nasopharynx,T1,N2,0,train
1674,RADCURE-2354,60.3,30.0,Male,ECOG 1,Ex-smoker,Hypopharynx,T3,N3,1,train
2070,RADCURE-2817,78.1,20.0,Male,ECOG 0,Ex-smoker,Larynx,T3,N0,0,train
1368,RADCURE-1994,86.2,55.0,Male,ECOG 2,Ex-smoker,Lip & Oral Cavity,T3,N1,0,train
904,RADCURE-1372,77.3,40.0,Male,ECOG 0,Ex-smoker,Larynx,T3,N0,1,train
726,RADCURE-1009,57.1,30.0,Male,ECOG 2,Current,Larynx,T3,N2c,1,train
629,RADCURE-0881,34.9,35.0,Male,ECOG 0,Current,Unknown,T0,N2a,0,train
1546,RADCURE-2206,69.1,35.0,Male,ECOG 1,Current,Larynx,T3,N1,1,train
293,RADCURE-0413,60.4,2.0,Male,ECOG 1,Current,Unknown,T0,N2c,0,train
400,RADCURE-0559,47.2,25.0,Male,ECOG 0,Ex-smoker,Oropharynx,T3,N2c,0,train
50,RADCURE-0076,55.5,40.0,Male,ECOG 2,Current,Oropharynx,T3,N2b,1,train
1127,RADCURE-1678,65.9,0.0,Male,ECOG 0,Non-smoker,Paranasal Sinus,T4b,N0,0,train
2605,RADCURE-3439,58.5,0.0,Male,ECOG 0,Non-smoker,Unknown,T0,N2b,0,train
1732,RADCURE-2422,61.0,0.0,Male,ECOG 1,Non-smoker,Oropharynx,T4a,N2c,1,train
1063,RADCURE-1589,59.6,60.0,Male,ECOG 0,Ex-smoker,Larynx,T1b,N0,0,train
312,RADCURE-0438,77.4,30.0,Male,ECOG 1,Ex-smoker,Larynx,T1a,N0,1,train
1644,RADCURE-2319,57.6,40.0,Male,ECOG 1,Current,Larynx,T1a,N0,0,train
953,RADCURE-1449,59.6,30.0,Female,ECOG 0,Current,Unknown,T0,N2a,0,train
683,RADCURE-0955,70.1,0.0,Male,ECOG 1,Non-smoker,Oropharynx,T4a,N2b,0,train
2141,RADCURE-2903,68.5,60.0,Male,ECOG 0,Ex-smoker,Oropharynx,T3,N2b,0,train
1317,RADCURE-1931,60.9,80.0,Male,ECOG 0,Current,Oropharynx,T4b,N2c,0,train
1366,RADCURE-1992,44.1,20.0,Male,ECOG 0,Current,Oropharynx,T2,N2b,0,train
2677,RADCURE-3534,61.4,30.0,Male,ECOG 0,Ex-smoker,Larynx,T3,N0,0,train
675,RADCURE-0947,67.9,100.0,Male,ECOG 0,Ex-smoker,Larynx,T2,N2a,0,train
1973,RADCURE-2704,60.2,20.0,Male,ECOG 1,Current,Oropharynx,T4a,N2c,0,train
1484,RADCURE-2133,63.7,50.0,Male,ECOG 0,Current,Hypopharynx,T4a,N2b,1,train
44,RADCURE-0067,80.0,65.0,Male,ECOG 1,Ex-smoker,Lip & Oral Cavity,T4a,N0,1,train
615,RADCURE-0853,44.3,15.0,Male,ECOG 0,Ex-smoker,Oropharynx,T2,N2b,0,train
114,RADCURE-0170,45.9,20.0,Male,ECOG 0,Ex-smoker,Oropharynx,T2,N2c,0,train
255,RADCURE-0360,59.1,0.0,Male,ECOG 0,Non-smoker,Oropharynx,T1,N0,0,train
1080,RADCURE-1613,29.7,0.0,Male,ECOG 0,Non-smoker,Nasopharynx,T1,N1,0,train
1123,RADCURE-1672,42.6,20.0,Male,ECOG 0,Ex-smoker,Oropharynx,T4a,N2c,0,train
151,RADCURE-0222,77.0,30.0,Male,ECOG 0,Ex-smoker,Oropharynx,T3,N2c,1,train
2223,RADCURE-2994,85.4,80.0,Male,ECOG 1,Ex-smoker,Lip & Oral Cavity,T3,N2b,1,train
148,RADCURE-0217,74.0,30.0,Male,ECOG 1,Ex-smoker,Larynx,T1a,N0,1,train
2397,RADCURE-3191,65.4,75.0,Male,ECOG 1,Current,Larynx,T3,N0,0,train
1403,RADCURE-2034,46.8,15.0,Male,ECOG 0,Current,Nasopharynx,T3,N2,0,train
1771,RADCURE-2467,54.9,15.0,Male,ECOG 0,Ex-smoker,Nasopharynx,T3,N1,0,train
1422,RADCURE-2059,63.6,40.0,Male,ECOG 0,Ex-smoker,Oropharynx,T4a,N2c,1,train
937,RADCURE-1418,59.2,40.0,Male,ECOG 0,Current,Larynx,T3,N2b,0,train
1481,RADCURE-2128,59.3,40.0,Female,ECOG 2,Current,Oropharynx,T2,N2c,1,train
161,RADCURE-0239,52.8,0.0,Male,ECOG 0,Non-smoker,Oropharynx,T4a,N2b,0,train
1348,RADCURE-1967,51.6,0.0,Male,ECOG 0,Non-smoker,Nasopharynx,T2,N1,0,train
1608,RADCURE-2275,52.3,0.0,Male,ECOG 0,Non-smoker,Unknown,T0,N1,0,train
1628,RADCURE-2298,48.5,0.0,Female,ECOG 0,Non-smoker,Larynx,Tis,N0,0,train
482,RADCURE-0667,40.6,0.0,Male,ECOG 0,Non-smoker,Larynx,T1a,N0,0,train
2038,RADCURE-2784,64.1,60.0,Male,ECOG 0,Ex-smoker,Larynx,T1b,N0,0,train
2436,RADCURE-3233,86.3,50.0,Male,ECOG 4,Ex-smoker,Larynx,T1b,N0,1,train
2322,RADCURE-3107,45.4,8.0,Male,ECOG 0,Ex-smoker,Larynx,T3,N1,0,train
485,RADCURE-0670,59.7,10.0,Male,ECOG 1,Current,Oropharynx,T1,N2b,0,train
2341,RADCURE-3128,75.5,0.0,Male,ECOG 0,Non-smoker,Nasopharynx,T1,N3,0,train
1539,RADCURE-2199,70.7,5.0,Female,ECOG 1,Ex-smoker,Larynx,T3,N2c,0,train
237,RADCURE-0332,74.3,50.0,Male,ECOG 0,Current,Hypopharynx,T4a,N0,0,train
1480,RADCURE-2127,54.2,7.5,Male,ECOG 1,Ex-smoker,Oropharynx,T3,N2b,0,train
93,RADCURE-0137,68.8,0.0,Male,ECOG 1,Non-smoker,Lip & Oral Cavity,T2,N0,0,train
2476,RADCURE-3280,52.6,1.0,Male,ECOG 0,Ex-smoker,Larynx,T2,N0,0,train
2386,RADCURE-3179,56.6,0.0,Male,ECOG 1,Non-smoker,Oropharynx,T2,N2b,0,train
1251,RADCURE-1847,66.0,50.0,Male,ECOG 1,Current,Larynx,T4a,N0,1,train
601,RADCURE-0831,48.9,40.0,Male,ECOG 2,Ex-smoker,Lip & Oral Cavity,T4a,N2c,1,train
1062,RADCURE-1588,43.0,0.0,Male,ECOG 0,Non-smoker,Nasopharynx,T1,N2,0,train
775,RADCURE-1080,84.7,20.0,Male,ECOG 0,Ex-smoker,Sarcoma,T2a,N1,1,train
1055,RADCURE-1581,75.4,75.0,Male,ECOG 0,Ex-smoker,Larynx,T1a,N0,0,train
2415,RADCURE-3209,67.6,,Male,ECOG 0,Unknown,Larynx,T3,N0,0,train
931,RADCURE-1410,60.7,5.0,Male,ECOG 0,Ex-smoker,Oropharynx,T2,N2a,0,train
23,RADCURE-0039,69.9,50.0,Female,ECOG 1,Current,Larynx,T3,N0,0,train
2401,RADCURE-3195,73.9,0.0,Male,ECOG 0,Non-smoker,Larynx,T1a,N0,0,train
1401,RADCURE-2032,67.5,20.0,Male,ECOG 0,Ex-smoker,Larynx,T4a,N0,0,train
401,RADCURE-0560,65.1,5.0,Female,ECOG 0,Ex-smoker,Oropharynx,T2,N1,0,train
1760,RADCURE-2453,69.7,10.0,Male,ECOG 1,Ex-smoker,Larynx,T1a,N0,0,train
2703,RADCURE-3572,60.6,23.0,Male,ECOG 1,Current,Nasopharynx,T1,N2,0,train
382,RADCURE-0536,61.2,45.0,Female,ECOG 1,Current,Oropharynx,T2,N2b,0,train
194,RADCURE-0282,47.5,0.0,Male,ECOG 0,Non-smoker,Oropharynx,T2,N2c,0,train
1747,RADCURE-2439,63.1,0.0,Male,ECOG 0,Non-smoker,Oropharynx,T1,N2b,0,train
508,RADCURE-0702,76.3,38.0,Male,ECOG 0,Ex-smoker,Oropharynx,T1,N0,1,train
883,RADCURE-1339,65.9,9.0,Male,ECOG 3,Ex-smoker,Hypopharynx,T3,N2b,1,train
1030,RADCURE-1550,71.5,50.0,Male,ECOG 1,Current,Lip & Oral Cavity,T2,N0,0,train
940,RADCURE-1424,73.4,55.0,Female,ECOG 1,Current,Larynx,T3,N0,1,train
1610,RADCURE-2277,65.4,40.0,Male,ECOG 1,Current,Lip & Oral Cavity,T3,N1,1,train
503,RADCURE-0697,61.9,40.0,Male,ECOG 0,Current,Nasal Cavity,T2,N0,0,train
1548,RADCURE-2210,61.4,5.0,Female,ECOG 0,Ex-smoker,Oropharynx,T2,N2a,0,train
187,RADCURE-0275,51.4,30.0,Female,Missing,Current,Lip & Oral Cavity,T2,N0,1,train
1155,RADCURE-1717,43.0,11.0,Male,ECOG 0,Ex-smoker,Oropharynx,T4a,N3,1,train
2842,RADCURE-3809,67.4,5.0,Male,ECOG 0,Ex-smoker,Oropharynx,T2,N2a,0,train
863,RADCURE-1315,63.3,100.0,Male,ECOG 0,Current,Oropharynx,T3,N2c,1,train
565,RADCURE-0782,68.5,55.0,Male,ECOG 1,Current,Oropharynx,T1,N0,0,train
1814,RADCURE-2513,83.4,40.0,Male,ECOG 1,Ex-smoker,Larynx,T2,N0,0,train
2188,RADCURE-2954,52.9,8.0,Female,ECOG 0,Current,Oropharynx,T2,N2a,0,train
1877,RADCURE-2587,51.7,40.0,Male,ECOG 0,Current,Oropharynx,T3,N2b,0,train
2934,RADCURE-4126,58.3,50.0,Male,ECOG 0,Ex-smoker,Oropharynx,T2,N0,0,train
1383,RADCURE-2010,65.8,50.0,Male,ECOG 1,Current,Oropharynx,T2,N1,0,train
1017,RADCURE-1535,60.9,45.0,Male,ECOG 2,Ex-smoker,Hypopharynx,T4a,N2b,0,train
1035,RADCURE-1555,68.9,35.0,Female,ECOG 0,Ex-smoker,Oropharynx,T2,N2b,1,train
1178,RADCURE-1744,63.2,10.0,Male,ECOG 1,Current,Oropharynx,T2,N2b,0,train
1537,RADCURE-2195,67.8,25.0,Female,ECOG 0,Current,Oropharynx,T4b,N2c,1,train
1846,RADCURE-2554,52.1,70.0,Male,ECOG 1,Current,Larynx,T4a,N0,1,train
2253,RADCURE-3026,45.9,0.0,Male,ECOG 0,Non-smoker,Nasopharynx,T3,N2,1,train
1267,RADCURE-1867,60.7,5.0,Male,ECOG 0,Ex-smoker,Oropharynx,T2,N2b,0,train
666,RADCURE-0934,68.8,20.0,Male,ECOG 0,Ex-smoker,Oropharynx,T2,N2c,0,train
1168,RADCURE-1733,48.4,0.0,Male,ECOG 0,Non-smoker,Larynx,T1a,N0,0,train
2425,RADCURE-3220,48.5,15.0,Male,ECOG 0,Current,Nasopharynx,T3,N2,0,train
1214,RADCURE-1789,64.3,35.0,Male,ECOG 0,Ex-smoker,Larynx,Tis,N0,0,train
454,RADCURE-0629,56.5,40.0,Male,ECOG 1,Current,Oropharynx,T3,N2b,0,train
1850,RADCURE-2559,45.7,0.0,Male,ECOG 1,Non-smoker,Larynx,T3,N0,0,train
1890,RADCURE-2603,62.0,50.0,Male,ECOG 1,Ex-smoker,Oropharynx,T2,N2b,0,train
1755,RADCURE-2448,70.4,0.0,Male,ECOG 0,Non-smoker,Oropharynx,T2,N1,0,train
245,RADCURE-0346,59.0,30.0,Male,ECOG 2,Ex-smoker,Oropharynx,T1,N3,1,train
1334,RADCURE-1951,71.0,0.0,Female,ECOG 0,Non-smoker,Oropharynx,T4b,N2c,0,train
2134,RADCURE-2893,71.3,0.0,Male,ECOG 0,Non-smoker,Oropharynx,T3,N2c,0,train
2198,RADCURE-2965,67.1,40.0,Male,ECOG 0,Current,Larynx,T1a,N0,0,train
391,RADCURE-0548,56.7,25.0,Male,ECOG 1,Current,Oropharynx,T3,N2b,0,train
690,RADCURE-0963,72.6,50.0,Male,ECOG 1,Ex-smoker,Hypopharynx,T4a,N2b,1,train
1665,RADCURE-2344,50.8,0.0,Male,ECOG 0,Non-smoker,Oropharynx,T4a,N2b,0,train
2396,RADCURE-3190,57.1,13.0,Male,ECOG 1,Current,Larynx,T3,N0,1,train
1683,RADCURE-2365,60.6,44.0,Male,ECOG 0,Current,Oropharynx,T1,N1,0,train
1100,RADCURE-1640,65.5,0.0,Male,ECOG 0,Non-smoker,Oropharynx,T2,N2c,0,train
2831,RADCURE-3783,68.5,60.0,Male,ECOG 1,Current,Oropharynx,T3,N2c,1,train
1473,RADCURE-2119,57.9,20.0,Male,ECOG 1,Ex-smoker,Larynx,T2,N0,0,train
1208,RADCURE-1783,47.0,0.0,Male,ECOG 0,Non-smoker,Nasopharynx,T4,N2,0,train
2632,RADCURE-3472,73.5,25.0,Male,ECOG 1,Ex-smoker,Oropharynx,T2,N2b,0,train
908,RADCURE-1376,59.8,60.0,Male,ECOG 2,Current,Oropharynx,T4a,N2a,1,train
2514,RADCURE-3325,70.3,25.0,Male,ECOG 0,Ex-smoker,Oropharynx,T4a,N2c,0,train
692,RADCURE-0965,60.1,50.0,Male,ECOG 0,Current,Larynx,T2,N1,0,train
1185,RADCURE-1753,66.5,30.0,Male,ECOG 0,Ex-smoker,Oropharynx,T3,N2c,1,train
1118,RADCURE-1667,61.1,40.0,Male,ECOG 0,Current,Larynx,T4a,N2c,0,train
1964,RADCURE-2690,43.6,25.0,Female,ECOG 0,Current,Nasal Cavity,T3,N2b,0,train
1212,RADCURE-1787,80.4,35.0,Male,ECOG 1,Ex-smoker,Larynx,T2,N0,0,train
129,RADCURE-0195,66.7,30.0,Male,ECOG 0,Ex-smoker,Oropharynx,T2,N2b,0,train
1240,RADCURE-1831,54.0,0.0,Female,ECOG 0,Non-smoker,Nasopharynx,T3,N2,0,train
2761,RADCURE-3652,48.6,30.0,Male,ECOG 1,Current,Nasal Cavity,T4a,N3,1,train
2278,RADCURE-3054,65.8,0.0,Female,ECOG 0,Non-smoker,Oropharynx,T2,N2a,0,train
437,RADCURE-0607,60.8,35.0,Female,ECOG 0,Ex-smoker,Oropharynx,T1,N2a,0,train
2925,RADCURE-4113,45.9,15.0,Male,ECOG 2,Current,Oropharynx,T4a,N2b,0,train
2387,RADCURE-3180,63.8,47.0,Male,ECOG 0,Current,Larynx,T1a,N0,0,train
1571,RADCURE-2234,57.5,80.0,Male,ECOG 1,Current,Oropharynx,T2,N2b,1,train
1935,RADCURE-2655,76.2,25.0,Male,ECOG 0,Ex-smoker,Larynx,T2,N0,0,train
917,RADCURE-1388,46.3,30.0,Male,ECOG 0,Current,Oropharynx,T4b,N0,1,train
435,RADCURE-0604,42.9,5.0,Female,ECOG 2,Ex-smoker,Nasopharynx,T4,N2,0,train
950,RADCURE-1441,79.0,0.0,Female,ECOG 0,Non-smoker,Lip & Oral Cavity,T4a,N2b,1,train
1113,RADCURE-1658,66.6,60.0,Male,ECOG 0,Ex-smoker,Lip & Oral Cavity,T4,N0,1,train
1981,RADCURE-2714,36.2,0.0,Female,ECOG 0,Non-smoker,Larynx,T2,N0,0,train
1707,RADCURE-2393,52.0,50.0,Male,ECOG 0,Current,Oropharynx,T4a,N2c,0,train
555,RADCURE-0765,49.8,35.0,Female,ECOG 1,Current,Esophagus,T2,N0,0,train
1994,RADCURE-2730,45.9,0.0,Female,ECOG 0,Non-smoker,Nasopharynx,T1,N1,0,train
1293,RADCURE-1896,80.2,20.0,Female,ECOG 1,Ex-smoker,Oropharynx,T3,N1,0,train
1878,RADCURE-2590,63.7,25.0,Male,ECOG 0,Current,Larynx,T4a,N2c,0,train
1649,RADCURE-2326,72.2,8.0,Male,ECOG 0,Ex-smoker,Larynx,T3,N0,0,train
978,RADCURE-1485,78.1,60.0,Male,ECOG 2,Current,Larynx,T2,N0,0,train
2600,RADCURE-3432,72.8,55.0,Male,ECOG 0,Current,Larynx,T2,N0,0,train
1307,RADCURE-1918,54.4,30.0,Male,ECOG 0,Current,Unknown,T0,N2c,0,train
137,RADCURE-0204,48.2,30.0,Male,ECOG 0,Current,Oropharynx,T4b,N2c,1,train
1510,RADCURE-2164,68.4,25.0,Male,ECOG 0,Ex-smoker,Oropharynx,T3,N2b,0,train
2079,RADCURE-2827,68.0,45.0,Male,ECOG 1,Current,Oropharynx,T2,N2b,0,train
702,RADCURE-0979,80.5,,Female,ECOG 1,Unknown,Nasal Cavity,T2,N2b,0,train
1053,RADCURE-1576,69.9,20.0,Male,ECOG 0,Ex-smoker,Oropharynx,T1,N0,0,train
646,RADCURE-0907,35.7,7.5,Female,ECOG 1,Current,Larynx,T1b,N0,0,train
1177,RADCURE-1743,67.4,20.0,Male,ECOG 2,Ex-smoker,Unknown,T0,N3,1,train
71,RADCURE-0104,63.9,20.0,Male,ECOG 0,Current,Oropharynx,T4a,N0,0,train
2250,RADCURE-3023,36.5,3.0,Male,ECOG 0,Ex-smoker,Nasopharynx,T1,N2,0,train
2176,RADCURE-2941,65.1,50.0,Male,ECOG 1,Current,Oropharynx,T3,N3,0,train
1451,RADCURE-2092,81.6,50.0,Male,ECOG 1,Current,Larynx,T3,N0,1,train
2785,RADCURE-3686,75.4,12.0,Male,ECOG 1,Ex-smoker,Oropharynx,T2,N2b,1,train
948,RADCURE-1439,74.8,0.0,Female,ECOG 0,Non-smoker,Nasopharynx,T4,N1,0,train
1517,RADCURE-2171,64.0,0.0,Male,ECOG 1,Non-smoker,Oropharynx,T3,N2c,0,train
1176,RADCURE-1742,53.8,4.0,Male,ECOG 0,Ex-smoker,Oropharynx,T2,N2c,0,train
316,RADCURE-0443,64.7,2.0,Male,ECOG 1,Ex-smoker,Oropharynx,T4a,N2c,0,train
1710,RADCURE-2397,58.3,2.0,Female,ECOG 0,Ex-smoker,Oropharynx,T2,N2b,0,train
662,RADCURE-0929,58.9,45.0,Male,ECOG 1,Current,Hypopharynx,T4a,N2c,1,train
1137,RADCURE-1690,74.5,60.0,Male,ECOG 1,Current,Unknown,T0,N2c,0,train
1424,RADCURE-2062,58.4,40.0,Male,ECOG 0,Ex-smoker,Larynx,T2,N0,0,train
2821,RADCURE-3758,62.7,5.0,Male,ECOG 0,Ex-smoker,Oropharynx,T2,N3,0,train
217,RADCURE-0309,63.4,80.0,Female,ECOG 2,Ex-smoker,Larynx,T3,N2c,0,train
1246,RADCURE-1839,45.9,0.0,Male,ECOG 0,Non-smoker,Nasopharynx,T4,N2,0,train
468,RADCURE-0652,65.0,50.0,Male,ECOG 2,Current,Oropharynx,T4a,N3,1,train
1393,RADCURE-2023,55.6,60.0,Male,ECOG 0,Current,Hypopharynx,T3,N2c,0,train
95,RADCURE-0141,64.3,16.0,Male,ECOG 0,Ex-smoker,Oropharynx,T3,N1,0,train
1333,RADCURE-1950,61.7,80.0,Male,ECOG 0,Current,Oropharynx,T2,N2b,0,train
2775,RADCURE-3673,70.0,15.0,Male,ECOG 1,Ex-smoker,Larynx,T4a,N2c,1,train
1069,RADCURE-1600,61.5,46.0,Male,ECOG 0,Current,Larynx,T2,N0,0,train
1491,RADCURE-2144,51.2,35.0,Male,ECOG 2,Ex-smoker,Oropharynx,T2,N3,0,train
2174,RADCURE-2938,51.7,42.0,Female,ECOG 0,Current,Larynx,T3,N2c,0,train
235,RADCURE-0330,63.0,0.0,Female,ECOG 0,Non-smoker,Oropharynx,T1,N2b,0,train
429,RADCURE-0595,71.8,25.0,Male,ECOG 0,Current,Hypopharynx,T3,N2b,0,train
412,RADCURE-0574,58.4,25.0,Male,ECOG 1,Current,Oropharynx,T3,N2c,0,train
550,RADCURE-0757,50.9,,Male,ECOG 1,Ex-smoker,Oropharynx,T2,N0,0,train
748,RADCURE-1041,55.9,0.0,Male,ECOG 0,Non-smoker,Nasopharynx,T3,N2,0,train
1797,RADCURE-2494,59.6,35.0,Male,ECOG 0,Ex-smoker,Larynx,T1a,N0,0,train
1849,RADCURE-2558,54.2,40.0,Male,ECOG 0,Current,Oropharynx,T1,N2b,0,train
2066,RADCURE-2812,42.3,5.0,Male,ECOG 0,Ex-smoker,Oropharynx,T1,N2b,0,train
2315,RADCURE-3099,79.3,10.0,Female,ECOG 0,Ex-smoker,Larynx,T1a,N0,0,train
305,RADCURE-0430,61.7,25.0,Male,ECOG 0,Ex-smoker,Larynx,Tis,N0,0,train
2815,RADCURE-3744,63.8,40.0,Male,ECOG 1,Current,Oropharynx,T4b,N2c,1,train
1955,RADCURE-2680,50.8,30.0,Male,ECOG 0,Ex-smoker,Larynx,T2,N0,0,train
740,RADCURE-1030,59.4,60.0,Male,ECOG 0,Ex-smoker,Larynx,T1a,N0,0,train
2863,RADCURE-4031,50.8,45.0,Male,ECOG 2,Ex-smoker,Larynx,T3,N0,1,train
1354,RADCURE-1977,61.4,40.0,Male,ECOG 2,Ex-smoker,Lip & Oral Cavity,T4b,N1,1,train
2762,RADCURE-3654,55.7,0.0,Male,ECOG 0,Non-smoker,Nasopharynx,T1,N1,0,train
433,RADCURE-0600,65.8,60.0,Female,ECOG 3,Current,Oropharynx,T4a,N0,1,train
2624,RADCURE-3463,47.7,30.0,Male,ECOG 0,Current,Paranasal Sinus,T4b,N0,0,train
1912,RADCURE-2628,67.9,50.0,Male,ECOG 1,Current,Oropharynx,T3,N3,0,train
1223,RADCURE-1803,41.8,34.0,Male,ECOG 0,Ex-smoker,Unknown,T0,N2c,0,train
2719,RADCURE-3594,42.1,0.0,Male,ECOG 0,Non-smoker,Oropharynx,T2,N2b,1,train
406,RADCURE-0568,61.9,42.0,Male,ECOG 0,Current,Oropharynx,T2,N0,0,train
2856,RADCURE-3917,81.9,30.0,Male,ECOG 1,Ex-smoker,Larynx,T3,N0,1,train
1625,RADCURE-2295,50.6,18.0,Male,ECOG 0,Ex-smoker,Oropharynx,T4a,N2c,0,train
547,RADCURE-0752,67.1,53.0,Male,ECOG 0,Current,Oropharynx,T4b,N1,0,train
1924,RADCURE-2642,70.8,60.0,Female,ECOG 0,Current,Oropharynx,T1,N0,0,train
1373,RADCURE-2000,78.7,0.0,Female,ECOG 0,Non-smoker,Oropharynx,T4b,N2c,1,train
2251,RADCURE-3024,57.7,0.0,Male,ECOG 0,Non-smoker,Larynx,T1a,N0,0,train
297,RADCURE-0418,80.1,75.0,Female,ECOG 1,Ex-smoker,Larynx,T1a,N0,0,train
355,RADCURE-0499,65.9,0.0,Male,ECOG 0,Non-smoker,Larynx,T1a,N0,0,train
1250,RADCURE-1844,60.5,25.0,Male,ECOG 0,Ex-smoker,Larynx,T4a,N0,0,train
1905,RADCURE-2619,75.5,20.0,Male,ECOG 2,Ex-smoker,Hypopharynx,T3,N1,1,train
1819,RADCURE-2520,51.9,15.0,Male,ECOG 0,Ex-smoker,Nasopharynx,T3,N2,0,train
1864,RADCURE-2574,51.9,30.0,Male,ECOG 0,Current,Larynx,T3,N2b,0,train
1527,RADCURE-2182,72.0,30.0,Male,ECOG 0,Ex-smoker,Larynx,T1a,N0,0,train
2187,RADCURE-2953,58.0,9.0,Male,ECOG 0,Ex-smoker,Nasopharynx,T4,N0,0,train
1378,RADCURE-2005,74.3,7.0,Male,ECOG 0,Ex-smoker,Unknown,T0,N3,1,train
657,RADCURE-0922,65.1,30.0,Male,ECOG 1,Current,Oropharynx,T1,N2a,0,train
2194,RADCURE-2960,49.4,0.0,Female,ECOG 1,Non-smoker,Nasopharynx,T4,N2,0,train
2610,RADCURE-3445,54.2,15.0,Male,ECOG 1,Current,Nasopharynx,T4,N2,0,train
1668,RADCURE-2348,66.1,40.0,Male,ECOG 0,Current,Larynx,T3,N0,0,train
1581,RADCURE-2245,51.0,0.0,Female,ECOG 2,Non-smoker,Oropharynx,T3,N2b,0,train
2118,RADCURE-2872,61.2,45.0,Male,ECOG 2,Current,Hypopharynx,T3,N2c,0,train
275,RADCURE-0388,59.1,60.0,Male,ECOG 2,Ex-smoker,Hypopharynx,T2,N3,0,train
1256,RADCURE-1852,42.8,0.0,Male,ECOG 0,Non-smoker,Nasopharynx,T1,N2,0,train
1050,RADCURE-1573,59.1,35.0,Male,ECOG 0,Ex-smoker,Esophagus,T3,N0,0,train
918,RADCURE-1390,42.6,25.0,Male,ECOG 2,Current,Oropharynx,T3,N1,1,train
2868,RADCURE-4038,80.0,25.0,Male,ECOG 2,Ex-smoker,Hypopharynx,T4a,N2b,1,train
783,RADCURE-1092,61.7,60.0,Male,ECOG 1,Current,Larynx,T1b,N0,1,train
652,RADCURE-0914,72.5,60.0,Female,ECOG 2,Current,Oropharynx,T2,N1,1,train
2787,RADCURE-3689,41.8,2.0,Male,ECOG 0,Current,Nasopharynx,T3,N1,0,train
2816,RADCURE-3746,63.8,20.0,Male,ECOG 1,Current,Lip & Oral Cavity,T4a,N1,1,train
2056,RADCURE-2802,57.7,0.0,Female,ECOG 1,Non-smoker,Oropharynx,T3,N2c,0,train
2306,RADCURE-3087,56.8,0.0,Female,ECOG 1,Non-smoker,Lip & Oral Cavity,T4a,N2c,1,train
766,RADCURE-1068,72.6,40.0,Male,ECOG 1,Ex-smoker,Hypopharynx,T3,N2c,1,train
1991,RADCURE-2727,61.9,0.0,Female,ECOG 0,Non-smoker,Oropharynx,T4a,N0,0,train
854,RADCURE-1296,72.8,60.0,Male,ECOG 0,Current,Larynx,T2,N0,0,train
1340,RADCURE-1959,67.7,15.0,Female,ECOG 0,Ex-smoker,Esophagus,Missing,N1,1,train
1486,RADCURE-2135,62.6,0.0,Female,ECOG 1,Non-smoker,Oropharynx,T4a,N2c,0,train
2211,RADCURE-2981,71.9,15.0,Male,ECOG 0,Ex-smoker,Nasopharynx,T3,N1,0,train
427,RADCURE-0593,72.4,,Female,ECOG 1,Unknown,Sarcoma,T2a,N0,0,train
847,RADCURE-1286,71.6,60.0,Male,ECOG 0,Ex-smoker,Oropharynx,T2,N2b,0,train
2353,RADCURE-3141,54.8,12.0,Female,ECOG 0,Ex-smoker,Oropharynx,T1,N2b,0,train
1434,RADCURE-2073,46.2,40.0,Male,ECOG 3,Current,Oropharynx,T4b,N2c,1,train
1468,RADCURE-2114,62.9,32.0,Male,ECOG 0,Ex-smoker,Oropharynx,T4a,N2c,0,train
115,RADCURE-0171,64.2,20.0,Female,ECOG 0,Ex-smoker,Oropharynx,T2,N1,0,train
1921,RADCURE-2638,57.1,0.0,Male,ECOG 0,Non-smoker,Oropharynx,T2,N2c,0,train
2228,RADCURE-2999,59.9,40.0,Male,ECOG 0,Current,Hypopharynx,T2,N2c,0,train
1519,RADCURE-2174,82.8,40.0,Male,ECOG 0,Ex-smoker,Larynx,T2,N0,0,train
284,RADCURE-0401,52.8,0.0,Male,ECOG 0,Non-smoker,Oropharynx,T1,N2b,0,train
2745,RADCURE-3631,62.7,18.0,Male,ECOG 1,Ex-smoker,Oropharynx,T3,N2c,0,train
578,RADCURE-0801,72.7,60.0,Male,ECOG 2,Ex-smoker,Hypopharynx,T4a,N2b,0,train
2096,RADCURE-2846,62.4,12.0,Male,ECOG 1,Ex-smoker,Oropharynx,T3,N2b,0,train
390,RADCURE-0547,74.4,50.0,Male,ECOG 0,Ex-smoker,Larynx,T1a,N0,0,train
2783,RADCURE-3683,69.7,0.0,Male,ECOG 0,Non-smoker,Oropharynx,T2,N2c,0,train
172,RADCURE-0252,81.4,34.0,Female,ECOG 1,Ex-smoker,Larynx,T3,N0,1,train
1504,RADCURE-2158,48.3,0.0,Male,ECOG 0,Non-smoker,Oropharynx,T2,N2a,0,train
1374,RADCURE-2001,63.4,35.0,Male,ECOG 2,Ex-smoker,Larynx,T3,N0,1,train
911,RADCURE-1381,54.9,35.0,Male,ECOG 0,Ex-smoker,Oropharynx,T2,N2b,0,train
4,RADCURE-0010,59.7,0.0,Female,ECOG 0,Non-smoker,Oropharynx,T4b,N0,0,train
2145,RADCURE-2907,61.7,42.0,Female,ECOG 1,Ex-smoker,Oropharynx,T2,N0,0,train
1623,RADCURE-2292,79.2,70.0,Male,ECOG 1,Ex-smoker,Larynx,T4a,N0,1,train
1154,RADCURE-1716,74.9,50.0,Male,ECOG 0,Current,Oropharynx,T4a,N0,0,train
478,RADCURE-0663,43.7,1.0,Male,ECOG 0,Ex-smoker,Nasopharynx,T2,N2,0,train
628,RADCURE-0879,69.4,10.0,Male,ECOG 1,Ex-smoker,Oropharynx,T2,N3,0,train
606,RADCURE-0838,83.4,20.0,Male,ECOG 0,Ex-smoker,Larynx,T1a,N0,0,train
2791,RADCURE-3694,62.8,60.0,Male,ECOG 1,Current,Larynx,T3,N3,1,train
124,RADCURE-0187,59.8,30.0,Male,ECOG 0,Ex-smoker,Oropharynx,T3,N0,0,train
1179,RADCURE-1746,78.0,50.0,Male,ECOG 1,Ex-smoker,Lip & Oral Cavity,T1,N0,0,train
672,RADCURE-0942,65.5,40.0,Male,ECOG 0,Ex-smoker,Oropharynx,T4a,N1,0,train
122,RADCURE-0185,54.5,,Male,ECOG 1,Unknown,Sarcoma,Missing,Missing,0,train
1791,RADCURE-2488,57.0,20.0,Male,ECOG 0,Ex-smoker,Hypopharynx,T3,N0,0,train
663,RADCURE-0930,83.6,5.0,Male,ECOG 1,Ex-smoker,Lip & Oral Cavity,T4b,N1,1,train
5,RADCURE-0011,72.3,55.0,Male,ECOG 0,Current,Larynx,T1a,N0,0,train
2520,RADCURE-3331,67.8,35.0,Male,ECOG 1,Ex-smoker,Oropharynx,T4a,N2c,0,train
2336,RADCURE-3122,61.8,10.0,Male,ECOG 0,Ex-smoker,Larynx,T1a,N0,0,train
1341,RADCURE-1960,55.3,5.0,Female,ECOG 2,Ex-smoker,Nasal Cavity,T4b,N0,1,train
1093,RADCURE-1630,61.0,45.0,Male,ECOG 1,Ex-smoker,Oropharynx,T1,N2b,1,train
1503,RADCURE-2157,71.0,55.0,Male,ECOG 1,Ex-smoker,Oropharynx,T3,N2c,1,train
359,RADCURE-0504,46.6,20.0,Female,ECOG 2,Current,Nasal Cavity,T2,N0,0,train
890,RADCURE-1352,65.0,25.0,Male,ECOG 0,Current,Oropharynx,T1,N2b,0,train
377,RADCURE-0529,62.0,0.0,Male,ECOG 0,Non-smoker,Oropharynx,T2,N2b,0,train
10,RADCURE-0017,59.7,40.0,Male,ECOG 0,Current,Oropharynx,T3,N0,0,train
865,RADCURE-1319,71.9,90.0,Female,ECOG 0,Current,Larynx,T3,N0,0,train
780,RADCURE-1088,60.4,40.0,Male,ECOG 0,Current,Oropharynx,T2,N2a,0,train
1682,RADCURE-2364,50.2,0.0,Male,ECOG 0,Non-smoker,Oropharynx,T3,N2c,0,train
2367,RADCURE-3157,87.5,0.0,Male,ECOG 2,Non-smoker,Esophagus,T3,N1,1,train
497,RADCURE-0689,52.4,0.0,Male,ECOG 0,Non-smoker,Oropharynx,T2,N2b,0,train
1577,RADCURE-2241,58.3,10.0,Male,ECOG 0,Ex-smoker,Oropharynx,T3,N2c,0,train
2456,RADCURE-3257,48.7,0.0,Male,ECOG 0,Non-smoker,Oropharynx,T2,N2c,0,train
1470,RADCURE-2116,57.9,20.0,Male,ECOG 0,Current,Unknown,T0,N2b,0,train
685,RADCURE-0957,80.5,0.0,Female,ECOG 1,Non-smoker,Oropharynx,T2,N0,1,train
981,RADCURE-1488,74.7,2.0,Male,ECOG 0,Ex-smoker,Larynx,T2,N0,0,train
687,RADCURE-0959,72.5,90.0,Male,ECOG 1,Current,Oropharynx,T3,N2c,0,train
2199,RADCURE-2966,66.3,20.0,Male,ECOG 1,Ex-smoker,Hypopharynx,T4a,N0,0,train
584,RADCURE-0808,56.6,0.0,Female,ECOG 0,Non-smoker,Nasopharynx,T4,N1,0,train
2696,RADCURE-3565,64.0,,Male,ECOG 1,Unknown,Nasopharynx,T1,N1,0,train
875,RADCURE-1330,63.8,30.0,Female,ECOG 0,Current,Larynx,T2,N0,0,train
2447,RADCURE-3247,57.3,60.0,Male,ECOG 0,Current,Larynx,T2,N0,0,train
927,RADCURE-1406,76.0,20.0,Male,ECOG 2,Ex-smoker,Larynx,T3,N0,0,train
1162,RADCURE-1725,50.1,0.0,Male,ECOG 2,Non-smoker,Oropharynx,T4a,N2b,0,train
1540,RADCURE-2200,73.3,0.0,Male,ECOG 2,Non-smoker,Oropharynx,T2,N2b,0,train
2152,RADCURE-2916,53.6,0.0,Male,ECOG 0,Non-smoker,Oropharynx,T2,N2b,0,train
2048,RADCURE-2794,61.5,60.0,Male,ECOG 0,Current,Nasal Cavity,T4a,N0,0,train
2602,RADCURE-3435,65.0,40.0,Male,ECOG 0,Ex-smoker,Oropharynx,T2,N2b,0,train
2002,RADCURE-2739,46.0,30.0,Male,ECOG 0,Current,Larynx,T4a,N0,1,train
516,RADCURE-0716,58.3,25.0,Female,ECOG 1,Ex-smoker,Larynx,T4a,N2c,1,train
1659,RADCURE-2336,66.6,45.0,Male,ECOG 1,Ex-smoker,Oropharynx,T2,N2b,0,train
1861,RADCURE-2571,69.0,40.0,Male,ECOG 1,Current,Oropharynx,T4a,N2b,0,train
410,RADCURE-0572,76.9,30.0,Female,Missing,Ex-smoker,Lip & Oral Cavity,Tis,N0,0,train
1311,RADCURE-1923,61.0,40.0,Male,ECOG 0,Current,Larynx,T1b,N0,0,train
809,RADCURE-1220,76.0,10.0,Male,ECOG 2,Ex-smoker,Oropharynx,T2,N2b,1,train
1239,RADCURE-1827,67.9,45.0,Male,ECOG 1,Ex-smoker,Hypopharynx,T4a,N2c,1,train
199,RADCURE-0288,46.7,30.0,Male,ECOG 0,Ex-smoker,Oropharynx,T2,N2b,0,train
383,RADCURE-0537,73.6,30.0,Female,ECOG 1,Ex-smoker,Larynx,T1a,N0,0,train
1413,RADCURE-2048,72.2,75.0,Male,ECOG 0,Ex-smoker,Larynx,T3,N0,1,train
1399,RADCURE-2030,48.4,40.0,Male,ECOG 0,Current,Oropharynx,T1,N2b,0,train
1986,RADCURE-2720,47.8,30.0,Male,ECOG 1,Current,Hypopharynx,T2,N3,0,train
1236,RADCURE-1823,82.2,70.0,Male,ECOG 1,Current,Larynx,T2,N0,0,train
2797,RADCURE-3706,82.5,17.0,Male,ECOG 1,Ex-smoker,Larynx,T2,N2a,0,train
739,RADCURE-1029,66.1,40.0,Male,ECOG 0,Ex-smoker,Unknown,Missing,N2b,0,train
1526,RADCURE-2181,58.8,0.0,Male,ECOG 0,Non-smoker,Oropharynx,T1,N2b,0,train
2814,RADCURE-3742,62.2,0.0,Male,ECOG 1,Non-smoker,Oropharynx,T1,N2c,0,train
1367,RADCURE-1993,72.4,50.0,Male,ECOG 1,Current,Oropharynx,T3,N1,1,train
1160,RADCURE-1723,60.1,0.0,Female,ECOG 0,Non-smoker,Nasopharynx,T3,N2,0,train
817,RADCURE-1243,67.0,0.0,Male,ECOG 1,Non-smoker,Hypopharynx,T3,N2c,1,train
942,RADCURE-1427,69.2,30.0,Male,ECOG 0,Ex-smoker,Larynx,T1a,N0,0,train
1553,RADCURE-2215,52.8,0.0,Male,ECOG 0,Non-smoker,Oropharynx,T2,N2b,0,train
616,RADCURE-0857,64.2,45.0,Male,ECOG 1,Current,Nasopharynx,T3,N0,0,train
669,RADCURE-0938,44.5,10.0,Male,ECOG 1,Ex-smoker,Nasopharynx,T1,N1,0,train
1897,RADCURE-2610,36.7,0.0,Female,ECOG 0,Non-smoker,Nasopharynx,T4,N2,0,train
1893,RADCURE-2606,67.4,35.0,Male,ECOG 0,Ex-smoker,Larynx,T3,N0,0,train
566,RADCURE-0783,65.1,25.0,Male,ECOG 1,Ex-smoker,Oropharynx,T1,N1,0,train
1908,RADCURE-2624,51.3,0.0,Male,ECOG 0,Non-smoker,Oropharynx,T2,N2b,0,train
644,RADCURE-0905,58.5,40.0,Male,ECOG 0,Current,Oropharynx,T4a,N2a,0,train
2119,RADCURE-2873,62.5,0.0,Male,ECOG 1,Non-smoker,Nasopharynx,T4,N2,0,train
15,RADCURE-0025,69.3,35.0,Male,ECOG 0,Ex-smoker,Oropharynx,T3,N2b,0,train
1,RADCURE-0006,87.3,25.0,Male,ECOG 2,Ex-smoker,Larynx,T1b,N0,1,train
1067,RADCURE-1595,60.5,60.0,Male,ECOG 0,Current,Oropharynx,T1,N3,0,train
536,RADCURE-0740,42.5,0.0,Male,ECOG 0,Non-smoker,Unknown,T0,N2b,0,train
2440,RADCURE-3240,55.7,12.5,Male,ECOG 0,Ex-smoker,Larynx,T1a,N0,0,train
1827,RADCURE-2529,66.1,50.0,Male,ECOG 0,Current,Oropharynx,T3,N0,1,train
165,RADCURE-0244,77.7,0.0,Male,ECOG 0,Non-smoker,Oropharynx,T2,N2c,0,train
1677,RADCURE-2358,85.4,40.0,Male,ECOG 0,Ex-smoker,Larynx,T1b,N0,0,train
2562,RADCURE-3387,51.8,15.0,Female,ECOG 0,Current,Nasal Cavity,T2,N1,0,train
1978,RADCURE-2710,63.9,40.0,Male,ECOG 1,Ex-smoker,Oropharynx,T2,N0,0,train
1930,RADCURE-2648,63.2,40.0,Male,ECOG 0,Current,Nasopharynx,T1,N2,0,train
2138,RADCURE-2900,57.0,8.0,Male,ECOG 0,Ex-smoker,Larynx,T2,N0,0,train
966,RADCURE-1471,39.9,0.0,Male,ECOG 0,Non-smoker,Nasopharynx,T1,N2,0,train
594,RADCURE-0823,80.0,0.0,Female,ECOG 2,Non-smoker,Larynx,T3,N0,0,train
1745,RADCURE-2437,65.9,40.0,Female,ECOG 0,Current,Lip & Oral Cavity,T2,N0,0,train
789,RADCURE-1123,56.6,0.0,Female,ECOG 0,Non-smoker,Nasopharynx,T1,N1,0,train
1566,RADCURE-2229,56.5,40.0,Female,ECOG 0,Current,Oropharynx,T1,N2c,1,train
557,RADCURE-0767,72.5,40.0,Male,ECOG 0,Ex-smoker,Oropharynx,T1,N0,0,train
1477,RADCURE-2124,82.4,40.0,Male,ECOG 1,Ex-smoker,Larynx,T1a,N0,0,train
325,RADCURE-0455,62.2,45.0,Female,ECOG 1,Current,Nasal Cavity,T2,N1,0,train
212,RADCURE-0304,68.4,33.0,Female,ECOG 1,Current,Hypopharynx,T2,N2b,0,train
2246,RADCURE-3019,88.5,0.0,Female,ECOG 0,Non-smoker,Lip & Oral Cavity,T2,N0,0,train
1689,RADCURE-2371,58.1,0.0,Male,ECOG 0,Non-smoker,Nasopharynx,T3,N1,0,train
1435,RADCURE-2074,64.5,0.0,Female,ECOG 0,Non-smoker,Esophagus,T1,N0,1,train
361,RADCURE-0506,53.0,7.0,Female,ECOG 0,Ex-smoker,Larynx,T3,N2c,0,train
1148,RADCURE-1707,61.8,60.0,Male,ECOG 0,Current,Larynx,T2,N0,0,train
618,RADCURE-0860,61.3,0.0,Male,ECOG 0,Non-smoker,Oropharynx,T3,N1,0,train
749,RADCURE-1045,81.7,50.0,Male,ECOG 2,Ex-smoker,Oropharynx,T4b,N2b,1,train
2717,RADCURE-3592,46.6,10.0,Male,ECOG 0,Ex-smoker,Nasopharynx,T3,N1,0,train
1170,RADCURE-1735,52.5,24.0,Male,ECOG 0,Current,Oropharynx,T1,N0,0,train
2622,RADCURE-3459,74.3,50.0,Male,ECOG 1,Current,Larynx,T2,N0,0,train
2219,RADCURE-2990,58.0,15.0,Female,ECOG 1,Ex-smoker,Larynx,Tis,N0,0,train
1558,RADCURE-2220,76.2,30.0,Male,ECOG 2,Ex-smoker,Oropharynx,T4b,N1,1,train
484,RADCURE-0669,49.6,20.0,Male,ECOG 0,Current,Nasopharynx,T2,N2,0,train
859,RADCURE-1307,58.8,70.0,Female,ECOG 1,Ex-smoker,Oropharynx,T3,N3,1,train
839,RADCURE-1276,61.7,20.0,Male,ECOG 0,Current,Lip & Oral Cavity,T1,N0,0,train
2385,RADCURE-3178,73.9,30.0,Female,ECOG 0,Current,Larynx,T3,N0,0,train
2565,RADCURE-3390,70.8,75.0,Male,ECOG 0,Ex-smoker,Oropharynx,T4a,N0,0,train
517,RADCURE-0718,53.1,0.0,Male,ECOG 0,Non-smoker,Oropharynx,T2,N2b,0,train
1735,RADCURE-2425,75.9,17.0,Male,ECOG 0,Ex-smoker,Lip & Oral Cavity,T4a,N2b,0,train
936,RADCURE-1416,77.4,45.0,Male,ECOG 1,Current,Larynx,T3,N0,0,train
1800,RADCURE-2498,55.3,80.0,Female,ECOG 1,Current,Oropharynx,T4a,N2b,1,train
2689,RADCURE-3556,56.2,0.0,Male,ECOG 1,Non-smoker,Oropharynx,T4a,N2b,1,train
1603,RADCURE-2269,50.7,,Male,ECOG 0,Unknown,Nasopharynx,T2,N2,0,train
2378,RADCURE-3169,58.2,40.0,Female,ECOG 3,Current,Oropharynx,T4b,N0,1,train
2484,RADCURE-3291,71.0,20.0,Male,ECOG 1,Ex-smoker,Oropharynx,T2,N2b,0,train
2089,RADCURE-2838,43.9,0.0,Male,ECOG 0,Non-smoker,Oropharynx,T4a,N2b,0,train
1977,RADCURE-2709,73.6,0.0,Male,ECOG 0,Ex-smoker,Hypopharynx,T3,N2c,0,train
2030,RADCURE-2773,51.5,0.0,Male,ECOG 0,Non-smoker,Oropharynx,T2,N2b,0,train
912,RADCURE-1382,55.5,10.0,Male,ECOG 1,Ex-smoker,Nasopharynx,T1,N0,0,train
1310,RADCURE-1922,54.4,1.0,Male,ECOG 1,Ex-smoker,Nasopharynx,T2,N2,0,train
999,RADCURE-1510,67.3,0.0,Female,ECOG 0,Non-smoker,Nasopharynx,T4,N2,0,train
2568,RADCURE-3395,70.4,0.0,Male,ECOG 0,Non-smoker,Oropharynx,T2,N2a,0,train
1992,RADCURE-2728,72.0,25.0,Female,Missing,Ex-smoker,Skin,T4,N0,0,train
1279,RADCURE-1880,42.4,3.0,Female,ECOG 0,Ex-smoker,Nasopharynx,T4,N1,0,train
1260,RADCURE-1857,73.5,0.0,Female,ECOG 3,Non-smoker,Larynx,T2,N2c,0,train
2405,RADCURE-3199,82.5,0.0,Male,ECOG 0,Non-smoker,Larynx,T2,N0,0,train
2063,RADCURE-2809,74.0,0.0,Male,ECOG 0,Non-smoker,Larynx,T1a,N0,0,train
1931,RADCURE-2649,61.0,15.0,Male,ECOG 0,Ex-smoker,Oropharynx,T3,N0,0,train
2774,RADCURE-3671,65.5,0.0,Male,ECOG 1,Non-smoker,Oropharynx,T3,N2a,0,train
957,RADCURE-1459,66.8,22.0,Male,ECOG 0,Ex-smoker,Oropharynx,T3,N2b,0,train
1788,RADCURE-2485,66.2,3.0,Male,ECOG 0,Ex-smoker,Oropharynx,T3,N3,0,train
2084,RADCURE-2833,70.5,15.0,Male,ECOG 0,Ex-smoker,Oropharynx,T2,N2b,0,train
1133,RADCURE-1685,47.9,30.0,Female,ECOG 0,Current,Oropharynx,T2,N2b,0,train
603,RADCURE-0834,59.6,0.0,Male,ECOG 0,Non-smoker,Oropharynx,T3,N2c,0,train
2584,RADCURE-3412,65.2,50.0,Female,ECOG 0,Current,Unknown,T0,N2b,0,train
2578,RADCURE-3405,63.0,20.0,Male,ECOG 0,Ex-smoker,Oropharynx,T4a,N2c,1,train
1688,RADCURE-2370,64.4,80.0,Male,ECOG 1,Ex-smoker,Larynx,T2,N0,0,train
1450,RADCURE-2091,71.7,0.0,Female,ECOG 1,Non-smoker,Oropharynx,T3,N2c,0,train
145,RADCURE-0213,51.9,5.0,Male,ECOG 0,Ex-smoker,Oropharynx,T3,N2c,0,train
974,RADCURE-1481,77.0,0.0,Male,ECOG 0,Non-smoker,Larynx,T1b,N0,0,train
2464,RADCURE-3265,38.0,0.0,Male,ECOG 0,Non-smoker,Nasopharynx,T4,N1,0,train
2444,RADCURE-3244,59.1,40.0,Male,ECOG 0,Current,Oropharynx,T2,N3,0,train
2684,RADCURE-3548,59.1,8.0,Male,ECOG 0,Ex-smoker,Larynx,T2,N0,0,train
1258,RADCURE-1855,73.5,5.0,Female,ECOG 1,Ex-smoker,Oropharynx,T2,N2b,0,train
1296,RADCURE-1900,48.5,35.0,Male,ECOG 1,Ex-smoker,Larynx,T3,N2c,0,train
1514,RADCURE-2168,59.6,0.0,Male,ECOG 1,Non-smoker,Oropharynx,T4a,N0,0,train
474,RADCURE-0658,73.6,60.0,Male,ECOG 1,Current,Oropharynx,T1,N3,1,train
461,RADCURE-0639,53.2,10.0,Female,ECOG 0,Ex-smoker,Oropharynx,T1,N2b,0,train
901,RADCURE-1367,50.0,0.0,Male,ECOG 0,Non-smoker,Oropharynx,T1,N2c,0,train
2570,RADCURE-3397,40.2,5.0,Male,ECOG 1,Ex-smoker,Nasopharynx,T3,N2,0,train
1191,RADCURE-1762,55.4,1.0,Male,ECOG 3,Ex-smoker,Oropharynx,T3,N2b,0,train
747,RADCURE-1040,43.6,25.0,Male,ECOG 1,Ex-smoker,Oropharynx,T4a,N0,0,train
1471,RADCURE-2117,60.3,45.0,Male,ECOG 1,Current,Unknown,T0,N1,0,train
2569,RADCURE-3396,66.9,25.0,Male,ECOG 1,Ex-smoker,Oropharynx,T3,N2b,0,train
731,RADCURE-1018,58.2,50.0,Male,ECOG 0,Current,Oropharynx,T3,N2c,1,train
2713,RADCURE-3587,74.1,50.0,Male,ECOG 1,Current,Larynx,T4a,N2b,1,train
1165,RADCURE-1729,40.8,,Female,ECOG 0,Unknown,Nasal Cavity,T3,N0,0,train
2196,RADCURE-2963,21.6,0.0,Male,ECOG 0,Non-smoker,Nasopharynx,T3,N1,0,train
569,RADCURE-0787,67.2,30.0,Male,ECOG 1,Current,Oropharynx,T3,N2b,1,train
694,RADCURE-0971,63.6,45.0,Male,ECOG 1,Ex-smoker,Larynx,T2,N0,0,train
1902,RADCURE-2616,41.4,30.0,Male,ECOG 0,Current,Oropharynx,T2,N2c,0,train
1560,RADCURE-2222,71.5,25.0,Male,ECOG 0,Current,Larynx,T3,N0,0,train
2006,RADCURE-2744,68.4,60.0,Male,ECOG 1,Ex-smoker,Hypopharynx,T3,N2c,0,train
1171,RADCURE-1736,55.7,135.0,Male,ECOG 1,Current,Oropharynx,T3,N0,0,train
1445,RADCURE-2085,75.0,20.0,Male,ECOG 1,Ex-smoker,Oropharynx,T2,N2b,0,train
2080,RADCURE-2828,70.8,30.0,Female,ECOG 2,Ex-smoker,Oropharynx,T4b,N2b,0,train
502,RADCURE-0696,90.0,40.0,Male,ECOG 0,Ex-smoker,Larynx,T1a,N0,1,train
651,RADCURE-0913,53.3,25.0,Male,ECOG 0,Current,Oropharynx,T4a,N2c,0,train
2793,RADCURE-3696,60.3,0.0,Male,ECOG 1,Non-smoker,Oropharynx,T3,N0,0,train
2090,RADCURE-2839,52.3,38.0,Male,ECOG 0,Current,Oropharynx,T2,N2b,0,train
20,RADCURE-0031,58.1,10.0,Female,ECOG 1,Ex-smoker,Oropharynx,T4a,N1,0,train
1187,RADCURE-1755,66.5,30.0,Male,ECOG 1,Ex-smoker,Oropharynx,T3,N0,1,train
1547,RADCURE-2208,68.6,60.0,Male,ECOG 0,Ex-smoker,Oropharynx,T2,N0,0,train
2154,RADCURE-2918,76.1,0.0,Male,ECOG 0,Non-smoker,Oropharynx,T1,N3,0,train
2131,RADCURE-2890,61.2,40.0,Female,ECOG 1,Current,Nasal Cavity,T4b,N3,0,train
1360,RADCURE-1984,57.9,5.0,Male,ECOG 0,Current,Hypopharynx,T2,N3,1,train
1455,RADCURE-2097,32.7,0.0,Male,ECOG 0,Non-smoker,Nasopharynx,T2,N1,0,train
491,RADCURE-0680,51.6,0.0,Male,ECOG 0,Non-smoker,Unknown,T0,N2a,0,train
452,RADCURE-0627,73.5,20.0,Male,ECOG 0,Ex-smoker,Oropharynx,T2,N2a,0,train
1119,RADCURE-1668,46.7,60.0,Male,ECOG 0,Ex-smoker,Oropharynx,T2,N2b,0,train
164,RADCURE-0243,72.0,0.0,Male,ECOG 0,Non-smoker,Larynx,T3,N0,0,train
1729,RADCURE-2417,77.3,0.0,Male,ECOG 1,Non-smoker,Hypopharynx,T2,N1,0,train
75,RADCURE-0111,53.2,0.0,Male,ECOG 0,Non-smoker,Nasopharynx,T1,N1,0,train
207,RADCURE-0298,72.5,8.0,Male,ECOG 0,Ex-smoker,Larynx,Tis,N0,0,train
679,RADCURE-0951,68.0,75.0,Male,ECOG 0,Current,Oropharynx,T2,N2a,0,train
2564,RADCURE-3389,64.7,40.0,Male,ECOG 1,Current,Oropharynx,T3,N2c,0,train
2343,RADCURE-3130,60.0,45.0,Female,ECOG 1,Current,Oropharynx,T2,N2b,0,train
171,RADCURE-0251,62.8,20.0,Male,ECOG 1,Current,Oropharynx,T3,N2c,1,train
742,RADCURE-1033,57.4,18.0,Male,ECOG 0,Current,Oropharynx,T2,N2b,0,train
1406,RADCURE-2038,38.8,10.0,Male,ECOG 0,Current,Nasopharynx,T3,N1,0,train
117,RADCURE-0174,63.1,0.0,Male,ECOG 0,Non-smoker,Nasopharynx,T2,N1,0,train
746,RADCURE-1039,77.4,0.0,Male,ECOG 0,Non-smoker,Larynx,T3,N0,0,train
2923,RADCURE-4107,58.1,5.0,Female,ECOG 0,Ex-smoker,Oropharynx,T3,N1,0,train
2234,RADCURE-3006,51.3,17.0,Male,ECOG 0,Ex-smoker,Oropharynx,T2,N2c,0,train
1083,RADCURE-1617,76.9,80.0,Male,ECOG 1,Ex-smoker,Larynx,T1b,N0,0,train
2132,RADCURE-2891,64.3,5.0,Male,ECOG 1,Ex-smoker,Oropharynx,T1,N2b,0,train
2207,RADCURE-2976,65.7,0.0,Female,ECOG 1,Non-smoker,Oropharynx,T3,N1,0,train
450,RADCURE-0623,63.5,100.0,Male,ECOG 0,Current,Larynx,T1,N2b,1,train
103,RADCURE-0151,77.9,0.0,Male,ECOG 3,Non-smoker,Lip & Oral Cavity,T2,N0,0,train
1690,RADCURE-2372,32.2,,Female,ECOG 0,Unknown,Sarcoma,T2b,N1,1,train
2862,RADCURE-4030,70.7,56.0,Female,ECOG 1,Current,Larynx,T3,N1,1,train
294,RADCURE-0414,66.1,20.0,Male,ECOG 1,Current,Oropharynx,T1,N2c,1,train
2292,RADCURE-3071,62.3,30.0,Female,ECOG 2,Non-smoker,Nasal Cavity,T2,N2b,0,train
722,RADCURE-1004,55.7,30.0,Male,ECOG 0,Ex-smoker,Nasopharynx,T2,N2,0,train
2279,RADCURE-3055,72.0,30.0,Male,ECOG 0,Ex-smoker,Hypopharynx,T1,N3,0,train
385,RADCURE-0542,80.1,50.0,Male,ECOG 1,Ex-smoker,Larynx,T3,N2a,0,train
1449,RADCURE-2089,82.6,40.0,Female,ECOG 1,Current,Salivary Glands,T1,N0,0,train
32,RADCURE-0053,74.4,0.0,Male,ECOG 0,Non-smoker,Oropharynx,T4a,N2c,0,train
2087,RADCURE-2836,65.2,15.0,Female,ECOG 0,Ex-smoker,Oropharynx,T3,N2a,0,train
2304,RADCURE-3084,70.0,20.0,Male,ECOG 1,Ex-smoker,Hypopharynx,T3,N2c,0,train
1969,RADCURE-2696,53.1,0.0,Female,ECOG 0,Non-smoker,Oropharynx,T1,N2a,0,train
1612,RADCURE-2279,64.7,40.0,Male,ECOG 1,Current,Hypopharynx,T3,N2c,0,train
1204,RADCURE-1779,60.1,33.0,Male,ECOG 0,Current,Larynx,T1a,N0,0,train
1382,RADCURE-2009,65.7,45.0,Female,ECOG 2,Current,Larynx,T3,N0,0,train
336,RADCURE-0471,65.5,50.0,Male,ECOG 1,Current,Oropharynx,T4b,N2c,0,train
1632,RADCURE-2304,31.3,8.0,Male,ECOG 0,Current,Oropharynx,T1,N2b,0,train
2242,RADCURE-3015,67.5,0.0,Male,ECOG 0,Non-smoker,Oropharynx,T3,N2c,0,train
38,RADCURE-0059,67.5,49.0,Male,ECOG 0,Current,Oropharynx,T4a,N3,0,train
1909,RADCURE-2625,52.1,20.0,Male,ECOG 0,Current,Oropharynx,T2,N2b,0,train
186,RADCURE-0273,65.9,70.0,Male,ECOG 1,Current,Larynx,T3,N0,0,train
2583,RADCURE-3410,59.6,0.0,Male,ECOG 0,Non-smoker,Unknown,T0,N2b,0,train
2894,RADCURE-4071,73.2,60.0,Male,ECOG 0,Current,Oropharynx,T2,N0,0,train
1343,RADCURE-1962,63.2,30.0,Male,ECOG 0,Ex-smoker,Lip & Oral Cavity,T2,N0,1,train
432,RADCURE-0599,54.6,0.0,Male,ECOG 0,Non-smoker,Oropharynx,T1,N2b,0,train
568,RADCURE-0786,57.8,0.0,Male,ECOG 0,Non-smoker,Oropharynx,T2,N2b,0,train
2637,RADCURE-3484,54.8,14.0,Male,ECOG 0,Current,Unknown,T0,N3,0,train
892,RADCURE-1355,61.1,100.0,Male,ECOG 1,Current,Oropharynx,T3,N1,0,train
1764,RADCURE-2457,61.7,70.0,Male,ECOG 1,Current,Larynx,T1,N1,1,train
1789,RADCURE-2486,62.5,15.0,Male,ECOG 1,Ex-smoker,Esophagus,T3,N0,1,train
1780,RADCURE-2476,44.5,5.0,Male,ECOG 0,Ex-smoker,Nasopharynx,T1,N2,0,train
1111,RADCURE-1655,60.0,40.0,Male,ECOG 0,Current,Unknown,T0,N2b,0,train
28,RADCURE-0046,57.1,2.0,Female,ECOG 0,Ex-smoker,Oropharynx,T1,N2a,0,train
331,RADCURE-0463,64.3,50.0,Female,ECOG 1,Current,Oropharynx,T3,N2b,0,train
1186,RADCURE-1754,62.5,40.0,Male,Missing,Current,Unknown,T0,N2c,0,train
2769,RADCURE-3662,52.0,35.0,Male,ECOG 0,Current,Larynx,Tis,N0,0,train
1339,RADCURE-1958,44.8,2.0,Male,ECOG 0,Ex-smoker,Oropharynx,T1,N2a,0,train
1875,RADCURE-2585,75.8,60.0,Male,ECOG 0,Ex-smoker,Oropharynx,T4b,N2b,0,train
2658,RADCURE-3512,66.7,0.0,Male,ECOG 0,Non-smoker,Oropharynx,T3,N1,0,train
281,RADCURE-0395,78.9,0.0,Female,ECOG 1,Non-smoker,Nasopharynx,T3,N2,0,train
1638,RADCURE-2310,85.4,25.0,Male,ECOG 0,Ex-smoker,Oropharynx,T3,N0,0,train
1768,RADCURE-2463,54.2,35.0,Female,ECOG 0,Ex-smoker,Paranasal Sinus,T4a,N0,1,train
1565,RADCURE-2228,37.6,0.0,Male,ECOG 0,Non-smoker,Nasopharynx,T3,N2,0,train
17,RADCURE-0028,73.8,50.0,Male,ECOG 0,Ex-smoker,Larynx,T2,N2b,0,train
2490,RADCURE-3298,68.0,10.0,Male,ECOG 1,Ex-smoker,Oropharynx,T4a,N2b,0,train
1120,RADCURE-1669,56.9,60.0,Male,ECOG 0,Current,Larynx,T2,N2c,0,train
1159,RADCURE-1721,87.9,60.0,Male,ECOG 1,Current,Larynx,T3,N0,1,train
2384,RADCURE-3177,69.3,3.0,Male,ECOG 0,Ex-smoker,Oropharynx,T1,N3,0,train
66,RADCURE-0097,49.3,20.0,Male,ECOG 0,Current,Larynx,T1a,N0,0,train
1098,RADCURE-1636,67.0,40.0,Male,ECOG 0,Ex-smoker,Oropharynx,T2,N2c,0,train
1757,RADCURE-2450,68.8,10.0,Male,ECOG 0,Ex-smoker,Larynx,T1b,N0,0,train
906,RADCURE-1374,35.2,0.0,Male,ECOG 0,Non-smoker,Larynx,T1b,N0,0,train
2692,RADCURE-3560,63.2,0.0,Female,ECOG 0,Non-smoker,Oropharynx,T3,N2b,0,train
850,RADCURE-1291,55.4,15.0,Male,ECOG 0,Ex-smoker,Larynx,T3,N0,0,train
11,RADCURE-0019,68.7,40.0,Male,ECOG 0,Ex-smoker,Oropharynx,T3,N2c,0,train
757,RADCURE-1056,32.9,0.0,Male,ECOG 0,Non-smoker,Nasopharynx,T1,N3b,0,train
1761,RADCURE-2454,55.8,7.0,Male,ECOG 2,Current,Lip & Oral Cavity,T4b,N2b,1,train
223,RADCURE-0316,67.7,9.0,Female,ECOG 1,Ex-smoker,Esophagus,T2,N0,0,train
2254,RADCURE-3027,67.7,30.0,Male,ECOG 3,Ex-smoker,Larynx,T3,N0,0,train
2782,RADCURE-3682,54.5,30.0,Male,ECOG 0,Current,Oropharynx,T1,N2b,0,train
2505,RADCURE-3315,61.4,0.0,Male,ECOG 0,Non-smoker,Nasopharynx,T3,N2,0,train
1440,RADCURE-2079,43.0,30.0,Male,ECOG 0,Current,Oropharynx,T4a,N1,0,train
1680,RADCURE-2362,79.5,0.0,Male,ECOG 0,Non-smoker,Larynx,T1a,N0,0,train
100,RADCURE-0147,56.3,35.0,Female,ECOG 0,Current,Oropharynx,T3,N2c,0,train
251,RADCURE-0356,85.4,,Male,ECOG 1,Unknown,Paraganglioma,Missing,Missing,1,train
2041,RADCURE-2787,56.8,40.0,Male,ECOG 0,Ex-smoker,Oropharynx,T1,N2b,0,train
1704,RADCURE-2390,68.9,40.0,Male,ECOG 0,Ex-smoker,Oropharynx,T3,N2c,1,train
1355,RADCURE-1978,61.9,3.0,Male,ECOG 0,Ex-smoker,Oropharynx,T3,N2b,0,train
2694,RADCURE-3562,26.2,2.0,Male,ECOG 0,Current,Nasopharynx,T4,N2,0,train
2805,RADCURE-3720,56.0,30.0,Male,ECOG 0,Current,Oropharynx,T2,N2b,0,train
2065,RADCURE-2811,55.1,5.0,Male,ECOG 0,Ex-smoker,Oropharynx,T2,N2b,0,train
49,RADCURE-0075,68.1,10.0,Female,ECOG 0,Ex-smoker,Larynx,T1a,N0,0,train
2851,RADCURE-3832,67.6,22.0,Male,ECOG 2,Ex-smoker,Hypopharynx,T4a,N0,1,train
2625,RADCURE-3464,62.9,1.0,Male,ECOG 0,Ex-smoker,Oropharynx,T3,N2c,0,train
835,RADCURE-1270,64.0,40.0,Male,ECOG 0,Ex-smoker,Larynx,T1a,N0,0,train
225,RADCURE-0319,84.3,30.0,Male,ECOG 2,Ex-smoker,Larynx,T1a,N0,0,train
752,RADCURE-1049,80.3,40.0,Female,Missing,Ex-smoker,Lip & Oral Cavity,T4a,N2c,1,train
1495,RADCURE-2148,53.0,35.0,Male,ECOG 0,Current,Larynx,T3,N0,0,train
127,RADCURE-0192,78.1,0.0,Male,ECOG 1,Non-smoker,Oropharynx,T1,N1,0,train
380,RADCURE-0533,74.5,50.0,Male,ECOG 2,Ex-smoker,Esophagus,T4,N2,1,train
140,RADCURE-0207,59.3,30.0,Male,ECOG 0,Ex-smoker,Larynx,T1a,N0,0,train
2690,RADCURE-3558,52.8,15.0,Female,ECOG 0,Ex-smoker,Oropharynx,T2,N2b,0,train
576,RADCURE-0797,56.7,50.0,Male,Missing,Ex-smoker,Hypopharynx,T3,N2b,1,train
1941,RADCURE-2661,80.9,1.0,Male,ECOG 2,Ex-smoker,Hypopharynx,T3,N2c,0,train
2260,RADCURE-3034,64.0,0.0,Male,ECOG 0,Non-smoker,Oropharynx,T2,N2b,0,train
2654,RADCURE-3506,60.5,0.0,Male,ECOG 0,Non-smoker,Oropharynx,T2,N2b,0,train
2675,RADCURE-3532,40.4,20.0,Male,ECOG 1,Ex-smoker,Larynx,T3,N2b,1,train
718,RADCURE-0999,79.1,40.0,Male,ECOG 0,Ex-smoker,Larynx,T1a,N0,0,train
2806,RADCURE-3721,48.5,0.0,Male,ECOG 0,Non-smoker,Oropharynx,T2,N1,0,train
254,RADCURE-0359,76.4,0.0,Male,ECOG 1,Non-smoker,Esophagus,T2,N1,1,train
263,RADCURE-0369,60.1,6.0,Male,ECOG 0,Current,Oropharynx,T2,N2c,1,train
183,RADCURE-0267,63.6,40.0,Male,ECOG 0,Current,Larynx,T2,N0,0,train
34,RADCURE-0055,63.6,0.0,Female,ECOG 0,Non-smoker,Oropharynx,T2,N0,0,train
1900,RADCURE-2614,58.8,40.0,Male,ECOG 1,Ex-smoker,Larynx,T4a,N0,0,train
2778,RADCURE-3677,88.4,0.0,Male,ECOG 1,Non-smoker,Larynx,T1a,N0,0,train
30,RADCURE-0049,68.1,100.0,Male,ECOG 0,Current,Larynx,T3,N2c,0,train
2351,RADCURE-3139,52.8,40.0,Male,ECOG 2,Current,Oropharynx,T4b,N2b,1,train
2915,RADCURE-4095,70.4,10.0,Male,ECOG 0,Ex-smoker,Oropharynx,T2,N0,0,train
2523,RADCURE-3335,62.4,40.0,Male,ECOG 1,Current,Larynx,T3,N0,0,train
446,RADCURE-0618,51.6,37.0,Male,Missing,Current,Unknown,T0,N2a,0,train
2181,RADCURE-2947,63.9,8.0,Female,ECOG 0,Ex-smoker,Larynx,T1b,N0,0,train
2628,RADCURE-3467,47.6,0.0,Male,ECOG 0,Non-smoker,Nasopharynx,T3,N3b,0,train
1397,RADCURE-2027,74.3,15.0,Female,ECOG 0,Ex-smoker,Oropharynx,T2,N2c,0,train
2607,RADCURE-3441,49.6,1.0,Male,ECOG 0,Ex-smoker,Oropharynx,T3,N2b,0,train
2143,RADCURE-2905,51.0,30.0,Male,ECOG 0,Ex-smoker,Unknown,T0,N1,0,train
2027,RADCURE-2769,36.4,5.0,Male,ECOG 0,Ex-smoker,Nasopharynx,T1,N0,0,train
1387,RADCURE-2015,59.5,10.0,Male,ECOG 1,Ex-smoker,Oropharynx,T3,N3,0,train
989,RADCURE-1499,72.1,20.0,Male,ECOG 0,Current,Larynx,T2,N0,0,train
922,RADCURE-1395,61.5,60.0,Male,ECOG 0,Current,Larynx,T2,N0,0,train
209,RADCURE-0300,60.0,45.0,Male,ECOG 1,Current,Oropharynx,T1,N2b,0,train
2082,RADCURE-2831,71.7,0.0,Female,ECOG 0,Non-smoker,Oropharynx,T1,N3,0,train
1822,RADCURE-2524,52.7,1.0,Male,ECOG 0,Ex-smoker,Oropharynx,T2,N0,0,train
2834,RADCURE-3789,72.3,53.0,Male,ECOG 0,Ex-smoker,Nasopharynx,T3,N1,0,train
373,RADCURE-0525,76.4,20.0,Male,ECOG 0,Ex-smoker,Hypopharynx,T3,N0,1,train
227,RADCURE-0321,58.8,18.0,Female,ECOG 0,Ex-smoker,Oropharynx,T2,N3,0,train
1371,RADCURE-1998,33.2,,Male,ECOG 0,Unknown,Nasopharynx,T1,N2,0,train
2688,RADCURE-3554,76.6,60.0,Male,ECOG 0,Ex-smoker,Larynx,T2,N0,0,train
1024,RADCURE-1543,47.6,30.0,Male,ECOG 0,Current,Oropharynx,T4b,N2b,0,train
2630,RADCURE-3470,78.9,2.0,Male,ECOG 0,Ex-smoker,Larynx,T2,N0,0,train
2678,RADCURE-3535,50.1,0.0,Male,ECOG 1,Non-smoker,Oropharynx,T1,N2b,0,train
1230,RADCURE-1814,56.2,20.0,Male,ECOG 0,Ex-smoker,Oropharynx,T2,N0,0,train
232,RADCURE-0327,55.8,40.0,Male,ECOG 0,Current,Oropharynx,T1,N1,0,train
323,RADCURE-0452,48.0,0.0,Female,ECOG 0,Non-smoker,Nasopharynx,T4,N1,0,train
2618,RADCURE-3455,67.2,1.0,Male,ECOG 1,Ex-smoker,Larynx,T2,N0,0,train
1684,RADCURE-2366,71.5,30.0,Female,ECOG 0,Current,Oropharynx,T1,N2b,0,train
1150,RADCURE-1709,67.0,50.0,Male,ECOG 0,Current,Oropharynx,T2,N2b,1,train
1241,RADCURE-1832,69.5,30.0,Male,ECOG 0,Ex-smoker,Hypopharynx,T3,N0,0,train
2373,RADCURE-3163,56.8,0.0,Male,ECOG 0,Non-smoker,Larynx,T2,N0,0,train
169,RADCURE-0249,49.9,32.0,Male,ECOG 0,Current,Oropharynx,T2,N2c,0,train
2369,RADCURE-3159,55.0,35.0,Female,ECOG 1,Current,Oropharynx,T1,N0,0,train
258,RADCURE-0364,81.0,35.0,Male,ECOG 1,Current,Larynx,T2,N0,0,train
422,RADCURE-0587,67.1,40.0,Male,ECOG 1,Current,Hypopharynx,T3,N0,0,train
1852,RADCURE-2561,61.6,0.0,Male,ECOG 1,Non-smoker,Oropharynx,T4a,N1,1,train
826,RADCURE-1260,70.9,50.0,Male,ECOG 1,Current,Hypopharynx,T4a,N3,1,train
2711,RADCURE-3583,70.9,0.0,Female,ECOG 1,Non-smoker,Paranasal Sinus,T4b,N2c,1,train
1976,RADCURE-2708,73.2,120.0,Male,ECOG 3,Current,Oropharynx,T3,N0,0,train
819,RADCURE-1248,48.1,62.0,Male,ECOG 1,Current,Larynx,T1,N0,0,train
87,RADCURE-0128,64.5,0.0,Male,ECOG 0,Non-smoker,Oropharynx,T2,N2b,0,train
1923,RADCURE-2640,57.2,0.0,Female,ECOG 0,Non-smoker,Oropharynx,T3,N2c,0,train
2557,RADCURE-3381,63.4,47.0,Male,ECOG 1,Current,Oropharynx,T3,N2c,0,train
1733,RADCURE-2423,73.2,50.0,Male,ECOG 1,Ex-smoker,Larynx,T3,N0,0,train
175,RADCURE-0256,59.0,0.0,Female,ECOG 0,Non-smoker,Nasopharynx,T3,N2,0,train
1096,RADCURE-1634,51.8,4.0,Male,ECOG 0,Ex-smoker,Oropharynx,T1,N2a,0,train
2114,RADCURE-2867,69.4,8.5,Male,ECOG 0,Ex-smoker,Oropharynx,T1,N2b,0,train
874,RADCURE-1329,57.4,45.0,Male,ECOG 0,Current,Oropharynx,T2,N2a,0,train
986,RADCURE-1495,81.7,50.0,Male,ECOG 1,Ex-smoker,Hypopharynx,T3,N0,0,train
1456,RADCURE-2100,65.9,50.0,Male,ECOG 0,Ex-smoker,Larynx,T3,N1,1,train
513,RADCURE-0709,65.0,10.0,Male,ECOG 0,Ex-smoker,Nasopharynx,T1,N3b,0,train
1705,RADCURE-2391,62.8,46.0,Female,ECOG 1,Ex-smoker,Larynx,T2,N0,0,train
2781,RADCURE-3681,78.4,0.0,Male,ECOG 0,Non-smoker,Larynx,T2,N0,1,train
1748,RADCURE-2441,57.9,0.0,Female,ECOG 0,Non-smoker,Oropharynx,T1,N2c,0,train
2892,RADCURE-4069,70.9,50.0,Male,ECOG 1,Current,Oropharynx,T4a,N1,0,train
898,RADCURE-1364,59.8,30.0,Male,ECOG 0,Current,Unknown,T0,N2a,0,train
1929,RADCURE-2647,62.2,75.0,Male,ECOG 2,Current,Larynx,T4b,N2c,1,test
2365,RADCURE-3155,48.4,0.0,Female,ECOG 0,Non-smoker,Nasopharynx,T1,N3,0,test
328,RADCURE-0460,63.5,0.0,Male,ECOG 0,Non-smoker,Oropharynx,T2,N3,0,test
2451,RADCURE-3252,74.0,0.0,Female,ECOG 2,Non-smoker,Lip & Oral Cavity,T4b,N2c,1,test
2824,RADCURE-3772,63.2,0.0,Male,ECOG 0,Non-smoker,Oropharynx,T1,N2c,0,test
121,RADCURE-0183,63.4,0.0,Female,ECOG 0,Non-smoker,Oropharynx,T2,N2c,0,test
313,RADCURE-0439,79.4,0.0,Male,ECOG 1,Non-smoker,Unknown,T0,N3,1,test
919,RADCURE-1391,53.2,30.0,Male,ECOG 0,Current,Unknown,T0,N2b,0,test
2571,RADCURE-3398,83.2,65.0,Male,ECOG 1,Ex-smoker,Hypopharynx,T2,N2c,1,test
2517,RADCURE-3328,68.9,10.0,Male,ECOG 0,Ex-smoker,Oropharynx,T2,N1,0,test
1398,RADCURE-2029,50.2,0.0,Male,ECOG 0,Non-smoker,Oropharynx,T2,N2a,0,test
1687,RADCURE-2369,27.4,0.0,Female,ECOG 0,Non-smoker,Larynx,T2,N0,0,test
156,RADCURE-0232,84.6,25.0,Male,ECOG 0,Ex-smoker,Oropharynx,T1,N2c,1,test
2921,RADCURE-4105,60.3,35.0,Male,ECOG 0,Ex-smoker,Oropharynx,T3,N2c,0,test
2518,RADCURE-3329,69.8,40.0,Male,ECOG 1,Current,Oropharynx,T4a,N0,0,test
2727,RADCURE-3604,64.6,21.0,Male,ECOG 0,Ex-smoker,Unknown,T0,N2b,0,test
1206,RADCURE-1781,82.5,50.0,Female,ECOG 1,Ex-smoker,Oropharynx,T2,N0,0,test
411,RADCURE-0573,71.5,8.0,Male,ECOG 0,Ex-smoker,Oropharynx,T2,N2c,0,test
364,RADCURE-0513,47.9,0.0,Male,ECOG 0,Non-smoker,Oropharynx,T3,N2c,0,test
1600,RADCURE-2265,65.5,40.0,Male,ECOG 1,Ex-smoker,Oropharynx,T2,N0,0,test
525,RADCURE-0727,86.4,0.0,Female,ECOG 1,Non-smoker,Skin,T2,N0,0,test
1777,RADCURE-2473,70.0,20.0,Female,ECOG 1,Ex-smoker,Oropharynx,T4a,N0,1,test
2650,RADCURE-3502,58.7,0.0,Male,ECOG 0,Non-smoker,Oropharynx,T4a,N2b,0,test
198,RADCURE-0286,66.5,50.0,Male,ECOG 0,Current,Oropharynx,T4a,N0,0,test
2807,RADCURE-3723,55.5,0.0,Male,ECOG 0,Non-smoker,Nasopharynx,T1,N1,0,test
107,RADCURE-0159,51.7,45.0,Male,ECOG 1,Current,Oropharynx,T3,N2b,1,test
1404,RADCURE-2035,55.6,0.0,Male,ECOG 1,Non-smoker,Oropharynx,T4b,N3,1,test
2593,RADCURE-3424,59.9,80.0,Male,ECOG 1,Current,Unknown,T0,N2b,0,test
1752,RADCURE-2445,70.6,27.5,Male,ECOG 1,Ex-smoker,Larynx,T4a,N0,0,test
1324,RADCURE-1939,50.0,0.0,Male,ECOG 0,Non-smoker,Oropharynx,T4a,N2c,0,test
1281,RADCURE-1882,52.7,15.0,Male,ECOG 0,Ex-smoker,Oropharynx,T3,N2b,0,test
2636,RADCURE-3483,49.5,30.0,Male,ECOG 1,Current,Oropharynx,T2,N2b,0,test
1920,RADCURE-2637,68.5,1.0,Female,ECOG 1,Ex-smoker,Oropharynx,T2,N2c,0,test
1891,RADCURE-2604,56.0,0.0,Male,ECOG 0,Non-smoker,Oropharynx,T1,N2c,0,test
2683,RADCURE-3546,73.2,40.0,Male,ECOG 1,Ex-smoker,Nasopharynx,T1,N0,0,test
658,RADCURE-0923,67.9,30.0,Male,ECOG 0,Current,Larynx,T1a,N0,0,test
2904,RADCURE-4082,49.5,2.5,Male,ECOG 1,Ex-smoker,Oropharynx,T3,N2b,0,test
977,RADCURE-1484,64.9,50.0,Male,ECOG 1,Ex-smoker,Larynx,T1b,N0,0,test
1314,RADCURE-1928,57.7,35.0,Male,ECOG 1,Ex-smoker,Larynx,T3,N2c,0,test
2559,RADCURE-3383,87.4,0.0,Male,ECOG 1,Non-smoker,Skin,T2,N1,1,test
717,RADCURE-0997,50.6,30.0,Male,ECOG 0,Current,Larynx,T2,N0,0,test
1824,RADCURE-2526,48.2,0.0,Male,ECOG 0,Non-smoker,Oropharynx,T1,N2b,0,test
997,RADCURE-1508,67.5,15.0,Male,ECOG 0,Ex-smoker,Larynx,T1a,N0,0,test
759,RADCURE-1058,60.5,0.0,Male,ECOG 0,Non-smoker,Unknown,T0,N2b,1,test
1804,RADCURE-2502,62.6,40.0,Male,ECOG 0,Current,Larynx,T2,N0,0,test
1095,RADCURE-1633,61.9,30.0,Male,ECOG 0,Ex-smoker,Oropharynx,T3,N2b,0,test
2076,RADCURE-2823,77.0,0.0,Female,ECOG 0,Non-smoker,Oropharynx,T2,N1,0,test
2538,RADCURE-3355,68.2,20.0,Male,ECOG 1,Current,Larynx,T2,N0,0,test
2239,RADCURE-3011,57.9,25.0,Male,ECOG 0,Ex-smoker,Oropharynx,T3,N2b,0,test
1913,RADCURE-2629,68.4,25.0,Male,ECOG 0,Ex-smoker,Larynx,T1b,N0,0,test
1431,RADCURE-2070,57.0,90.0,Male,ECOG 1,Current,Oropharynx,T2,N0,0,test
1591,RADCURE-2256,41.6,15.0,Male,ECOG 0,Ex-smoker,Nasal Cavity,T1,N0,0,test
2083,RADCURE-2832,65.5,27.0,Male,ECOG 0,Current,Larynx,T4a,N0,1,test
1646,RADCURE-2321,59.8,25.0,Male,ECOG 0,Ex-smoker,Oropharynx,T2,N2b,0,test
1842,RADCURE-2550,74.2,15.0,Male,ECOG 0,Ex-smoker,Larynx,T2,N0,0,test
1904,RADCURE-2618,65.7,50.0,Male,ECOG 2,Ex-smoker,Larynx,T2,N0,0,test
1624,RADCURE-2293,64.5,30.0,Male,ECOG 0,Ex-smoker,Larynx,T1a,N0,0,test
1300,RADCURE-1906,53.8,0.0,Female,ECOG 0,Non-smoker,Nasopharynx,T4,N2,0,test
1101,RADCURE-1642,77.9,30.0,Male,ECOG 1,Current,Unknown,T0,N2b,0,test
1227,RADCURE-1810,81.0,20.0,Male,ECOG 1,Ex-smoker,Unknown,T0,N3,0,test
2845,RADCURE-3814,55.3,0.0,Male,ECOG 0,Non-smoker,Oropharynx,T3,N1,0,test
505,RADCURE-0699,56.8,40.0,Male,ECOG 0,Ex-smoker,Oropharynx,T2,N2c,0,test
2741,RADCURE-3626,53.5,15.0,Male,ECOG 1,Current,Oropharynx,T4a,N2c,0,test
1872,RADCURE-2582,84.4,5.0,Male,ECOG 1,Ex-smoker,Lip & Oral Cavity,T3,N1,1,test
737,RADCURE-1027,55.4,35.0,Male,ECOG 1,Current,Larynx,T2,N0,1,test
1446,RADCURE-2086,58.7,19.0,Male,ECOG 1,Ex-smoker,Larynx,T3,N0,0,test
878,RADCURE-1334,59.6,0.0,Male,ECOG 1,Non-smoker,Oropharynx,T4a,N2b,0,test
1319,RADCURE-1933,70.5,50.0,Male,ECOG 4,Current,Oropharynx,T4a,N2c,1,test
1021,RADCURE-1539,55.0,18.0,Male,ECOG 1,Current,Oropharynx,T3,N2a,1,test
2391,RADCURE-3184,28.6,6.0,Female,ECOG 0,Ex-smoker,Nasopharynx,T1,N2,0,test
1489,RADCURE-2142,48.2,30.0,Male,ECOG 0,Current,Oropharynx,T4a,N2c,1,test
2167,RADCURE-2931,67.1,108.0,Male,ECOG 0,Current,Oropharynx,T3,N2c,1,test
2481,RADCURE-3288,39.3,10.0,Male,ECOG 0,Current,Larynx,T1a,N0,0,test
2148,RADCURE-2911,75.3,0.0,Female,ECOG 0,Non-smoker,Lip & Oral Cavity,T4a,N0,1,test
1529,RADCURE-2186,76.5,65.0,Male,ECOG 0,Current,Larynx,T3,N1,1,test
1071,RADCURE-1603,70.4,35.0,Male,ECOG 0,Current,Oropharynx,T3,N2c,0,test
301,RADCURE-0425,60.4,20.0,Male,ECOG 1,Ex-smoker,Oropharynx,T1,N2b,0,test
621,RADCURE-0867,68.6,30.0,Male,ECOG 0,Ex-smoker,Larynx,T2,N0,0,test
2075,RADCURE-2822,73.9,60.0,Male,ECOG 0,Current,Larynx,T2,N0,0,test
1199,RADCURE-1773,44.3,0.0,Male,ECOG 0,Non-smoker,Oropharynx,T1,N2a,0,test
1639,RADCURE-2312,73.0,55.0,Male,ECOG 0,Ex-smoker,Larynx,T2,N2b,0,test
1369,RADCURE-1995,51.0,8.0,Male,ECOG 2,Ex-smoker,Oropharynx,T2,N2b,0,test
498,RADCURE-0690,56.4,45.0,Male,ECOG 1,Current,Oropharynx,Missing,N2c,0,test
322,RADCURE-0451,62.0,0.0,Male,ECOG 0,Non-smoker,Oropharynx,T2,N2b,0,test
884,RADCURE-1340,45.6,20.0,Male,ECOG 0,Current,Oropharynx,T2,N1,0,test
2779,RADCURE-3678,67.7,15.0,Male,ECOG 0,Ex-smoker,Larynx,T1a,N0,0,test
1661,RADCURE-2338,81.1,0.0,Female,ECOG 1,Non-smoker,Larynx,T3,N0,0,test
1618,RADCURE-2286,73.7,18.0,Male,ECOG 1,Ex-smoker,Oropharynx,T3,N2b,0,test
2252,RADCURE-3025,78.0,10.0,Male,ECOG 0,Ex-smoker,Oropharynx,T2,N2b,0,test
2882,RADCURE-4057,70.5,25.0,Male,ECOG 1,Ex-smoker,Oropharynx,T4a,N2b,0,test
1963,RADCURE-2689,65.5,80.0,Male,ECOG 0,Ex-smoker,Larynx,T3,N0,1,test
2537,RADCURE-3354,52.7,15.0,Male,ECOG 0,Current,Oropharynx,T2,N2b,1,test
1663,RADCURE-2342,79.0,40.0,Male,ECOG 0,Ex-smoker,Hypopharynx,T3,N1,0,test
247,RADCURE-0349,57.9,20.0,Male,ECOG 0,Ex-smoker,Oropharynx,T3,N2b,0,test
389,RADCURE-0546,70.4,23.0,Male,ECOG 0,Ex-smoker,Oropharynx,T3,N2c,1,test
51,RADCURE-0077,45.8,0.0,Female,ECOG 2,Non-smoker,Nasopharynx,T4,N2,1,test
983,RADCURE-1490,64.0,0.0,Male,ECOG 0,Non-smoker,Unknown,T0,N2b,0,test
1772,RADCURE-2468,60.5,0.0,Female,ECOG 1,Non-smoker,Oropharynx,T3,N2b,0,test
196,RADCURE-0284,58.3,0.0,Male,ECOG 0,Non-smoker,Nasopharynx,T2,N2,0,test
1885,RADCURE-2598,44.1,5.0,Male,ECOG 1,Current,Nasopharynx,T3,N2,0,test
1270,RADCURE-1870,86.1,30.0,Male,ECOG 1,Ex-smoker,Larynx,T2,N0,0,test
541,RADCURE-0746,70.3,50.0,Male,ECOG 0,Current,Hypopharynx,T2,N1,0,test
1857,RADCURE-2567,22.2,0.0,Male,ECOG 0,Non-smoker,Nasopharynx,T4,N3a,0,test
1442,RADCURE-2081,71.0,50.0,Male,ECOG 0,Ex-smoker,Oropharynx,T4a,N2c,0,test
1926,RADCURE-2644,49.6,31.0,Male,ECOG 0,Ex-smoker,Oropharynx,T1,N2b,0,test
2548,RADCURE-3369,70.4,0.0,Male,ECOG 1,Non-smoker,Esophagus,T3,N2,1,test
86,RADCURE-0125,62.9,50.0,Male,ECOG 0,Current,Larynx,T1a,N0,1,test
959,RADCURE-1461,81.5,20.0,Male,ECOG 1,Ex-smoker,Larynx,T1a,N0,1,test
1583,RADCURE-2248,50.6,15.0,Male,ECOG 1,Current,Oropharynx,T3,N2b,0,test
876,RADCURE-1332,64.6,40.0,Female,ECOG 0,Ex-smoker,Nasopharynx,T2,N1,0,test
1323,RADCURE-1938,80.3,30.0,Male,ECOG 1,Ex-smoker,Larynx,T1b,N0,0,test
2302,RADCURE-3082,75.9,0.0,Female,ECOG 0,Non-smoker,Nasopharynx,T1,N3,1,test
2849,RADCURE-3824,52.6,0.0,Male,ECOG 0,Non-smoker,Oropharynx,T1,N2b,0,test
1808,RADCURE-2507,61.0,40.0,Male,ECOG 3,Ex-smoker,Oropharynx,T3,N1,0,test
2908,RADCURE-4087,50.2,15.0,Female,ECOG 1,Current,Larynx,T3,N2a,1,test
2262,RADCURE-3036,42.3,20.0,Male,ECOG 0,Ex-smoker,Oropharynx,T4b,N2c,0,test
2531,RADCURE-3348,81.1,50.0,Male,ECOG 0,Current,Oropharynx,T1,N2b,0,test
2750,RADCURE-3638,70.0,0.0,Male,ECOG 0,Non-smoker,Oropharynx,T2,N2b,0,test
2287,RADCURE-3066,66.6,50.0,Female,ECOG 0,Current,Oropharynx,T3,N2b,0,test
2623,RADCURE-3462,53.7,0.0,Male,ECOG 0,Non-smoker,Oropharynx,T2,N0,0,test
653,RADCURE-0916,61.6,40.0,Female,ECOG 0,Current,Oropharynx,T3,N2c,1,test
1308,RADCURE-1920,55.7,30.0,Male,ECOG 0,Current,Hypopharynx,T2,N2c,0,test
2550,RADCURE-3371,58.8,25.0,Male,ECOG 2,Current,Oropharynx,T4b,N2b,1,test
2871,RADCURE-4043,78.2,50.0,Male,ECOG 1,Ex-smoker,Nasopharynx,T4,N2,1,test
2870,RADCURE-4042,67.3,0.0,Male,ECOG 2,Non-smoker,Nasal Cavity,T4a,N0,0,test
1068,RADCURE-1599,69.0,30.0,Female,ECOG 0,Current,Larynx,T2,N0,0,test
2277,RADCURE-3053,81.1,40.0,Female,ECOG 1,Ex-smoker,Hypopharynx,T2,N3,1,test
334,RADCURE-0468,50.6,27.5,Female,ECOG 0,Ex-smoker,Oropharynx,T1,N2c,0,test
2314,RADCURE-3098,49.2,0.0,Female,ECOG 1,Non-smoker,Nasopharynx,T4,N3a,0,test
459,RADCURE-0636,55.5,10.0,Male,ECOG 0,Ex-smoker,Oropharynx,T3,N2b,0,test
1219,RADCURE-1796,66.8,55.0,Male,ECOG 0,Ex-smoker,Larynx,T1a,N0,0,test
2346,RADCURE-3134,70.8,50.0,Male,ECOG 1,Current,Larynx,T4a,N2c,0,test
1708,RADCURE-2394,62.7,0.0,Male,ECOG 1,Non-smoker,Nasopharynx,T3,N1,0,test
2936,RADCURE-4128,71.3,50.0,Male,ECOG 1,Ex-smoker,Oropharynx,T2,N0,0,test
398,RADCURE-0557,78.0,0.0,Male,ECOG 2,Non-smoker,Nasopharynx,T3,N0,1,test
2844,RADCURE-3813,73.7,25.0,Male,ECOG 0,Ex-smoker,Larynx,T2,N0,0,test
2256,RADCURE-3029,49.3,4.0,Female,ECOG 1,Current,Larynx,T3,N0,0,test
2047,RADCURE-2793,52.5,9.0,Male,ECOG 0,Ex-smoker,Hypopharynx,T1,N2a,0,test
684,RADCURE-0956,89.6,35.0,Male,ECOG 0,Ex-smoker,Larynx,T1b,N0,0,test
968,RADCURE-1475,69.1,60.0,Male,ECOG 1,Current,Oropharynx,T3,N1,0,test
2443,RADCURE-3243,45.9,5.0,Male,ECOG 0,Ex-smoker,Oropharynx,T3,N2b,0,test
1701,RADCURE-2385,62.7,45.0,Male,ECOG 4,Ex-smoker,Larynx,T4a,N2c,1,test
2377,RADCURE-3168,56.8,80.0,Male,ECOG 2,Current,Larynx,T3,N0,0,test
2040,RADCURE-2786,72.3,40.0,Male,ECOG 0,Ex-smoker,Larynx,T3,N0,0,test
2917,RADCURE-4097,65.0,0.0,Female,ECOG 0,Non-smoker,Oropharynx,T2,N1,0,test
1218,RADCURE-1793,55.5,60.0,Male,ECOG 0,Current,Lip & Oral Cavity,T4,N2c,0,test
2045,RADCURE-2791,42.0,17.0,Male,ECOG 0,Current,Larynx,T3,N2b,0,test
74,RADCURE-0110,50.9,25.0,Male,ECOG 0,Ex-smoker,Oropharynx,T4a,N2c,0,test
738,RADCURE-1028,57.2,35.0,Male,ECOG 0,Current,Nasopharynx,T3,N2,0,test
2101,RADCURE-2852,55.2,30.0,Male,ECOG 0,Current,Nasopharynx,T3,N2,0,test
761,RADCURE-1060,64.6,0.0,Male,ECOG 0,Non-smoker,Oropharynx,T2,N2b,0,test
1441,RADCURE-2080,77.8,50.0,Male,ECOG 4,Current,Hypopharynx,T3,N0,0,test
1607,RADCURE-2274,69.2,50.0,Female,ECOG 0,Ex-smoker,Oropharynx,T1,N2a,0,test
806,RADCURE-1210,58.7,40.0,Male,ECOG 0,Current,Oropharynx,T3,N2b,0,test
1271,RADCURE-1871,46.0,10.0,Female,ECOG 0,Ex-smoker,Oropharynx,T2,N1,0,test
2316,RADCURE-3100,65.5,5.0,Male,ECOG 0,Ex-smoker,Larynx,T1a,N0,0,test
2846,RADCURE-3816,57.9,40.0,Male,ECOG 0,Ex-smoker,Oropharynx,T1,N2a,0,test
39,RADCURE-0061,65.8,0.0,Female,ECOG 0,Non-smoker,Larynx,T2,N0,0,test
2052,RADCURE-2798,50.4,15.0,Male,ECOG 0,Ex-smoker,Oropharynx,T2,N2c,0,test
530,RADCURE-0732,77.2,0.0,Male,ECOG 0,Non-smoker,Oropharynx,T4a,N3,1,test
1856,RADCURE-2566,46.3,0.0,Male,ECOG 0,Non-smoker,Nasopharynx,T1,N0,0,test
2545,RADCURE-3366,73.3,30.0,Female,ECOG 0,Current,Oropharynx,T2,N0,0,test
495,RADCURE-0687,66.0,15.0,Male,ECOG 0,Ex-smoker,Oropharynx,T2,N2c,0,test
1336,RADCURE-1955,41.3,10.0,Male,ECOG 0,Current,Esophagus,T3,N1,0,test
469,RADCURE-0653,60.1,20.0,Female,ECOG 0,Current,Oropharynx,T3,N2c,0,test
2546,RADCURE-3367,61.5,35.0,Female,ECOG 0,Current,Hypopharynx,T3,N2b,0,test
1871,RADCURE-2581,60.5,40.0,Male,ECOG 1,Ex-smoker,Oropharynx,T4b,N2c,1,test
226,RADCURE-0320,51.5,45.0,Male,ECOG 0,Current,Oropharynx,T2,N0,0,test
419,RADCURE-0581,68.4,150.0,Male,ECOG 1,Current,Larynx,T2,N1,0,test
2204,RADCURE-2973,77.7,30.0,Male,ECOG 1,Current,Hypopharynx,T3,N3,1,test
2094,RADCURE-2843,60.8,23.0,Male,ECOG 1,Ex-smoker,Unknown,T0,N2c,0,test
2539,RADCURE-3359,63.6,50.0,Male,ECOG 0,Current,Oropharynx,T2,N0,0,test
834,RADCURE-1269,70.5,0.0,Male,ECOG 0,Non-smoker,Larynx,T4a,N0,0,test
1364,RADCURE-1989,65.2,0.0,Male,ECOG 1,Non-smoker,Oropharynx,T3,N2b,0,test
496,RADCURE-0688,71.1,25.0,Male,ECOG 1,Ex-smoker,Larynx,T2,N0,0,test
348,RADCURE-0489,65.0,75.0,Male,ECOG 2,Ex-smoker,Oropharynx,T1,N2b,1,test
59,RADCURE-0087,55.4,22.0,Male,ECOG 0,Ex-smoker,Nasal Cavity,T1,N0,0,test
318,RADCURE-0446,75.1,20.0,Male,ECOG 0,Ex-smoker,Oropharynx,T1,N3,1,test
1202,RADCURE-1777,78.4,30.0,Male,ECOG 1,Ex-smoker,Larynx,T3,N0,1,test
2916,RADCURE-4096,52.5,70.0,Male,ECOG 2,Current,Larynx,T4a,N2c,0,test
354,RADCURE-0497,75.4,5.0,Male,ECOG 0,Ex-smoker,Oropharynx,T2,N2c,0,test
2840,RADCURE-3803,71.0,2.0,Male,ECOG 0,Ex-smoker,Oropharynx,T2,N2c,0,test
645,RADCURE-0906,57.8,40.0,Male,ECOG 2,Current,Larynx,T2,N0,0,test
829,RADCURE-1263,39.7,0.0,Male,ECOG 1,Non-smoker,Oropharynx,T2,N2a,0,test
1810,RADCURE-2509,58.5,40.0,Male,ECOG 1,Current,Oropharynx,T1,N3,1,test
1602,RADCURE-2267,61.0,12.0,Male,ECOG 0,Ex-smoker,Unknown,T0,N3,0,test
1765,RADCURE-2458,43.3,28.0,Male,ECOG 0,Current,Nasal Cavity,T4a,N0,0,test
1883,RADCURE-2596,62.0,35.0,Male,ECOG 0,Current,Oropharynx,T1,N3,0,test
1249,RADCURE-1843,60.6,30.0,Male,ECOG 1,Current,Oropharynx,T2,N2c,0,test
2561,RADCURE-3386,59.5,0.0,Female,ECOG 0,Non-smoker,Oropharynx,T4b,N0,0,test
2156,RADCURE-2920,48.0,10.0,Male,ECOG 0,Ex-smoker,Oropharynx,T1,N2b,0,test
1559,RADCURE-2221,76.8,1.0,Male,ECOG 0,Ex-smoker,Larynx,T1a,N0,0,test
699,RADCURE-0976,83.3,50.0,Male,ECOG 0,Ex-smoker,Larynx,T3,N0,0,test
2705,RADCURE-3574,57.6,40.0,Male,ECOG 0,Current,Oropharynx,T3,N2b,0,test
2427,RADCURE-3222,64.3,35.0,Male,ECOG 0,Current,Oropharynx,T1,N2b,1,test
2144,RADCURE-2906,61.9,0.0,Male,ECOG 1,Non-smoker,Lip & Oral Cavity,T2,N1,0,test
2195,RADCURE-2961,19.2,,Male,ECOG 0,Unknown,Paraganglioma,Missing,Missing,0,test
2452,RADCURE-3253,51.6,0.0,Male,ECOG 0,Non-smoker,Oropharynx,T2,N2b,0,test
1919,RADCURE-2636,61.4,5.0,Male,ECOG 0,Ex-smoker,Oropharynx,T1,N2b,0,test
220,RADCURE-0313,56.6,0.5,Male,ECOG 0,Ex-smoker,Oropharynx,T3,N2b,0,test
1419,RADCURE-2055,84.0,0.0,Female,ECOG 1,Non-smoker,Lip & Oral Cavity,Tis,N0,1,test
6,RADCURE-0012,61.0,5.0,Male,ECOG 0,Current,Oropharynx,T2,N2a,0,test
2765,RADCURE-3658,66.6,0.0,Female,ECOG 0,Non-smoker,Unknown,T0,N2b,0,test
1156,RADCURE-1718,71.9,30.0,Male,ECOG 0,Ex-smoker,Nasal Cavity,T1,N0,0,test
2471,RADCURE-3273,64.8,0.0,Female,ECOG 0,Non-smoker,Oropharynx,T2,N2b,0,test
1447,RADCURE-2087,68.8,50.0,Male,ECOG 0,Current,Nasopharynx,T1,N1,0,test
2784,RADCURE-3684,51.5,0.0,Male,ECOG 0,Non-smoker,Oropharynx,T3,N2c,0,test
1079,RADCURE-1612,60.4,80.0,Male,ECOG 1,Current,Hypopharynx,T3,N3,1,test
2092,RADCURE-2841,72.9,15.0,Male,ECOG 2,Ex-smoker,Larynx,T3,N2b,1,test
2648,RADCURE-3499,50.1,30.0,Male,ECOG 1,Current,Hypopharynx,T4b,N2c,1,test
1629,RADCURE-2300,77.1,57.0,Male,ECOG 1,Current,Oropharynx,T4b,N3,0,test
1740,RADCURE-2431,65.0,30.0,Male,ECOG 0,Ex-smoker,Oropharynx,T3,N2b,0,test
1501,RADCURE-2155,81.2,0.0,Male,ECOG 0,Non-smoker,Nasopharynx,T1,N0,0,test
712,RADCURE-0990,84.0,120.0,Male,ECOG 0,Current,Larynx,T2,N0,0,test
2245,RADCURE-3018,70.5,52.0,Female,ECOG 1,Current,Oropharynx,T3,N0,1,test
2855,RADCURE-3868,80.8,60.0,Female,ECOG 1,Ex-smoker,Oropharynx,T4a,N1,1,test
417,RADCURE-0579,59.2,35.0,Male,Missing,Ex-smoker,Nasal Cavity,T3,N0,0,test
790,RADCURE-1127,65.6,150.0,Male,ECOG 0,Current,Oropharynx,T1,N3,1,test
1951,RADCURE-2673,83.3,50.0,Male,ECOG 1,Ex-smoker,Larynx,T1a,N0,1,test
2706,RADCURE-3576,63.4,20.0,Male,ECOG 1,Current,Oropharynx,T2,N2b,0,test
1564,RADCURE-2226,90.0,,Female,ECOG 1,Unknown,Skin,Missing,Missing,0,test
2891,RADCURE-4068,70.5,0.0,Male,ECOG 1,Non-smoker,Nasal Cavity,T4b,N1,0,test
2673,RADCURE-3530,54.5,40.0,Female,ECOG 0,Current,Larynx,T2,N2c,0,test
1532,RADCURE-2190,58.9,25.0,Male,ECOG 1,Ex-smoker,Oropharynx,T3,N2b,0,test
307,RADCURE-0432,73.3,50.0,Male,ECOG 0,Ex-smoker,Larynx,T1b,N0,0,test
1803,RADCURE-2501,51.4,0.0,Male,ECOG 1,Non-smoker,Nasopharynx,T1,N1,0,test
2679,RADCURE-3537,42.2,,Male,ECOG 0,Unknown,Nasopharynx,T1,N2,0,test
952,RADCURE-1448,51.7,70.0,Male,ECOG 0,Current,Oropharynx,T4a,N3,0,test
514,RADCURE-0711,80.7,40.0,Female,ECOG 2,Current,Oropharynx,T4a,N1,1,test
438,RADCURE-0608,69.1,30.0,Male,ECOG 2,Ex-smoker,Oropharynx,T1,N2a,1,test
2215,RADCURE-2986,68.4,25.0,Male,ECOG 0,Current,Larynx,T2,N0,0,test
1242,RADCURE-1833,58.7,25.0,Female,ECOG 0,Current,Oropharynx,T4a,N2c,0,test
965,RADCURE-1470,59.9,30.0,Male,ECOG 0,Ex-smoker,Oropharynx,T2,N2b,0,test
2248,RADCURE-3021,42.2,0.0,Male,ECOG 3,Non-smoker,Esophagus,T3,N1,1,test
2877,RADCURE-4051,73.4,20.0,Female,ECOG 0,Current,Oropharynx,T3,N0,0,test
2039,RADCURE-2785,56.9,0.0,Male,ECOG 0,Non-smoker,Oropharynx,T2,N2c,0,test
249,RADCURE-0353,63.1,30.0,Male,ECOG 0,Ex-smoker,Unknown,T0,N2c,0,test
26,RADCURE-0044,64.7,2.0,Male,Missing,Ex-smoker,Nasopharynx,T4,N1,0,test
2210,RADCURE-2980,78.3,25.0,Female,ECOG 0,Ex-smoker,Oropharynx,T4a,N0,0,test
1222,RADCURE-1801,66.3,100.0,Female,ECOG 0,Ex-smoker,Oropharynx,T1,N0,0,test
1051,RADCURE-1574,64.6,60.0,Male,ECOG 1,Ex-smoker,Oropharynx,T1,N2b,0,test
54,RADCURE-0080,66.4,60.0,Male,ECOG 0,Ex-smoker,Oropharynx,T1,N2b,0,test
802,RADCURE-1204,58.9,45.0,Female,ECOG 0,Current,Unknown,T0,N2b,0,test
1001,RADCURE-1512,49.3,0.0,Male,ECOG 0,Non-smoker,Oropharynx,T3,N2c,0,test
554,RADCURE-0763,61.6,50.0,Male,ECOG 1,Current,Oropharynx,T3,N3,1,test
22,RADCURE-0038,75.8,50.0,Male,ECOG 0,Current,Larynx,T1b,N0,0,test
2606,RADCURE-3440,51.1,0.0,Male,ECOG 1,Non-smoker,Unknown,T0,N3,1,test
553,RADCURE-0762,83.9,0.0,Female,ECOG 0,Non-smoker,Larynx,T2,N0,0,test
1301,RADCURE-1907,64.4,40.0,Male,ECOG 0,Ex-smoker,Unknown,T0,N3,0,test
2308,RADCURE-3089,64.4,20.0,Female,ECOG 1,Current,Larynx,T3,N0,0,test
104,RADCURE-0155,69.5,10.0,Male,ECOG 0,Ex-smoker,Larynx,T2,N0,0,test
2363,RADCURE-3153,80.8,20.0,Male,ECOG 0,Ex-smoker,Oropharynx,T1,N0,0,test
1626,RADCURE-2296,60.6,35.0,Male,ECOG 0,Current,Oropharynx,T2,N0,0,test
2142,RADCURE-2904,83.6,30.0,Male,ECOG 0,Ex-smoker,Oropharynx,T2,N2a,1,test
2850,RADCURE-3831,54.9,15.0,Male,ECOG 0,Ex-smoker,Oropharynx,T2,N2a,0,test
1041,RADCURE-1562,56.4,10.0,Male,ECOG 0,Ex-smoker,Oropharynx,T3,N0,0,test
135,RADCURE-0202,64.9,50.0,Female,ECOG 0,Current,Larynx,T2,N0,1,test
1867,RADCURE-2577,62.2,50.0,Male,ECOG 1,Ex-smoker,Oropharynx,T4b,N2b,0,test
1407,RADCURE-2039,55.2,40.0,Male,ECOG 1,Current,Oropharynx,T4a,N0,0,test
807,RADCURE-1211,47.0,25.0,Male,Missing,Ex-smoker,Unknown,T0,N2b,0,test
1145,RADCURE-1700,64.9,50.0,Male,ECOG 1,Current,Larynx,T1a,N0,0,test
1414,RADCURE-2049,64.5,35.0,Male,ECOG 0,Ex-smoker,Oropharynx,T1,N2a,0,test
1996,RADCURE-2732,46.3,0.0,Male,ECOG 1,Non-smoker,Nasopharynx,T4,N2,0,test
2740,RADCURE-3625,63.3,25.0,Male,ECOG 0,Ex-smoker,Nasopharynx,T2,N1,0,test
1918,RADCURE-2635,54.5,60.0,Male,ECOG 1,Ex-smoker,Oropharynx,T4a,N2c,0,test
2285,RADCURE-3063,51.1,25.0,Male,ECOG 0,Current,Oropharynx,T2,N2b,0,test
1763,RADCURE-2456,48.5,10.0,Male,ECOG 2,Ex-smoker,Oropharynx,T2,N3,0,test
972,RADCURE-1479,53.1,15.0,Female,ECOG 2,Current,Oropharynx,T4a,N2c,1,test
2177,RADCURE-2942,72.5,60.0,Male,ECOG 0,Ex-smoker,Larynx,T3,N0,0,test
1306,RADCURE-1917,56.0,30.0,Male,ECOG 1,Current,Hypopharynx,T1,N3,1,test
1816,RADCURE-2515,72.1,110.0,Female,ECOG 2,Current,Larynx,T1b,N0,0,test
2225,RADCURE-2996,62.2,20.0,Male,ECOG 0,Ex-smoker,Oropharynx,T2,N2b,0,test
754,RADCURE-1052,54.0,0.0,Male,ECOG 0,Non-smoker,Oropharynx,T1,N2c,0,test
2796,RADCURE-3705,60.6,45.0,Female,ECOG 1,Current,Skin,T4,N2a,1,test
2136,RADCURE-2898,70.5,40.0,Male,ECOG 1,Ex-smoker,Oropharynx,T2,N2b,0,test
689,RADCURE-0962,66.8,0.0,Male,ECOG 0,Non-smoker,Hypopharynx,T1,N0,0,test
487,RADCURE-0674,50.0,35.0,Male,ECOG 1,Current,Oropharynx,T3,N3,1,test
2111,RADCURE-2863,61.6,50.0,Male,ECOG 0,Current,Oropharynx,T1,N0,0,test
500,RADCURE-0692,57.2,30.0,Male,ECOG 1,Ex-smoker,Oropharynx,T1,N2b,0,test
2880,RADCURE-4055,54.3,11.0,Male,ECOG 0,Ex-smoker,Oropharynx,T3,N2b,0,test
1487,RADCURE-2139,49.1,0.0,Male,ECOG 0,Non-smoker,Oropharynx,T3,N2c,0,test
489,RADCURE-0678,77.2,60.0,Male,ECOG 1,Current,Larynx,T2,N2a,0,test
944,RADCURE-1432,52.8,30.0,Male,Missing,Ex-smoker,Unknown,T0,N2b,0,test
641,RADCURE-0902,67.5,,Female,Missing,Non-smoker,Esophagus,Missing,Missing,1,test
1859,RADCURE-2569,70.5,50.0,Female,ECOG 1,Current,Oropharynx,T4a,N1,1,test
1375,RADCURE-2002,61.3,20.0,Male,ECOG 0,Ex-smoker,Oropharynx,T2,N1,0,test
2057,RADCURE-2803,60.5,2.0,Female,ECOG 0,Ex-smoker,Nasal Cavity,T1,N0,0,test
2437,RADCURE-3234,55.0,45.0,Male,ECOG 0,Current,Oropharynx,T2,N2c,0,test
2418,RADCURE-3212,61.2,40.0,Male,ECOG 0,Ex-smoker,Oropharynx,T3,N0,1,test
2184,RADCURE-2950,71.4,30.0,Male,ECOG 0,Current,Larynx,T3,N2b,0,test
815,RADCURE-1241,55.1,20.0,Male,ECOG 1,Current,Oropharynx,T3,N0,0,test
2128,RADCURE-2887,50.7,0.0,Male,ECOG 0,Non-smoker,Unknown,T0,N2a,0,test
971,RADCURE-1478,69.5,0.0,Male,ECOG 0,Non-smoker,Larynx,T1b,N0,0,test
1621,RADCURE-2290,44.8,0.0,Male,ECOG 0,Non-smoker,Oropharynx,T3,N0,0,test
2005,RADCURE-2742,83.3,30.0,Male,ECOG 0,Ex-smoker,Larynx,T4a,N1,1,test
677,RADCURE-0949,73.7,2.0,Male,ECOG 1,Current,Oropharynx,T4a,N2b,0,test
2825,RADCURE-3773,62.1,31.0,Male,ECOG 1,Current,Esophagus,T2,N2,1,test
642,RADCURE-0903,56.7,0.0,Female,ECOG 1,Non-smoker,Oropharynx,T3,N1,0,test
271,RADCURE-0384,61.3,0.0,Male,ECOG 0,Non-smoker,Oropharynx,T1,N2b,0,test
190,RADCURE-0278,58.8,0.0,Female,ECOG 0,Non-smoker,Unknown,T0,N2a,0,test
2801,RADCURE-3713,77.4,30.0,Female,ECOG 1,Ex-smoker,Oropharynx,T3,N0,0,test
2033,RADCURE-2777,58.5,0.0,Male,ECOG 1,Non-smoker,Oropharynx,T4a,N2a,0,test
1029,RADCURE-1549,58.5,2.0,Male,ECOG 0,Ex-smoker,Oropharynx,T1,N1,0,test
1107,RADCURE-1648,73.6,0.0,Male,ECOG 0,Non-smoker,Hypopharynx,T4a,N1,0,test
2887,RADCURE-4064,86.7,0.0,Male,ECOG 1,Non-smoker,Larynx,T4a,N0,1,test
470,RADCURE-0654,72.9,0.0,Male,ECOG 0,Non-smoker,Larynx,Tis,N0,0,test
2744,RADCURE-3630,43.8,0.0,Male,ECOG 0,Non-smoker,Nasopharynx,T2,N2,0,test
888,RADCURE-1348,55.2,40.0,Male,ECOG 0,Ex-smoker,Unknown,T0,N2b,1,test
1985,RADCURE-2719,76.4,10.0,Male,ECOG 0,Ex-smoker,Larynx,T1b,N0,0,test
40,RADCURE-0062,68.8,67.5,Female,ECOG 0,Ex-smoker,Oropharynx,T2,N0,0,test
1882,RADCURE-2595,49.3,0.0,Female,ECOG 0,Non-smoker,Oropharynx,T1,N2b,0,test
2874,RADCURE-4047,85.6,40.0,Male,ECOG 1,Ex-smoker,Larynx,T3,N0,0,test
1346,RADCURE-1965,64.1,0.0,Female,ECOG 0,Non-smoker,Oropharynx,T3,N2b,0,test
233,RADCURE-0328,52.6,30.0,Male,ECOG 1,Current,Oropharynx,T4a,N2c,1,test
142,RADCURE-0210,62.8,30.0,Male,ECOG 0,Current,Oropharynx,T4a,N2c,0,test
961,RADCURE-1463,20.5,,Female,ECOG 0,Unknown,Sarcoma,T1,N0,0,test
1773,RADCURE-2469,67.0,60.0,Male,ECOG 0,Current,Oropharynx,T4a,N0,0,test
110,RADCURE-0164,76.0,60.0,Female,ECOG 2,Current,Larynx,T3,N0,0,test
1280,RADCURE-1881,42.8,3.0,Male,ECOG 0,Current,Nasopharynx,T4,N2,0,test
996,RADCURE-1507,75.2,0.0,Male,ECOG 2,Non-smoker,Larynx,T1b,N0,0,test
501,RADCURE-0694,66.3,74.0,Male,ECOG 0,Current,Lip & Oral Cavity,T4a,N2b,1,test
2213,RADCURE-2983,37.9,0.0,Male,ECOG 0,Non-smoker,Oropharynx,T1,N2b,0,test
2459,RADCURE-3260,58.0,45.0,Male,ECOG 0,Current,Oropharynx,T4a,N1,0,test
239,RADCURE-0334,60.8,5.0,Male,ECOG 1,Ex-smoker,Oropharynx,T4a,N2c,0,test
1911,RADCURE-2627,58.0,30.0,Male,ECOG 0,Ex-smoker,Oropharynx,T4b,N2c,0,test
2043,RADCURE-2789,62.6,35.0,Male,ECOG 0,Ex-smoker,Unknown,T0,N2a,0,test
2183,RADCURE-2949,62.3,40.0,Male,ECOG 1,Current,Larynx,T2,N0,0,test
2209,RADCURE-2979,58.5,0.0,Male,ECOG 1,Non-smoker,Nasopharynx,T3,N2,0,test
1402,RADCURE-2033,65.0,30.0,Male,ECOG 0,Current,Larynx,T1a,N0,0,test
1274,RADCURE-1874,69.1,5.0,Male,ECOG 2,Ex-smoker,Larynx,T3,N1,1,test
1184,RADCURE-1752,68.2,50.0,Male,ECOG 1,Ex-smoker,Unknown,T0,N2a,1,test
1132,RADCURE-1684,62.4,40.0,Male,ECOG 1,Current,Oropharynx,T4a,N2c,1,test
1915,RADCURE-2631,69.6,42.0,Male,ECOG 2,Ex-smoker,Oropharynx,T2,N2a,0,test
1492,RADCURE-2145,56.0,50.0,Male,ECOG 0,Current,Larynx,T1a,N0,0,test
1794,RADCURE-2491,62.2,0.0,Male,ECOG 1,Non-smoker,Oropharynx,T4a,N2c,0,test
1276,RADCURE-1877,73.6,100.0,Male,ECOG 1,Ex-smoker,Larynx,T1a,N0,0,test
2554,RADCURE-3376,53.6,30.0,Male,ECOG 0,Current,Larynx,T1a,N0,0,test
1568,RADCURE-2231,58.7,0.0,Female,ECOG 2,Non-smoker,Oropharynx,T1,N3,0,test
2004,RADCURE-2741,71.0,0.0,Male,ECOG 1,Non-smoker,Oropharynx,T4a,N2c,0,test
2109,RADCURE-2861,50.7,25.0,Female,ECOG 0,Current,Hypopharynx,T2,N2b,0,test
589,RADCURE-0815,76.0,20.0,Male,ECOG 0,Current,Hypopharynx,T2,N2c,0,test
2633,RADCURE-3473,61.6,10.0,Male,ECOG 1,Current,Oropharynx,T4a,N2c,1,test
2828,RADCURE-3776,77.1,50.0,Male,ECOG 1,Ex-smoker,Oropharynx,T4a,N2c,1,test
2649,RADCURE-3501,72.6,0.0,Female,ECOG 0,Non-smoker,Oropharynx,T1,N0,0,test
3,RADCURE-0009,72.3,30.0,Male,ECOG 1,Ex-smoker,Unknown,T0,N2c,0,test
2115,RADCURE-2868,57.5,20.0,Male,ECOG 1,Ex-smoker,Oropharynx,T4a,N2b,0,test
1332,RADCURE-1949,75.3,32.0,Male,ECOG 0,Ex-smoker,Oropharynx,T3,N1,0,test
706,RADCURE-0983,47.4,0.0,Male,ECOG 1,Non-smoker,Oropharynx,T2,N2b,0,test
1968,RADCURE-2695,56.2,12.0,Male,ECOG 1,Current,Unknown,T0,N2a,0,test
2864,RADCURE-4032,62.2,0.0,Female,ECOG 1,Non-smoker,Nasopharynx,T3,N2,0,test
1376,RADCURE-2003,54.5,40.0,Female,ECOG 0,Current,Larynx,T3,N2c,1,test
640,RADCURE-0901,60.6,24.0,Male,ECOG 0,Current,Larynx,T3,N2c,1,test
1205,RADCURE-1780,62.5,0.0,Female,ECOG 1,Non-smoker,Nasopharynx,T1,N1,0,test
1675,RADCURE-2355,62.1,50.0,Male,ECOG 1,Current,Oropharynx,T3,N2c,1,test
2662,RADCURE-3516,34.6,5.0,Male,ECOG 0,Current,Oropharynx,T3,N3,0,test
1428,RADCURE-2067,55.5,80.0,Male,ECOG 2,Current,Oropharynx,T3,N2c,0,test
1493,RADCURE-2146,69.7,25.0,Female,ECOG 0,Ex-smoker,Hypopharynx,T2,N0,0,test
827,RADCURE-1261,47.3,0.0,Female,ECOG 0,Non-smoker,Oropharynx,T3,N2c,0,test
2337,RADCURE-3123,46.1,0.0,Female,ECOG 0,Non-smoker,Nasopharynx,T1,N3b,0,test
2918,RADCURE-4100,55.4,30.0,Female,ECOG 1,Current,Oropharynx,T3,N2c,0,test
2381,RADCURE-3173,58.0,1.0,Male,ECOG 1,Ex-smoker,Oropharynx,T4a,N2c,0,test
856,RADCURE-1301,61.0,30.0,Female,ECOG 0,Ex-smoker,Larynx,T1a,N0,0,test
2767,RADCURE-3660,73.8,60.0,Male,ECOG 1,Current,Oropharynx,T2,N1,0,test
1065,RADCURE-1591,82.4,10.0,Male,ECOG 1,Ex-smoker,Oropharynx,T3,N2c,0,test
1988,RADCURE-2723,90.0,30.0,Male,ECOG 1,Ex-smoker,Larynx,Tis,N0,1,test
781,RADCURE-1089,75.9,0.0,Male,ECOG 0,Non-smoker,Oropharynx,T1,N2b,0,test
2232,RADCURE-3004,61.3,0.0,Female,ECOG 0,Non-smoker,Nasopharynx,T3,N0,0,test
786,RADCURE-1096,68.3,,Male,ECOG 0,Unknown,Larynx,T2,N0,0,test
613,RADCURE-0851,48.6,0.0,Female,ECOG 0,Non-smoker,Nasopharynx,T1,N2,0,test
830,RADCURE-1264,57.6,21.0,Male,ECOG 1,Ex-smoker,Oropharynx,T1,N2a,0,test
1433,RADCURE-2072,68.5,25.0,Male,ECOG 1,Current,Larynx,T1a,N0,0,test
861,RADCURE-1313,75.3,25.0,Female,ECOG 0,Ex-smoker,Oropharynx,T3,N2b,0,test
1515,RADCURE-2169,53.0,0.0,Male,ECOG 0,Non-smoker,Oropharynx,T2,N2b,0,test
1081,RADCURE-1614,57.4,0.0,Female,ECOG 1,Non-smoker,Oropharynx,T2,N0,0,test
2876,RADCURE-4050,75.3,50.0,Male,ECOG 1,Ex-smoker,Nasopharynx,T3,N1,0,test
1641,RADCURE-2315,55.7,40.0,Male,ECOG 0,Current,Larynx,T1b,N0,0,test
1345,RADCURE-1964,67.0,30.0,Male,ECOG 0,Ex-smoker,Nasopharynx,T3,N3b,0,test
160,RADCURE-0238,46.7,25.0,Male,ECOG 0,Ex-smoker,Oropharynx,T3,N2c,0,test
1695,RADCURE-2378,45.6,0.0,Male,ECOG 0,Non-smoker,Oropharynx,T2,N2a,0,test
1125,RADCURE-1675,65.5,0.0,Male,ECOG 0,Non-smoker,Oropharynx,T4a,N2c,0,test
1103,RADCURE-1644,74.9,30.0,Female,ECOG 2,Current,Oropharynx,T4b,N2b,1,test
244,RADCURE-0345,49.4,0.0,Male,ECOG 0,Non-smoker,Larynx,T1,N0,0,test
1243,RADCURE-1834,49.6,0.0,Male,ECOG 0,Non-smoker,Oropharynx,T1,N1,0,test
1544,RADCURE-2204,88.2,0.0,Female,ECOG 0,Non-smoker,Oropharynx,T2,N1,0,test
2301,RADCURE-3081,85.1,20.0,Male,ECOG 0,Ex-smoker,Larynx,T2,N0,0,test
2058,RADCURE-2804,63.2,7.0,Male,ECOG 1,Ex-smoker,Oropharynx,T3,N2c,0,test
2879,RADCURE-4053,63.6,2.0,Male,ECOG 0,Ex-smoker,Nasopharynx,T1,N0,0,test
1022,RADCURE-1540,77.7,75.0,Male,ECOG 1,Current,Larynx,T2,N0,1,test
2340,RADCURE-3127,61.7,30.0,Male,ECOG 0,Ex-smoker,Nasopharynx,T4,N1,0,test
1458,RADCURE-2102,82.9,10.0,Male,ECOG 1,Ex-smoker,Larynx,T2,N0,0,test
1216,RADCURE-1791,57.2,0.0,Male,ECOG 0,Non-smoker,Oropharynx,T2,N2c,0,test
870,RADCURE-1324,67.3,50.0,Male,ECOG 2,Ex-smoker,Larynx,T4a,N0,0,test
116,RADCURE-0172,57.6,,Female,ECOG 0,Unknown,Paranasal Sinus,T4,N0,0,test
840,RADCURE-1277,66.9,35.0,Male,ECOG 0,Current,Oropharynx,T2,N2b,1,test
772,RADCURE-1074,77.1,60.0,Male,ECOG 0,Current,Lip & Oral Cavity,T3,N0,0,test
2352,RADCURE-3140,50.1,0.0,Male,ECOG 1,Non-smoker,Oropharynx,T2,N1,0,test
1275,RADCURE-1876,55.1,40.0,Male,ECOG 1,Current,Larynx,T3,N2c,0,test
229,RADCURE-0323,49.3,60.0,Male,ECOG 0,Current,Larynx,T3,N2c,0,test
1084,RADCURE-1618,58.6,0.0,Female,ECOG 0,Non-smoker,Nasopharynx,T1,N2,0,test
990,RADCURE-1500,67.5,0.0,Male,ECOG 1,Non-smoker,Larynx,T2,N0,0,test
2113,RADCURE-2866,63.1,45.0,Male,ECOG 0,Current,Oropharynx,T2,N2b,0,test
2510,RADCURE-3320,56.3,5.0,Male,ECOG 0,Ex-smoker,Oropharynx,T2,N2b,0,test
444,RADCURE-0615,58.8,60.0,Male,ECOG 0,Current,Larynx,T3,N0,0,test
2768,RADCURE-3661,68.1,40.0,Male,ECOG 0,Ex-smoker,Oropharynx,T2,N2b,0,test
1072,RADCURE-1604,55.7,15.0,Female,ECOG 0,Current,Oropharynx,T3,N0,0,test
799,RADCURE-1191,88.1,0.0,Male,ECOG 0,Non-smoker,Nasopharynx,T3,N0,0,test
2008,RADCURE-2746,68.9,5.0,Male,ECOG 0,Ex-smoker,Oropharynx,T2,N2a,0,test
2434,RADCURE-3230,67.6,50.0,Male,ECOG 2,Ex-smoker,Oropharynx,T4b,N2c,1,test
396,RADCURE-0554,63.1,40.0,Male,ECOG 0,Current,Hypopharynx,T2,N2b,0,test
2123,RADCURE-2880,15.6,0.0,Male,ECOG 0,Non-smoker,Nasopharynx,T1,N2,0,test
2088,RADCURE-2837,59.6,60.0,Male,ECOG 0,Ex-smoker,Larynx,T4a,N0,1,test
1418,RADCURE-2054,61.5,50.0,Male,ECOG 0,Current,Larynx,T1a,N0,0,test
146,RADCURE-0214,63.0,50.0,Female,ECOG 0,Current,Oropharynx,T1,N2c,0,test
1453,RADCURE-2094,54.1,0.0,Male,ECOG 0,Non-smoker,Lip & Oral Cavity,T3,N2b,0,test
113,RADCURE-0167,61.6,50.0,Male,ECOG 1,Ex-smoker,Oropharynx,T4a,N0,0,test
791,RADCURE-1156,36.2,0.0,Female,ECOG 0,Non-smoker,Nasopharynx,T3,N3b,0,test
1350,RADCURE-1970,49.3,30.0,Male,ECOG 0,Current,Oropharynx,T4a,N2c,0,test
2515,RADCURE-3326,51.5,15.0,Male,ECOG 1,Ex-smoker,Nasopharynx,T4,N2,0,test
1938,RADCURE-2658,70.9,20.0,Male,ECOG 1,Ex-smoker,Oropharynx,T4a,N2c,1,test
1420,RADCURE-2056,52.1,5.0,Male,ECOG 0,Ex-smoker,Nasopharynx,T3,N3b,0,test
2861,RADCURE-4029,75.7,50.0,Male,ECOG 1,Current,Oropharynx,T3,N2b,0,test
2660,RADCURE-3514,62.5,,Female,ECOG 0,Unknown,Larynx,T1,N0,0,test
2530,RADCURE-3346,69.3,0.0,Male,ECOG 0,Non-smoker,Larynx,T1a,N0,0,test
858,RADCURE-1305,47.8,30.0,Male,ECOG 0,Current,Lip & Oral Cavity,T1,N0,0,test
1124,RADCURE-1673,64.0,50.0,Male,ECOG 0,Ex-smoker,Larynx,T1b,N0,0,test
2700,RADCURE-3569,75.2,15.0,Female,ECOG 0,Ex-smoker,Oropharynx,T1,N2b,0,test
612,RADCURE-0849,48.8,0.0,Female,ECOG 0,Non-smoker,Oropharynx,T1,N1,0,test
1580,RADCURE-2244,68.7,30.0,Male,ECOG 0,Ex-smoker,Oropharynx,T3,N2b,0,test
1811,RADCURE-2510,62.8,6.0,Female,ECOG 0,Ex-smoker,Oropharynx,T1,N0,0,test
970,RADCURE-1477,64.4,0.0,Female,ECOG 0,Non-smoker,Nasopharynx,T3,N2,0,test
299,RADCURE-0421,72.2,30.0,Male,ECOG 1,Current,Oropharynx,T1,N3,1,test
879,RADCURE-1335,59.4,12.0,Male,ECOG 0,Ex-smoker,Oropharynx,T2,N2c,0,test
2227,RADCURE-2998,56.3,3.0,Male,ECOG 1,Ex-smoker,Nasopharynx,T4,N2,0,test
1131,RADCURE-1682,65.6,0.0,Male,ECOG 0,Non-smoker,Oropharynx,T3,N3,1,test
70,RADCURE-0103,75.2,60.0,Male,ECOG 0,Current,Larynx,T3,N0,1,test
617,RADCURE-0859,75.9,80.0,Male,ECOG 0,Current,Lip & Oral Cavity,T3,N0,0,test
424,RADCURE-0590,77.1,12.0,Male,ECOG 0,Ex-smoker,Oropharynx,T2,N2b,0,test
2599,RADCURE-3430,70.7,0.0,Female,ECOG 0,Non-smoker,Oropharynx,T1,N2b,0,test
2616,RADCURE-3453,53.5,32.0,Male,ECOG 1,Current,Oropharynx,T4a,N2b,0,test
1448,RADCURE-2088,54.6,0.0,Male,ECOG 0,Non-smoker,Oropharynx,T1,N2a,0,test
282,RADCURE-0396,46.3,5.0,Female,ECOG 0,Ex-smoker,Oropharynx,T4b,N2b,0,test
868,RADCURE-1322,56.3,0.0,Female,ECOG 0,Non-smoker,Oropharynx,T2,N2c,0,test
1525,RADCURE-2180,34.0,0.0,Male,ECOG 0,Non-smoker,Nasopharynx,T3,N3b,0,test
2794,RADCURE-3698,71.3,55.0,Male,ECOG 1,Current,Oropharynx,T3,N0,1,test
818,RADCURE-1246,49.7,20.0,Female,ECOG 0,Ex-smoker,Oropharynx,T1,N1,0,test
2499,RADCURE-3309,22.3,66.0,Male,ECOG 1,Current,Larynx,T2,N2c,1,test
1887,RADCURE-2600,56.8,50.0,Male,ECOG 0,Current,Larynx,T2,N0,0,test
1010,RADCURE-1528,57.4,20.0,Male,ECOG 0,Ex-smoker,Oropharynx,T2,N2a,0,test
2811,RADCURE-3732,69.0,0.0,Male,ECOG 0,Non-smoker,Oropharynx,T2,N1,0,test
2200,RADCURE-2968,73.0,80.0,Male,ECOG 0,Ex-smoker,Larynx,T1,N0,0,test
2185,RADCURE-2951,50.0,0.0,Male,ECOG 0,Non-smoker,Oropharynx,T2,N3,0,test
230,RADCURE-0324,63.1,0.0,Male,ECOG 0,Non-smoker,Larynx,T1,N2a,0,test
2310,RADCURE-3091,65.1,50.0,Male,ECOG 0,Current,Lip & Oral Cavity,T2,N1,0,test
623,RADCURE-0872,83.3,70.0,Female,ECOG 0,Current,Larynx,T2,N1,0,test
2682,RADCURE-3544,61.3,25.0,Male,ECOG 1,Current,Oropharynx,T4a,N2c,1,test
2122,RADCURE-2879,53.4,17.0,Male,ECOG 0,Ex-smoker,Oropharynx,T1,N1,0,test
1135,RADCURE-1688,76.8,80.0,Male,ECOG 1,Ex-smoker,Hypopharynx,T3,N1,1,test
1105,RADCURE-1646,51.8,0.0,Male,ECOG 0,Non-smoker,Oropharynx,T4a,N2c,0,test
2235,RADCURE-3007,39.8,24.0,Male,ECOG 1,Current,Oropharynx,T4b,N2c,0,test
14,RADCURE-0024,54.4,50.0,Female,ECOG 0,Ex-smoker,Oropharynx,T2,N2c,0,test
1335,RADCURE-1952,71.3,50.0,Male,ECOG 1,Current,Larynx,T2,N0,0,test
317,RADCURE-0445,56.5,15.0,Female,ECOG 0,Ex-smoker,Nasal Cavity,T2,N0,0,test
490,RADCURE-0679,55.6,5.0,Male,ECOG 0,Ex-smoker,Oropharynx,T3,N2c,0,test
2913,RADCURE-4092,40.9,0.0,Female,ECOG 0,Non-smoker,Oropharynx,T4a,N2c,0,test
2389,RADCURE-3182,62.0,45.0,Female,ECOG 0,Current,Oropharynx,T3,N2c,0,test
1467,RADCURE-2112,70.6,50.0,Male,ECOG 0,Current,Larynx,T1a,N0,0,test
923,RADCURE-1397,90.0,50.0,Male,ECOG 2,Ex-smoker,Larynx,T3,N2c,1,test
2044,RADCURE-2790,53.2,0.0,Male,ECOG 0,Non-smoker,Oropharynx,T2,N0,0,test
1210,RADCURE-1785,70.9,0.0,Female,ECOG 1,Non-smoker,Larynx,T3,N2b,1,test
1801,RADCURE-2499,57.6,0.0,Female,ECOG 1,Non-smoker,Lip & Oral Cavity,T4a,N0,0,test
2472,RADCURE-3274,59.6,40.0,Male,ECOG 0,Current,Oropharynx,T2,N2b,0,test
592,RADCURE-0819,47.4,0.0,Male,ECOG 0,Non-smoker,Oropharynx,T3,N1,0,test
729,RADCURE-1016,83.0,5.0,Male,ECOG 1,Ex-smoker,Oropharynx,T3,N2c,1,test
727,RADCURE-1011,58.2,40.0,Male,ECOG 1,Current,Oropharynx,T3,N2c,0,test
758,RADCURE-1057,67.2,30.0,Male,ECOG 1,Current,Oropharynx,T3,N2c,0,test
1004,RADCURE-1520,62.8,0.0,Female,ECOG 0,Non-smoker,Nasopharynx,T4,N2,0,test
567,RADCURE-0785,56.6,0.0,Male,ECOG 0,Non-smoker,Oropharynx,T2,N2b,0,test
596,RADCURE-0826,68.6,80.0,Female,ECOG 1,Current,Larynx,T2,N0,0,test
654,RADCURE-0918,75.9,40.0,Male,ECOG 0,Ex-smoker,Nasal Cavity,T2,N0,0,test
1990,RADCURE-2726,76.3,15.0,Male,ECOG 0,Ex-smoker,Larynx,T3,N0,0,test
526,RADCURE-0728,61.3,0.0,Male,ECOG 1,Non-smoker,Paranasal Sinus,T3,N0,0,test
2667,RADCURE-3523,50.6,15.0,Female,ECOG 1,Current,Oropharynx,T4a,N2b,0,test
1104,RADCURE-1645,53.0,100.0,Male,ECOG 0,Current,Larynx,T2,N0,0,test
1200,RADCURE-1774,81.6,55.0,Male,ECOG 1,Ex-smoker,Larynx,T2,N0,0,test
2098,RADCURE-2848,52.3,38.0,Male,ECOG 0,Ex-smoker,Oropharynx,T1,N2a,0,test
197,RADCURE-0285,50.5,0.0,Male,ECOG 0,Non-smoker,Oropharynx,T2,N2b,0,test
1865,RADCURE-2575,83.3,0.0,Male,ECOG 1,Non-smoker,Larynx,T2,N0,0,test
2634,RADCURE-3475,88.2,20.0,Male,ECOG 0,Ex-smoker,Unknown,T0,N2a,0,test
1862,RADCURE-2572,40.0,20.0,Male,ECOG 1,Ex-smoker,Oropharynx,T4b,N2c,0,test
191,RADCURE-0279,39.5,19.0,Female,ECOG 2,Ex-smoker,Oropharynx,T2,N2c,0,test
914,RADCURE-1384,54.7,20.0,Male,ECOG 0,Ex-smoker,Oropharynx,T1,N2b,0,test
1715,RADCURE-2402,59.3,23.0,Male,ECOG 1,Ex-smoker,Oropharynx,T3,N2b,0,test
597,RADCURE-0827,89.5,15.0,Male,ECOG 1,Ex-smoker,Larynx,T1a,N0,0,test
2758,RADCURE-3648,50.8,20.0,Male,ECOG 0,Current,Nasal Cavity,T2,N0,0,test
571,RADCURE-0791,66.5,0.0,Male,ECOG 0,Non-smoker,Oropharynx,T2,N2b,0,test
2579,RADCURE-3406,67.5,0.0,Male,ECOG 1,Non-smoker,Lip & Oral Cavity,T4a,N0,0,test
2631,RADCURE-3471,70.1,7.5,Female,ECOG 0,Ex-smoker,Oropharynx,T3,N2b,0,test
763,RADCURE-1063,64.3,22.0,Male,ECOG 0,Current,Larynx,T2,N0,0,test
2708,RADCURE-3580,75.7,10.0,Male,ECOG 1,Ex-smoker,Oropharynx,T3,N2c,1,test
2528,RADCURE-3343,69.8,2.0,Male,ECOG 0,Ex-smoker,Larynx,T1a,N0,0,test
2231,RADCURE-3003,48.9,5.0,Male,ECOG 1,Current,Larynx,T1a,N0,1,test
2854,RADCURE-3866,70.0,50.0,Male,ECOG 1,Ex-smoker,Oropharynx,T3,N2c,1,test
1265,RADCURE-1864,41.9,60.0,Female,ECOG 1,Current,Oropharynx,T4a,N3,0,test
1712,RADCURE-2399,50.6,35.0,Male,ECOG 1,Current,Oropharynx,T2,N3,0,test
2390,RADCURE-3183,73.9,43.0,Female,ECOG 0,Current,Nasal Cavity,T1,N0,0,test
138,RADCURE-0205,63.4,2.0,Female,ECOG 0,Ex-smoker,Oropharynx,T3,N2b,0,test
2095,RADCURE-2844,58.4,0.0,Male,ECOG 0,Non-smoker,Oropharynx,T3,N2c,0,test
2789,RADCURE-3691,66.9,40.0,Male,ECOG 1,Current,Oropharynx,T4a,N1,0,test
2356,RADCURE-3144,53.2,30.0,Male,ECOG 0,Current,Larynx,T1b,N0,0,test
1970,RADCURE-2697,74.0,50.0,Male,ECOG 1,Ex-smoker,Larynx,T3,N0,0,test
1288,RADCURE-1891,46.5,40.0,Male,ECOG 2,Current,Oropharynx,T3,N2c,0,test
995,RADCURE-1506,56.2,30.0,Male,ECOG 0,Ex-smoker,Oropharynx,T1,N3,0,test
2283,RADCURE-3061,77.9,20.0,Male,ECOG 1,Ex-smoker,Nasopharynx,T3,N2,1,test
376,RADCURE-0528,57.4,0.0,Male,ECOG 2,Non-smoker,Oropharynx,T3,N0,0,test
154,RADCURE-0229,58.4,40.0,Male,ECOG 0,Current,Unknown,T0,N3,0,test
24,RADCURE-0042,62.0,0.0,Male,ECOG 0,Non-smoker,Larynx,T1a,N0,0,test
882,RADCURE-1338,49.5,30.0,Female,ECOG 0,Ex-smoker,Paranasal Sinus,T4a,N2b,0,test
2126,RADCURE-2884,32.8,0.0,Male,ECOG 0,Non-smoker,Larynx,T4a,N2b,1,test
181,RADCURE-0263,77.0,,Female,ECOG 0,Current,Oropharynx,T3,N0,0,test
1372,RADCURE-1999,57.0,25.0,Male,ECOG 0,Current,Oropharynx,T4a,N2b,0,test
1203,RADCURE-1778,58.4,25.0,Male,ECOG 0,Ex-smoker,Oropharynx,T2,N2b,0,test
1751,RADCURE-2444,71.7,55.0,Male,ECOG 0,Current,Oropharynx,T3,N1,0,test
1637,RADCURE-2309,74.0,2.0,Male,ECOG 1,Ex-smoker,Oropharynx,T2,N0,1,test
2866,RADCURE-4034,54.8,30.0,Male,ECOG 0,Ex-smoker,Larynx,T2,N0,0,test
1351,RADCURE-1973,50.7,0.0,Male,ECOG 1,Non-smoker,Unknown,T0,N2a,0,test
1049,RADCURE-1571,50.6,28.0,Male,ECOG 0,Ex-smoker,Nasopharynx,T4,N2,0,test
1014,RADCURE-1532,55.6,50.0,Male,ECOG 0,Ex-smoker,Unknown,T0,N1,0,test
2881,RADCURE-4056,58.8,60.0,Male,ECOG 1,Current,Unknown,T0,N2c,1,test
1979,RADCURE-2711,59.3,0.0,Female,ECOG 1,Non-smoker,Larynx,T2,N0,0,test
1685,RADCURE-2367,79.7,20.0,Female,ECOG 1,Current,Oropharynx,T3,N0,0,test
2573,RADCURE-3400,58.8,40.0,Male,ECOG 0,Ex-smoker,Oropharynx,T1,N2b,0,test
577,RADCURE-0800,54.8,40.0,Male,ECOG 1,Current,Oropharynx,T4a,N2c,0,test
2072,RADCURE-2819,55.2,20.0,Male,ECOG 0,Ex-smoker,Larynx,T2,N0,0,test
2732,RADCURE-3611,51.5,0.0,Male,ECOG 0,Non-smoker,Oropharynx,T1,N2b,0,test
1391,RADCURE-2020,76.1,25.0,Male,ECOG 2,Ex-smoker,Oropharynx,T3,N2c,0,test
256,RADCURE-0362,53.0,0.0,Male,ECOG 0,Non-smoker,Oropharynx,T3,N3,0,test
1703,RADCURE-2389,50.8,90.0,Male,ECOG 0,Ex-smoker,Oropharynx,T2,N2b,1,test
2029,RADCURE-2772,45.6,0.0,Female,ECOG 2,Non-smoker,Oropharynx,T3,N2b,1,test
2551,RADCURE-3372,55.2,20.0,Male,ECOG 1,Current,Nasal Cavity,T2,N0,0,test
1533,RADCURE-2191,59.3,30.0,Male,ECOG 0,Ex-smoker,Larynx,T2,N0,0,test
2455,RADCURE-3256,55.5,0.0,Male,ECOG 0,Non-smoker,Oropharynx,T1,N2c,0,test
1444,RADCURE-2084,66.5,50.0,Male,ECOG 2,Ex-smoker,Unknown,T0,N2b,0,test
2157,RADCURE-2921,75.7,40.0,Male,ECOG 0,Ex-smoker,Larynx,T1b,N0,0,test
2102,RADCURE-2853,70.2,20.0,Male,ECOG 0,Ex-smoker,Larynx,T1a,N0,0,test
2722,RADCURE-3599,57.7,15.0,Male,ECOG 0,Ex-smoker,Oropharynx,T4a,N2c,0,test
2423,RADCURE-3217,43.8,10.0,Male,ECOG 0,Current,Larynx,T1a,N0,0,test
2419,RADCURE-3213,66.3,0.0,Male,ECOG 1,Non-smoker,Nasopharynx,T4,N3b,0,test
598,RADCURE-0828,66.1,25.0,Male,ECOG 1,Ex-smoker,Oropharynx,T3,N2c,1,test
306,RADCURE-0431,68.3,20.0,Male,ECOG 0,Ex-smoker,Larynx,T1b,N0,0,test
673,RADCURE-0943,53.3,18.0,Male,ECOG 1,Current,Oropharynx,T3,N2b,0,test
1903,RADCURE-2617,62.6,1.0,Male,ECOG 0,Ex-smoker,Larynx,T2,N0,0,test
1881,RADCURE-2593,82.8,0.0,Female,ECOG 0,Non-smoker,Larynx,T1a,N0,0,test
2201,RADCURE-2969,81.0,0.0,Male,ECOG 0,Non-smoker,Unknown,T0,N2b,0,test
935,RADCURE-1415,76.9,25.0,Male,ECOG 0,Ex-smoker,Larynx,T1b,N0,0,test
1054,RADCURE-1580,74.4,0.0,Female,ECOG 1,Non-smoker,Oropharynx,T3,N0,0,test
1998,RADCURE-2734,86.1,15.0,Male,ECOG 0,Ex-smoker,Larynx,T1b,N0,0,test
2747,RADCURE-3635,49.7,0.0,Male,ECOG 0,Non-smoker,Nasopharynx,T4,N0,0,test
2103,RADCURE-2854,47.2,0.0,Female,ECOG 1,Non-smoker,Paranasal Sinus,T4b,N0,0,test
2383,RADCURE-3175,31.1,0.0,Male,ECOG 0,Non-smoker,Nasopharynx,T2,N2,0,test
2830,RADCURE-3779,66.5,40.0,Male,ECOG 2,Current,Larynx,T1a,N0,0,test
2244,RADCURE-3017,81.1,16.0,Male,ECOG 1,Ex-smoker,Larynx,T2,N0,0,test
2645,RADCURE-3496,63.8,20.0,Male,ECOG 0,Ex-smoker,Larynx,T1a,N0,0,test
808,RADCURE-1217,62.5,5.0,Male,ECOG 0,Ex-smoker,Nasopharynx,T1,N1,0,test
2657,RADCURE-3511,67.7,25.0,Male,ECOG 0,Current,Oropharynx,T2,N2c,0,test
979,RADCURE-1486,73.2,0.0,Male,ECOG 0,Non-smoker,Nasopharynx,T1,N0,0,test
2032,RADCURE-2776,73.4,20.0,Male,ECOG 1,Ex-smoker,Oropharynx,T3,N2b,0,test
2333,RADCURE-3119,54.4,17.0,Female,ECOG 1,Current,Oropharynx,T4b,N2c,1,test
893,RADCURE-1358,65.3,40.0,Male,ECOG 0,Ex-smoker,Larynx,T2,N2c,0,test
1248,RADCURE-1842,53.1,18.0,Male,ECOG 1,Current,Oropharynx,T2,N0,0,test
241,RADCURE-0337,74.5,15.0,Male,ECOG 1,Ex-smoker,Larynx,T2,N0,1,test
2883,RADCURE-4059,55.4,40.0,Male,ECOG 0,Current,Larynx,T3,N2c,0,test
2504,RADCURE-3314,61.1,80.0,Male,ECOG 0,Current,Other,T2,N0,0,test
2857,RADCURE-3950,81.2,0.0,Male,ECOG 1,Non-smoker,Skin,T2,N0,1,test
627,RADCURE-0878,47.7,22.0,Male,ECOG 1,Current,Larynx,T2,N0,0,test
133,RADCURE-0200,54.5,0.0,Female,ECOG 0,Non-smoker,Oropharynx,T1,N2b,0,test
1528,RADCURE-2185,49.4,13.0,Male,ECOG 2,Current,Hypopharynx,T3,N2b,0,test
250,RADCURE-0355,71.9,30.0,Male,ECOG 0,Ex-smoker,Oropharynx,T3,N2b,1,test
1201,RADCURE-1775,63.8,50.0,Male,ECOG 0,Ex-smoker,Larynx,T1b,N0,0,test
2691,RADCURE-3559,68.8,50.0,Male,ECOG 0,Current,Nasal Cavity,T1,N0,0,test
1046,RADCURE-1568,55.8,40.0,Male,ECOG 0,Ex-smoker,Oropharynx,T1,N1,0,test
705,RADCURE-0982,55.7,0.0,Male,ECOG 0,Non-smoker,Oropharynx,T2,N2b,0,test
471,RADCURE-0655,68.1,12.0,Male,Missing,Ex-smoker,Hypopharynx,T4a,N0,1,test
2799,RADCURE-3710,62.1,45.0,Male,ECOG 1,Current,Oropharynx,T2,N0,0,test
580,RADCURE-0803,75.9,50.0,Male,ECOG 2,Current,Oropharynx,T4b,N2b,1,test
519,RADCURE-0721,85.5,16.0,Male,ECOG 0,Ex-smoker,Lip & Oral Cavity,T2,N0,0,test
1601,RADCURE-2266,61.5,0.0,Female,ECOG 0,Non-smoker,Oropharynx,T3,N2c,0,test
19,RADCURE-0030,65.6,25.0,Male,ECOG 0,Ex-smoker,Unknown,T0,N2b,0,test
2748,RADCURE-3636,72.7,0.0,Male,ECOG 0,Current,Sarcoma,T2,N0,0,test
