threshold,sensitivity,specificity,balanced_accuracy,precision,f1,predicted_positive_rate,youden_j
0.0060141188747051,1.0,0.0,0.5,0.18885580603998298,0.3177101967799642,1.0,0.0
0.006806837985019781,1.0,0.0005243838489774515,0.5002621919244887,0.18893617021276596,0.3178239083750895,0.9995746490854955,0.000524383848977461
0.007039908084252982,1.0,0.001048767697954903,0.5005243838489775,0.18901660280970625,0.317937701396348,0.9991492981709911,0.001048767697954922
0.007395634384623397,1.0,0.0015731515469323545,0.5007865757734662,0.1890971039182283,0.3180515759312321,0.9987239472564866,0.0015731515469323831
0.007628960899437344,1.0,0.002097535395909806,0.5010487676979549,0.1891776736259054,0.31816553206735937,0.9982985963419821,0.002097535395909844
0.007744407574419039,1.0,0.0026219192448872575,0.5013109596224437,0.18925831202046037,0.31827956989247314,0.9978732454274777,0.002621919244887305
0.007858088484442255,1.0,0.003146303093864709,0.5015731515469324,0.18933901918976545,0.3183936894944424,0.9974478945129732,0.0031463030938646552
0.00819776300115194,1.0,0.0036706869428421605,0.5018353434714211,0.189419795221843,0.31850789096126253,0.9970225435984688,0.0036706869428421163
0.008203274469555707,1.0,0.004195070791819612,0.5020975353959098,0.18950064020486557,0.3186221743810549,0.9965971926839643,0.004195070791819577
0.008522522674829763,1.0,0.0047194546407970635,0.5023597273203986,0.18958155422715628,0.3187365398420675,0.9961718417694598,0.004719454640797038
0.009308064905794475,1.0,0.005243838489774515,0.5026219192448873,0.18966253737718924,0.3188509874326751,0.9957464908549554,0.005243838489774499
0.009737260658572102,1.0,0.0057682223387519665,0.502884111169376,0.18974358974358974,0.3189655172413793,0.9953211399404509,0.0057682223387519604
0.010120110529137223,1.0,0.006292606187729418,0.5031463030938647,0.18982471141513468,0.31908012935680924,0.9948957890259464,0.0062926061877294215
0.010381674151743143,1.0,0.0068169900367068695,0.5034084950183534,0.1899059024807528,0.3191948238677211,0.994470438111442,0.0068169900367068825
0.010383710243115154,1.0,0.007341373885684321,0.5036706869428421,0.18998716302952504,0.3193096008629989,0.9940450871969375,0.007341373885684344
0.0104733926514211,1.0,0.007865757734661772,0.5039328788673308,0.19006849315068494,0.31942446043165473,0.993619736282433,0.007865757734661805
0.01055696541640174,1.0,0.008390141583639224,0.5041950707918196,0.19014989293361884,0.3195394026628283,0.9931943853679286,0.008390141583639266
0.010623363700299454,1.0,0.008914525432616675,0.5044572627163083,0.19023136246786632,0.31965442764578833,0.9927690344534241,0.008914525432616727
0.010801896032810168,1.0,0.009438909281594127,0.504719454640797,0.19031290184312044,0.3197695354699316,0.9923436835389197,0.009438909281594077
0.010882648035606457,1.0,0.009963293130571578,0.5049816465652858,0.19039451114922812,0.3198847262247838,0.9919183326244151,0.009963293130571538
0.011410824886399882,1.0,0.01048767697954903,0.5052438384897745,0.19047619047619047,0.32,0.9914929817099106,0.010487676979548999
0.011463327561704026,1.0,0.01101206082852648,0.5055060304142632,0.1905579399141631,0.32011535688536413,0.9910676307954062,0.01101206082852646
0.011643972066747115,1.0,0.011536444677503933,0.505768222338752,0.1906397595534564,0.32023079697078977,0.9906422798809017,0.011536444677503921
0.011738167076516209,1.0,0.012060828526481384,0.5060304142632407,0.19072164948453607,0.3203463203463203,0.9902169289663972,0.012060828526481382
0.011952634720938014,1.0,0.012585212375458836,0.5062926061877294,0.19080360979802322,0.32046192710212923,0.9897915780518928,0.012585212375458843
0.011976337842891104,1.0,0.013109596224436287,0.5065547981122182,0.19088564058469476,0.32057761732851986,0.9893662271373883,0.013109596224436304
0.012011100552410711,1.0,0.013633980073413739,0.5068169900367069,0.19096774193548388,0.3206933911159264,0.9889408762228838,0.013633980073413765
0.012083566950502157,1.0,0.01415836392239119,0.5070791819611956,0.19104991394148021,0.3208092485549133,0.9885155253083794,0.014158363922391226
0.01222501888441682,1.0,0.014682747771368642,0.5073413738856843,0.19113215669393027,0.32092518973617634,0.9880901743938749,0.014682747771368687
0.012253162292061437,1.0,0.015207131620346093,0.5076035658101731,0.19121447028423771,0.32104121475054226,0.9876648234793705,0.015207131620346148
0.012493143376429759,1.0,0.015731515469323543,0.5078657577346618,0.1912968548039638,0.32115732368896927,0.987239472564866,0.015731515469323498
0.012495533096990606,1.0,0.016255899318300997,0.5081279496591505,0.19137931034482758,0.32127351664254705,0.9868141216503615,0.01625589931830096
0.01250765727341734,1.0,0.016780283167278448,0.5083901415836393,0.19146183699870634,0.3213897937024973,0.9863887707358571,0.01678028316727842
0.013152198878165662,1.0,0.0173046670162559,0.508652333508128,0.1915444348576359,0.3215061549601738,0.9859634198213526,0.01730466701625588
0.013349070601229173,1.0,0.01782905086523335,0.5089145254326167,0.19162710401381097,0.3216226005070627,0.9855380689068481,0.017829050865233342
0.013499670172572635,1.0,0.018353434714210803,0.5091767173571053,0.19170984455958548,0.3217391304347826,0.9851127179923437,0.018353434714210803
0.013568643208004431,1.0,0.018877818563188254,0.5094389092815941,0.191792656587473,0.32185574483508517,0.9846873670778392,0.018877818563188264
0.013638125639292028,1.0,0.019402202412165705,0.5097011012060828,0.19187554019014694,0.321972443799855,0.9842620161633348,0.019402202412165725
0.013955325062099169,1.0,0.019926586261143155,0.5099632931305715,0.191958495460441,0.3220892274211099,0.9838366652488303,0.019926586261143187
0.01396030428793333,1.0,0.02045097011012061,0.5102254850550603,0.19204152249134948,0.32220609579100146,0.9834113143343258,0.020450970110120648
0.014026939614137694,1.0,0.02097535395909806,0.510487676979549,0.1921246213760277,0.3223230490018149,0.9829859634198214,0.02097535395909811
0.014108350991008201,1.0,0.02149973780807551,0.5107498689040377,0.19220779220779222,0.3224400871459695,0.9825606125053169,0.02149973780807546
0.014196562513229033,1.0,0.02202412165705296,0.5110120608285265,0.19229103508012127,0.3225572103160189,0.9821352615908124,0.02202412165705292
0.014259217722837864,1.0,0.022548505506030415,0.5112742527530152,0.1923743500866551,0.3226744186046512,0.981709910676308,0.02254850550603038
0.014570717006929147,1.0,0.023072889355007866,0.5115364446775039,0.19245773732119636,0.3227917121046892,0.9812845597618035,0.023072889355007842
0.014819424466012988,1.0,0.023597273203985317,0.5117986366019927,0.19254119687771032,0.32290909090909087,0.980859208847299,0.023597273203985303
0.014820722332151441,1.0,0.024121657052962767,0.5120608285264814,0.1926247288503254,0.32302655511094946,0.9804338579327946,0.024121657052962764
0.01524512776841901,1.0,0.02464604090194022,0.5123230204509701,0.19270833333333334,0.3231441048034935,0.9800085070182901,0.024646040901940225
0.015284798460706715,1.0,0.025170424750917672,0.5125852123754588,0.19279201042118976,0.3232617400800874,0.9795831561037857,0.025170424750917686
0.01539669817332953,1.0,0.025694808599895123,0.5128474042999476,0.19287576020851432,0.3233794610342316,0.9791578051892812,0.025694808599895147
0.015510235735335238,1.0,0.026219192448872573,0.5131095962244363,0.19295958279009126,0.32349726775956283,0.9787324542747767,0.026219192448872608
0.015791057643444715,1.0,0.026743576297850027,0.513371788148925,0.19304347826086957,0.3236151603498542,0.9783071033602723,0.02674357629785007
0.015832984825037203,1.0,0.027267960146827478,0.5136339800734138,0.19312744671596346,0.3237331388990157,0.9778817524457678,0.02726796014682753
0.015834294711817718,1.0,0.02779234399580493,0.5138961719979025,0.19321148825065274,0.3238512035010941,0.9774564015312633,0.02779234399580488
0.015947769231354793,1.0,0.02831672784478238,0.5141583639223912,0.19329560296038312,0.3239693542502736,0.9770310506167589,0.02831672784478234
0.01609495657850671,1.0,0.028841111693759833,0.51442055584688,0.19337979094076654,0.3240875912408759,0.9766056997022544,0.028841111693759802
0.016133244516425102,1.0,0.029365495542737284,0.5146827477713687,0.1934640522875817,0.32420591456736036,0.9761803487877498,0.029365495542737263
0.016295495758215827,1.0,0.029889879391714735,0.5149449396958574,0.1935483870967742,0.3243243243243243,0.9757549978732454,0.029889879391714724
0.016514644433777027,1.0,0.030414263240692185,0.5152071316203461,0.19363279546445705,0.3244428206065035,0.9753296469587409,0.030414263240692185
0.01660822905828367,1.0,0.03093864708966964,0.5154693235448348,0.193717277486911,0.32456140350877194,0.9749042960442365,0.030938647089669646
0.016662229948875673,1.0,0.03146303093864709,0.5157315154693235,0.1938018332605849,0.3246800731261426,0.974478945129732,0.03146303093864711
0.016874651031287963,1.0,0.03198741478762454,0.5159937073938122,0.19388646288209607,0.3247988295537674,0.9740535942152275,0.03198741478762457
0.017090211076943865,1.0,0.032511798636601995,0.516255899318301,0.19397116644823068,0.32491767288693746,0.9736282433007231,0.03251179863660203
0.017209561204709182,1.0,0.03303618248557944,0.5165180912427897,0.19405594405594406,0.3250366032210834,0.9732028923862186,0.03303618248557949
0.017674663538844098,1.0,0.033560566334556896,0.5167802831672784,0.19414079580236118,0.32515562065177595,0.9727775414717141,0.03356056633455684
0.018315946502507067,1.0,0.03408495018353435,0.5170424750917672,0.1942257217847769,0.3252747252747253,0.9723521905572097,0.0340849501835343
0.018438804228376144,1.0,0.0346093340325118,0.5173046670162559,0.19431072210065645,0.32539391718578237,0.9719268396427052,0.03460933403251176
0.0186696111434399,1.0,0.03513371788148925,0.5175668589407446,0.19439579684763572,0.3255131964809384,0.9715014887282007,0.035133717881489224
0.01875353903453843,1.0,0.0356581017304667,0.5178290508652333,0.19448094612352168,0.3256325632563256,0.9710761378136963,0.035658101730466685
0.01877113735942446,1.0,0.03618248557944415,0.5180912427897221,0.19456617002629273,0.3257520176082172,0.9706507868991918,0.036182485579444146
0.018978530337538383,1.0,0.03670686942842161,0.5183534347142108,0.19465146865409907,0.32587155963302755,0.9702254359846874,0.03670686942842161
0.019033587962650488,1.0,0.037231253277399054,0.5186156266386995,0.19473684210526315,0.3259911894273128,0.9698000850701829,0.03723125327739907
0.019161300392288375,1.0,0.03775563712637651,0.5188778185631883,0.19482229047827995,0.32611090708777085,0.9693747341556784,0.03775563712637653
0.01922129814665631,1.0,0.03828002097535396,0.519140010487677,0.19490781387181738,0.3262307127112417,0.968949383241174,0.03828002097535399
0.019264943834468955,1.0,0.03880440482433141,0.5194022024121657,0.19499341238471674,0.3263506063947078,0.9685240323266695,0.03880440482433145
0.019266681811636044,1.0,0.03932878867330886,0.5196643943366545,0.19507908611599298,0.3264705882352941,0.968098681412165,0.03932878867330891
0.019277641992130105,0.9977477477477478,0.03932878867330886,0.5185382682105283,0.19472527472527473,0.32585509378447963,0.9676733304976606,0.03707653642105668
0.019459382717031584,0.9977477477477478,0.03985317252228631,0.518800460135017,0.1948109058927001,0.3259749816041207,0.9672479795831561,0.03760092027003403
0.019461082013551876,0.9977477477477478,0.040377556371263765,0.5190626520595057,0.1948966124065112,0.32609495767390506,0.9668226286686517,0.038125304119011494
0.019464692881198894,0.9977477477477478,0.04090194022024122,0.5193248439839945,0.1949823943661972,0.32621502209131076,0.9663972777541472,0.038649687967988955
0.019634680574629377,0.9977477477477478,0.041426324069218666,0.5195870359084832,0.1950682518714223,0.32633517495395953,0.9659719268396427,0.039174071816966416
0.019639093221703006,0.9977477477477478,0.04195070791819612,0.5198492278329719,0.19515418502202644,0.32645541635961683,0.9655465759251383,0.03969845566594388
0.01982653036885177,0.9977477477477478,0.042475091767173574,0.5201114197574607,0.19524019391802555,0.3265757464061924,0.9651212250106338,0.04022283951492134
0.019840786673996937,0.9977477477477478,0.04299947561615102,0.5203736116819494,0.195326278659612,0.3266961651917404,0.9646958740961293,0.0407472233638988
0.01989742216949524,0.9977477477477478,0.043523859465128475,0.5206358036064381,0.19541243934715483,0.3268166728144596,0.9642705231816249,0.04127160721287626
0.019907021190548674,0.9977477477477478,0.04404824331410592,0.5208979955309269,0.19549867608120036,0.32693726937269374,0.9638451722671204,0.04179599106185372
0.020348765254098684,0.9977477477477478,0.04457262716308338,0.5211601874554156,0.1955849889624724,0.3270579549649317,0.963419821352616,0.04232037491083118
0.0204436250114077,0.9977477477477478,0.04509701101206083,0.5214223793799043,0.1956713780918728,0.327178729689808,0.9629944704381115,0.04284475875980864
0.02059855614865309,0.9977477477477478,0.04562139486103828,0.521684571304393,0.19575784357048165,0.32729959364610267,0.962569119523607,0.04336914260878599
0.020739498030657312,0.9977477477477478,0.04614577871001573,0.5219467632288818,0.1958443854995579,0.32742054693274203,0.9621437686091026,0.043893526457763454
0.020793395956224175,0.9977477477477478,0.046670162558993186,0.5222089551533705,0.1959310039805396,0.32754158964879854,0.9617184176945981,0.044417910306740915
0.021020601508003715,0.9977477477477478,0.04719454640797063,0.5224711470778592,0.19601769911504424,0.3276627218934911,0.9612930667800936,0.044942294155718376
0.021135453871120438,0.9977477477477478,0.04771893025694809,0.522733339002348,0.1961044710048694,0.3277839437661857,0.9608677158655891,0.04546667800469584
0.02132030523535747,0.9977477477477478,0.048243314105925535,0.5229955309268367,0.19619131975199292,0.32790525536639525,0.9604423649510846,0.0459910618536733
0.021386507676496243,0.9977477477477478,0.04876769795490299,0.5232577228513253,0.19627824545857334,0.3280266567937801,0.9600170140365801,0.04651544570265076
0.021549816422547868,0.9977477477477478,0.04929208180388044,0.523519914775814,0.19636524822695037,0.3281481481481482,0.9595916631220757,0.04703982955162822
0.021568889788083825,0.9977477477477478,0.04981646565285789,0.5237821067003028,0.19645232815964522,0.3282697295294553,0.9591663122075712,0.04756421340060568
0.021690259862810368,0.9977477477477478,0.050340849501835344,0.5240442986247915,0.19653948535936114,0.3283914010378058,0.9587409612930667,0.04808859724958314
0.02186626251174965,0.9977477477477478,0.0508652333508128,0.5243064905492802,0.1966267199289836,0.328513162773452,0.9583156103785623,0.048612981098560604
0.02236209916291512,0.9977477477477478,0.051389617199790245,0.524568682473769,0.19671403197158083,0.32863501483679525,0.9578902594640578,0.049137364947538065
0.02239570196552527,0.9977477477477478,0.0519140010487677,0.5248308743982577,0.19680142159040426,0.3287569573283859,0.9574649085495534,0.049661748796515526
0.022433801794651192,0.9977477477477478,0.05243838489774515,0.5250930663227464,0.1968888888888889,0.32887899034892354,0.9570395576350489,0.050186132645492876
0.02255933043858375,0.9977477477477478,0.0529627687467226,0.5253552582472352,0.19697643397065362,0.32900111399925736,0.9566142067205444,0.05071051649447034
0.022692047390231087,0.9977477477477478,0.053487152595700055,0.5256174501717239,0.19706405693950177,0.3291233283803863,0.95618885580604,0.0512349003434478
0.022810548905283893,0.9977477477477478,0.0540115364446775,0.5258796420962126,0.19715175789942144,0.32924563359345965,0.9557635048915355,0.05175928419242526
0.022819872006330857,0.9977477477477478,0.054535920293654956,0.5261418340207014,0.19723953695458593,0.32936802973977697,0.955338153977031,0.05228366804140272
0.022995716431674973,0.9977477477477478,0.05506030414263241,0.5264040259451901,0.1973273942093541,0.3294905169207884,0.9549128030625266,0.05280805189038018
0.02312517061970264,0.9977477477477478,0.05558468799160986,0.5266662178696788,0.19741532976827095,0.32961309523809523,0.9544874521480221,0.05333243573935764
0.023230959830633145,0.9977477477477478,0.05610907184058731,0.5269284097941676,0.19750334373606776,0.32973576479344996,0.9540621012335176,0.0538568195883351
0.023312799825487028,0.9977477477477478,0.05663345568956476,0.5271906017186563,0.1975914362176628,0.32985852568875657,0.9536367503190132,0.054381203437312564
0.023321914146303024,0.9977477477477478,0.05715783953854221,0.527452793643145,0.19767960731816153,0.32998137802607075,0.9532113994045087,0.054905587286290025
0.02345472305860233,0.9954954954954955,0.05715783953854221,0.5263266675170188,0.19732142857142856,0.32935916542473914,0.9527860484900043,0.052653335034037796
0.02363268643196009,0.9954954954954955,0.05768222338751967,0.5265888594415076,0.19740955783832068,0.32948192322027586,0.9523606975754998,0.05317771888301526
0.023646884233641887,0.9932432432432432,0.05768222338751967,0.5254627333153814,0.1970509383378016,0.32885906040268453,0.9519353466609953,0.05092546663076292
0.023651720004392897,0.9932432432432432,0.058206607236497114,0.5257249252398701,0.19713902548055431,0.3289817232375979,0.9515099957464909,0.05144985047974027
0.02399785642640608,0.9932432432432432,0.05873099108547457,0.5259871171643589,0.1972271914132379,0.3291044776119402,0.9510846448319864,0.05197423432871773
0.024037795290101076,0.9932432432432432,0.05925537493445202,0.5262493090888476,0.19731543624161074,0.3292273236282195,0.9506592939174819,0.05249861817769519
0.024050907801746343,0.9932432432432432,0.05977975878342947,0.5265115010133363,0.19740376007162042,0.3293502613890963,0.9502339430029775,0.05302300202667265
0.024097370737204034,0.9932432432432432,0.060304142632406924,0.526773692937825,0.1974921630094044,0.3294732909973851,0.949808592088473,0.05354738587565011
0.024206374882912152,0.9932432432432432,0.06082852648138437,0.5270358848623138,0.1975806451612903,0.3295964125560538,0.9493832411739686,0.05407176972462757
0.024223083469403855,0.9932432432432432,0.061352910330361825,0.5272980767868025,0.1976692066337965,0.3297196261682243,0.9489578902594641,0.05459615357360503
0.024265268864641486,0.9932432432432432,0.06187729417933928,0.5275602687112912,0.1977578475336323,0.3298429319371728,0.9485325393449596,0.055120537422582494
0.024312183922904865,0.9932432432432432,0.062401678028316726,0.52782246063578,0.19784656796769853,0.32996632996632996,0.9481071884304552,0.055644921271559955
0.024426719097171798,0.9932432432432432,0.06292606187729417,0.5280846525602687,0.19793536804308798,0.33008982035928147,0.9476818375159507,0.056169305120537416
0.024476083147798183,0.9932432432432432,0.06345044572627163,0.5283468444847574,0.19802424786708578,0.3302134032197679,0.9472564866014462,0.05669368896951488
0.024605651973822716,0.9932432432432432,0.06397482957524908,0.5286090364092462,0.19811320754716982,0.3303370786516854,0.9468311356869418,0.05721807281849234
0.024633866734240555,0.9932432432432432,0.06449921342422653,0.5288712283337349,0.19820224719101123,0.3304608467590858,0.9464057847724373,0.05774245666746969
0.02472664172470874,0.9932432432432432,0.06502359727320399,0.5291334202582236,0.1982913669064748,0.3305847076461769,0.9459804338579328,0.05826684051644715
0.02482233901917246,0.9932432432432432,0.06554798112218144,0.5293956121827124,0.19838056680161945,0.33070866141732286,0.9455550829434284,0.05879122436542461
0.02500966518013911,0.9932432432432432,0.06607236497115888,0.5296578041072011,0.19846984698469847,0.3308327081770443,0.9451297320289238,0.05931560821440207
0.025041002017896285,0.9932432432432432,0.06659674882013635,0.5299199960316898,0.1985592075641603,0.33095684803001874,0.9447043811144193,0.05983999206337953
0.02504889412967516,0.990990990990991,0.06659674882013635,0.5287938699055637,0.1981981981981982,0.3303303303303303,0.9442790301999149,0.0575877398111273
0.025166607221454456,0.990990990990991,0.06712113266911379,0.5290560618300524,0.19828751689950427,0.33045437476530226,0.9438536792854104,0.058112123660104764
0.025171568917256713,0.990990990990991,0.06764551651809124,0.5293182537545411,0.19837691614066727,0.3305785123966942,0.943428328370906,0.058636507509082225
0.02527346255218871,0.990990990990991,0.0681699003670687,0.5295804456790298,0.1984663960306721,0.33070274332957533,0.9430029774564015,0.059160891358059686
0.025723250621629088,0.990990990990991,0.06869428421604615,0.5298426376035186,0.19855595667870035,0.3308270676691729,0.942577626541897,0.05968527520703715
0.026277939093710314,0.990990990990991,0.0692186680650236,0.5301048295280073,0.1986455981941309,0.3309514855208725,0.9421522756273926,0.06020965905601461
0.02630744230927005,0.990990990990991,0.06974305191400104,0.530367021452496,0.1987353206865402,0.3310759969902182,0.9417269247128881,0.06073404290499196
0.026342493646142606,0.990990990990991,0.0702674357629785,0.5306292133769848,0.19882512426570267,0.3312006021829131,0.9413015737983836,0.06125842675396942
0.026427427152854153,0.990990990990991,0.07079181961195595,0.5308914053014735,0.19891500904159132,0.3313253012048193,0.9408762228838792,0.06178281060294688
0.02677717942786844,0.990990990990991,0.0713162034609334,0.5311535972259622,0.19900497512437812,0.3314500941619586,0.9404508719693747,0.06230719445192434
0.02701523559242066,0.990990990990991,0.07184058730991086,0.531415789150451,0.19909502262443438,0.3315749811605124,0.9400255210548703,0.0628315783009018
0.027120071457437268,0.990990990990991,0.0723649711588883,0.5316779810749397,0.19918515165233136,0.33169996230682247,0.9396001701403658,0.06335596214987926
0.027178378881733935,0.990990990990991,0.07288935500786575,0.5319401729994284,0.19927536231884058,0.33182503770739064,0.9391748192258613,0.06388034599885672
0.02724216936192391,0.990990990990991,0.07341373885684321,0.5322023649239171,0.1993656547349343,0.33195020746887965,0.9387494683113569,0.06440472984783419
0.027258058526372392,0.990990990990991,0.07393812270582066,0.5324645568484058,0.19945602901178605,0.3320754716981132,0.9383241173968524,0.06492911369681165
0.027274851570342123,0.990990990990991,0.07446250655479811,0.5327267487728945,0.19954648526077098,0.33220083050207627,0.9378987664823479,0.06545349754578911
0.0273612007632923,0.990990990990991,0.07498689040377557,0.5329889406973832,0.1996370235934664,0.33232628398791536,0.9374734155678435,0.06597788139476657
0.027469303697027995,0.990990990990991,0.07551127425275302,0.533251132621872,0.19972764412165228,0.3324518322629392,0.937048064653339,0.06650226524374403
0.027605181200276184,0.990990990990991,0.07603565810173046,0.5335133245463607,0.19981834695731154,0.3325774754346183,0.9366227137388345,0.06702664909272149
0.027692069028101472,0.990990990990991,0.07656004195070792,0.5337755164708494,0.19990913221263062,0.332703213610586,0.9361973628243301,0.06755103294169895
0.027759532504027202,0.990990990990991,0.07708442579968537,0.5340377083953382,0.2,0.3328290468986384,0.9357720119098256,0.0680754167906763
0.027820254276471428,0.990990990990991,0.07760880964866282,0.5342999003198269,0.20009095043201455,0.33295497540673474,0.9353466609953212,0.06859980063965376
0.027968248794027525,0.990990990990991,0.07813319349764027,0.5345620922443156,0.20018198362147407,0.3330809992429977,0.9349213100808167,0.06912418448863122
0.02803196102455104,0.990990990990991,0.07865757734661773,0.5348242841688043,0.2002730996813837,0.3332071185157138,0.9344959591663122,0.06964856833760869
0.028040759335469064,0.990990990990991,0.07918196119559517,0.5350864760932931,0.20036429872495445,0.33333333333333337,0.9340706082518078,0.07017295218658615
0.028156276422984048,0.990990990990991,0.07970634504457262,0.5353486680177818,0.20045558086560364,0.3334596438044714,0.9336452573373033,0.07069733603556361
0.028158506547107186,0.990990990990991,0.08023072889355008,0.5356108599422705,0.20054694621695535,0.33358605003790753,0.9332199064227988,0.07122171988454107
0.028240525287754906,0.990990990990991,0.08075511274252753,0.5358730518667593,0.20063839489284085,0.33371255214258627,0.9327945555082944,0.07174610373351853
0.028298089055865894,0.990990990990991,0.08127949659150498,0.536135243791248,0.20072992700729927,0.3338391502276176,0.9323692045937899,0.07227048758249599
0.028301323935116626,0.990990990990991,0.08180388044048244,0.5363974357157367,0.20082154267457783,0.33396584440227706,0.9319438536792854,0.07279487143147345
0.028362355945051525,0.990990990990991,0.08232826428945988,0.5366596276402255,0.2009132420091324,0.3340926347760061,0.931518502764781,0.0733192552804508
0.028393888771715642,0.990990990990991,0.08285264813843733,0.5369218195647142,0.20100502512562815,0.33421952145841244,0.9310931518502765,0.07384363912942826
0.0284463652886675,0.990990990990991,0.08337703198741479,0.5371840114892029,0.20109689213893966,0.3343465045592705,0.9306678009357721,0.07436802297840572
0.02845306528761113,0.990990990990991,0.08390141583639224,0.5374462034136916,0.2011888431641518,0.33447358418852147,0.9302424500212676,0.07489240682738318
0.028465437729258778,0.990990990990991,0.08442579968536969,0.5377083953381804,0.2012808783165599,0.33460076045627374,0.9298170991067631,0.07541679067636065
0.028468879914801022,0.990990990990991,0.08495018353434715,0.5379705872626691,0.20137299771167047,0.33472803347280333,0.9293917481922586,0.0759411745253381
0.02852699225861701,0.990990990990991,0.0854745673833246,0.5382327791871577,0.20146520146520147,0.334855403348554,0.9289663972777541,0.07646555837431557
0.028558092466153692,0.990990990990991,0.08599895123230204,0.5384949711116465,0.2015574896930829,0.3349828701941378,0.9285410463632496,0.07698994222329303
0.02867492732204485,0.990990990990991,0.08652333508127949,0.5387571630361352,0.2016498625114574,0.3351104341203351,0.9281156954487452,0.07751432607227049
0.028807609523759575,0.990990990990991,0.08704771893025695,0.5390193549606239,0.2017423200366804,0.3352380952380952,0.9276903445342407,0.07803870992124795
0.028947665908390575,0.990990990990991,0.0875721027792344,0.5392815468851127,0.2018348623853211,0.3353658536585366,0.9272649936197362,0.07856309377022541
0.028987294640359144,0.990990990990991,0.08809648662821185,0.5395437388096014,0.20192748967416246,0.335493709492947,0.9268396427052318,0.07908747761920287
0.029060163118133732,0.990990990990991,0.0886208704771893,0.5398059307340901,0.20202020202020202,0.3356216628527841,0.9264142917907273,0.07961186146818033
0.029096009924965097,0.990990990990991,0.08914525432616675,0.5400681226585788,0.20211299954065226,0.33574971384967567,0.9259889408762229,0.08013624531715768
0.02911855059652049,0.990990990990991,0.0896696381751442,0.5403303145830676,0.20220588235294118,0.3358778625954198,0.9255635899617184,0.08066062916613514
0.0291497127937978,0.990990990990991,0.09019402202412166,0.5405925065075563,0.20229885057471264,0.3360061092019855,0.9251382390472139,0.0811850130151126
0.029297633909267273,0.990990990990991,0.09071840587309911,0.540854698432045,0.20239190432382706,0.33613445378151263,0.9247128881327095,0.08170939686409007
0.029394492324310215,0.990990990990991,0.09124278972207656,0.5411168903565338,0.2024850437183617,0.3362628964463126,0.924287537218205,0.08223378071306753
0.029394927881046543,0.990990990990991,0.09176717357105402,0.5413790822810225,0.20257826887661143,0.3363914373088685,0.9238621863037005,0.08275816456204499
0.029501213778877055,0.990990990990991,0.09229155742003146,0.5416412742055112,0.2026715799170889,0.3365200764818355,0.9234368353891961,0.08328254841102245
0.029560919662719197,0.990990990990991,0.09281594126900891,0.54190346613,0.20276497695852536,0.3366488140780413,0.9230114844746916,0.08380693225999991
0.02956522298875175,0.990990990990991,0.09334032511798637,0.5421656580544887,0.2028584601198709,0.336777650210486,0.9225861335601871,0.08433131610897737
0.02957237984273888,0.990990990990991,0.09386470896696382,0.5424278499789774,0.2029520295202952,0.33690658499234305,0.9221607826456827,0.08485569995795483
0.029776760279922723,0.990990990990991,0.09438909281594127,0.5426900419034661,0.20304568527918782,0.33703561853695896,0.9217354317311782,0.08538008380693218
0.029876070513623253,0.990990990990991,0.09491347666491871,0.5429522338279549,0.20313942751615882,0.3371647509578544,0.9213100808166738,0.08590446765590964
0.030094784203487334,0.990990990990991,0.09543786051389617,0.5432144257524436,0.20323325635103925,0.33729398236872365,0.9208847299021693,0.0864288515048871
0.03011789761792271,0.990990990990991,0.09596224436287362,0.5434766176769323,0.2033271719038817,0.3374233128834355,0.9204593789876648,0.08695323535386457
0.03016114798456246,0.990990990990991,0.09648662821185107,0.5437388096014211,0.2034211742949607,0.3375527426160338,0.9200340280731604,0.08747761920284203
0.030245901897545106,0.990990990990991,0.09701101206082853,0.5440010015259098,0.20351526364477335,0.3376822716807368,0.9196086771586559,0.08800200305181949
0.030263555139310245,0.990990990990991,0.09753539590980598,0.5442631934503985,0.2036094400740398,0.33781190019193863,0.9191833262441514,0.08852638690079695
0.030308675376648164,0.990990990990991,0.09805977975878342,0.5445253853748871,0.2037037037037037,0.3379416282642089,0.918757975329647,0.08905077074977441
0.030391378524230517,0.990990990990991,0.09858416360776089,0.5447875772993759,0.20379805465493284,0.3380714560122935,0.9183326244151425,0.08957515459875187
0.030613768090425073,0.990990990990991,0.09910854745673833,0.5450497692238646,0.20389249304911955,0.3382013835511145,0.917907273500638,0.09009953844772933
0.030614152986893236,0.990990990990991,0.09963293130571578,0.5453119611483533,0.20398701900788133,0.33833141099577085,0.9174819225861336,0.0906239222967068
0.030638132480504728,0.990990990990991,0.10015731515469324,0.5455741530728421,0.20408163265306123,0.3384615384615385,0.9170565716716291,0.09114830614568425
0.030647520127648438,0.990990990990991,0.10068169900367069,0.5458363449973308,0.20417633410672853,0.3385917660638707,0.9166312207571247,0.09167268999466172
0.030692028479296675,0.990990990990991,0.10120608285264814,0.5460985369218195,0.2042711234911792,0.3387220939183988,0.9162058698426202,0.09219707384363907
0.030845059721419318,0.990990990990991,0.1017304667016256,0.5463607288463083,0.20436600092893636,0.33885252214093187,0.9157805189281157,0.09272145769261653
0.030923350606188584,0.990990990990991,0.10225485055060304,0.546622920770797,0.20446096654275092,0.3389830508474576,0.9153551680136113,0.09324584154159399
0.030954364064224662,0.990990990990991,0.10277923439958049,0.5468851126952857,0.20455602045560203,0.3391136801541426,0.9149298170991068,0.09377022539057145
0.030965995972708025,0.990990990990991,0.10330361824855794,0.5471473046197745,0.20465116279069767,0.3392444101773323,0.9145044661846023,0.09429460923954891
0.030974826758232658,0.990990990990991,0.1038280020975354,0.5474094965442632,0.2047463936714751,0.3393752410335518,0.9140791152700979,0.09481899308852637
0.031026703761533415,0.990990990990991,0.10435238594651285,0.5476716884687519,0.2048417132216015,0.3395061728395062,0.9136537643555933,0.09534337693750383
0.031069125932083975,0.990990990990991,0.1048767697954903,0.5479338803932406,0.20493712156497437,0.3396372057120803,0.9132284134410888,0.0958677607864813
0.031229255260947577,0.990990990990991,0.10540115364446775,0.5481960723177294,0.20503261882572227,0.3397683397683398,0.9128030625265844,0.09639214463545875
0.03124079875990592,0.990990990990991,0.1059255374934452,0.5484582642422181,0.20512820512820512,0.3398995751255311,0.9123777116120799,0.09691652848443622
0.03128615399476358,0.990990990990991,0.10644992134242265,0.5487204561667068,0.20522388059701493,0.3400309119010819,0.9119523606975755,0.09744091233341357
0.03146473449537903,0.990990990990991,0.10697430519140011,0.5489826480911956,0.2053196453569762,0.34016235021260144,0.911527009783071,0.09796529618239103
0.03146504413246149,0.990990990990991,0.10749868904037756,0.5492448400156843,0.20541549953314658,0.34029389017788086,0.9111016588685665,0.09848968003136849
0.03160730283386212,0.990990990990991,0.108023072889355,0.549507031940173,0.20551144325081738,0.3404255319148936,0.9106763079540621,0.09901406388034595
0.031651260900052235,0.990990990990991,0.10854745673833247,0.5497692238646618,0.205607476635514,0.34055727554179566,0.9102509570395576,0.09953844772932341
0.0316610585659341,0.990990990990991,0.10907184058730991,0.5500314157891505,0.20570359981299674,0.34068912117692607,0.9098256061250531,0.10006283157830087
0.03167386291153968,0.990990990990991,0.10959622443628736,0.5502936077136391,0.205799812909261,0.34082106893880715,0.9094002552105487,0.10058721542727833
0.03169517567923882,0.990990990990991,0.11012060828526482,0.5505557996381278,0.20589611605053815,0.3409531189461449,0.9089749042960442,0.10111159927625579
0.03199609566625568,0.990990990990991,0.11064499213424227,0.5508179915626166,0.20599250936329588,0.3410852713178295,0.9085495533815398,0.10163598312523325
0.03214723139260203,0.990990990990991,0.11116937598321971,0.5510801834871053,0.20608899297423888,0.34121752617293527,0.9081242024670353,0.10216036697421071
0.03233888982528348,0.990990990990991,0.11169375983219716,0.551342375411594,0.20618556701030927,0.3413498836307215,0.9076988515525308,0.10268475082318818
0.03234249023015971,0.990990990990991,0.11221814368117462,0.5516045673360828,0.2062822315986873,0.3414823438106325,0.9072735006380264,0.10320913467216564
0.032363669676551285,0.990990990990991,0.11274252753015207,0.5518667592605715,0.20637898686679174,0.3416149068322981,0.9068481497235219,0.1037335185211431
0.032373329546462604,0.990990990990991,0.11326691137912952,0.5521289511850602,0.2064758329422806,0.341747572815534,0.9064227988090174,0.10425790237012045
0.03240389166236403,0.990990990990991,0.11379129522810698,0.552391143109549,0.20657276995305165,0.3418803418803419,0.905997447894513,0.10478228621909791
0.03240451607668236,0.990990990990991,0.11431567907708443,0.5526533350340377,0.20666979802724283,0.3420132141469102,0.9055720969800085,0.10530667006807537
0.03244496543669433,0.990990990990991,0.11484006292606187,0.5529155269585264,0.20676691729323307,0.3421461897356143,0.905146746065504,0.10583105391705283
0.032510039078603684,0.990990990990991,0.11536444677503933,0.5531777188830151,0.2068641278796427,0.34227926876701675,0.9047213951509996,0.10635543776603029
0.032539336488734756,0.990990990990991,0.11588883062401678,0.5534399108075039,0.20696142991533395,0.3424124513618677,0.9042960442364951,0.10687982161500775
0.03257153762198677,0.990990990990991,0.11641321447299423,0.5537021027319926,0.20705882352941177,0.34254573764110546,0.9038706933219907,0.10740420546398521
0.0325783836046059,0.990990990990991,0.11693759832197169,0.5539642946564813,0.2071563088512241,0.3426791277258567,0.9034453424074862,0.10792858931296267
0.03260759583218719,0.990990990990991,0.11746198217094914,0.5542264865809701,0.20725388601036268,0.3428126217374367,0.9030199914929817,0.10845297316194014
0.032759939839929024,0.990990990990991,0.11798636601992658,0.5544886785054588,0.20735155513666353,0.34294621979735,0.9025946405784773,0.1089773570109176
0.03286270345365309,0.990990990990991,0.11851074986890404,0.5547508704299475,0.20744931636020744,0.34307992202729043,0.9021692896639728,0.10950174085989506
0.03299224523727337,0.990990990990991,0.11903513371788149,0.5550130623544363,0.20754716981132076,0.34321372854914195,0.9017439387494683,0.11002612470887241
0.03304434575475062,0.990990990990991,0.11955951756685894,0.555275254278925,0.20764511562057575,0.34334763948497854,0.9013185878349639,0.11055050855784987
0.033067752249855156,0.990990990990991,0.12008390141583639,0.5555374462034137,0.2077431539187913,0.34348165495706473,0.9008932369204594,0.11107489240682733
0.03312497189409192,0.990990990990991,0.12060828526481385,0.5557996381279025,0.20784128483703354,0.3436157750878563,0.900467886005955,0.11159927625580479
0.033214915841452926,0.990990990990991,0.1211326691137913,0.5560618300523912,0.20793950850661624,0.34375,0.9000425350914505,0.11212366010478225
0.03324916266342475,0.990990990990991,0.12165705296276874,0.5563240219768799,0.20803782505910165,0.3438843298163345,0.899617184176946,0.11264804395375971
0.03340827317671182,0.990990990990991,0.1221814368117462,0.5565862139013686,0.20813623462630085,0.34401876465989056,0.8991918332624416,0.11317242780273717
0.03342601429501545,0.990990990990991,0.12270582066072365,0.5568484058258573,0.20823473734027448,0.34415330465389127,0.8987664823479371,0.11369681165171464
0.03345658253614338,0.990990990990991,0.1232302045097011,0.557110597750346,0.20833333333333334,0.34428794992175277,0.8983411314334325,0.1142211955006921
0.03352568298635092,0.990990990990991,0.12375458835867856,0.5573727896748347,0.20843202273803885,0.3444227005870842,0.8979157805189281,0.11474557934966956
0.033764579173037615,0.990990990990991,0.124278972207656,0.5576349815993235,0.20853080568720378,0.34455755677368827,0.8974904296044236,0.11526996319864702
0.03379958585412087,0.990990990990991,0.12480335605663345,0.5578971735238122,0.20862968231389284,0.3446925186055621,0.8970650786899191,0.11579434704762448
0.03382937086428924,0.990990990990991,0.1253277399056109,0.5581593654483009,0.20872865275142316,0.34482758620689663,0.8966397277754147,0.11631873089660194
0.03392081930832764,0.990990990990991,0.12585212375458835,0.5584215573727896,0.20882771713336498,0.3449627597020776,0.8962143768609102,0.11684311474557929
0.034002367708202585,0.990990990990991,0.1263765076035658,0.5586837492972784,0.20892687559354226,0.34509803921568627,0.8957890259464057,0.11736749859455675
0.03423860677217205,0.990990990990991,0.12690089145254327,0.5589459412217671,0.20902612826603326,0.3452334248724991,0.8953636750319013,0.11789188244353421
0.034245221110346794,0.990990990990991,0.1274252753015207,0.5592081331462558,0.20912547528517111,0.3453689167974882,0.8949383241173968,0.11841626629251167
0.034336618131204415,0.990990990990991,0.12794965915049816,0.5594703250707446,0.20922491678554447,0.34550451511582253,0.8945129732028924,0.11894065014148913
0.03436284021812285,0.990990990990991,0.12847404299947562,0.5597325169952333,0.2093244529019981,0.34564021995286726,0.8940876222883879,0.1194650339904666
0.03441006739857541,0.990990990990991,0.12899842684845306,0.559994708919722,0.2094240837696335,0.3457760314341847,0.8936622713738834,0.11998941783944406
0.03447817520667893,0.990990990990991,0.12952281069743052,0.5602569008442108,0.20952380952380953,0.34591194968553457,0.893236920459379,0.12051380168842152
0.034550109108193686,0.990990990990991,0.13004719454640798,0.5605190927686995,0.20962363030014292,0.3460479748328745,0.8928115695448745,0.12103818553739898
0.03460672394870527,0.990990990990991,0.1305715783953854,0.5607812846931882,0.20972354623450906,0.3461841070023603,0.89238621863037,0.12156256938637633
0.03470347864014379,0.990990990990991,0.13109596224436287,0.561043476617677,0.20982355746304243,0.34632034632034636,0.8919608677158656,0.12208695323535379
0.03478336866534126,0.990990990990991,0.13162034609334033,0.5613056685421657,0.2099236641221374,0.34645669291338577,0.8915355168013611,0.12261133708433125
0.034890075605997564,0.990990990990991,0.13214472994231777,0.5615678604666544,0.2100238663484487,0.3465931469082316,0.8911101658868567,0.12313572093330871
0.03493334810905035,0.990990990990991,0.13266911379129523,0.5618300523911431,0.21012416427889208,0.3467297084318361,0.8906848149723522,0.12366010478228617
0.0349921670756837,0.990990990990991,0.1331934976402727,0.5620922443156319,0.210224558050645,0.3468663776113519,0.8902594640578477,0.12418448863126363
0.03499315208245471,0.990990990990991,0.13371788148925012,0.5623544362401205,0.21032504780114722,0.3470031545741325,0.8898341131433433,0.1247088724802411
0.035051582104737994,0.990990990990991,0.13424226533822758,0.5626166281646092,0.21042563366810138,0.34714003944773175,0.8894087622288388,0.12523325632921856
0.03505971829147259,0.990990990990991,0.13476664918720505,0.562878820089098,0.21052631578947367,0.34727703235990526,0.8889834113143343,0.12575764017819602
0.035085427179448236,0.990990990990991,0.13529103303618248,0.5631410120135867,0.2106270943034945,0.34741413343861033,0.8885580603998299,0.12628202402717348
0.03516600318517046,0.990990990990991,0.13581541688515994,0.5634032039380754,0.210727969348659,0.3475513428120063,0.8881327094853254,0.12680640787615094
0.03536419590992012,0.990990990990991,0.1363398007341374,0.5636653958625641,0.21082894106372785,0.3476886606084552,0.887707358570821,0.1273307917251284
0.03536901086890359,0.990990990990991,0.13686418458311483,0.5639275877870529,0.2109300095877277,0.34782608695652173,0.8872820076563165,0.12785517557410586
0.03562473470561929,0.990990990990991,0.1373885684320923,0.5641897797115416,0.21103117505995203,0.3479636219849743,0.886856656741812,0.12837955942308332
0.03569918806166699,0.990990990990991,0.13791295228106976,0.5644519716360303,0.21113243761996162,0.34810126582278483,0.8864313058273076,0.12890394327206078
0.035741217005179196,0.990990990990991,0.1384373361300472,0.5647141635605191,0.21123379740758522,0.3482390185991294,0.8860059549128031,0.12942832712103813
0.035919487307931,0.990990990990991,0.13896171997902465,0.5649763554850078,0.21133525456292027,0.34837688044338877,0.8855806039982986,0.1299527109700156
0.03600927749064814,0.990990990990991,0.13948610382800208,0.5652385474094965,0.21143680922633348,0.3485148514851485,0.8851552530837942,0.13047709481899306
0.03613844076772232,0.990990990990991,0.14001048767697954,0.5655007393339853,0.21153846153846154,0.3486529318541997,0.8847299021692897,0.13100147866797052
0.03618657712356252,0.990990990990991,0.140534871525957,0.565762931258474,0.21164021164021163,0.348791121680539,0.8843045512547852,0.13152586251694798
0.03624237674087397,0.990990990990991,0.14105925537493444,0.5660251231829627,0.21174205967276227,0.34892942109436953,0.8838792003402808,0.13205024636592544
0.03634745662554874,0.990990990990991,0.1415836392239119,0.5662873151074514,0.2118440057775638,0.3490678302261007,0.8834538494257763,0.1325746302149029
0.036421924490670235,0.990990990990991,0.14210802307288936,0.5665495070319402,0.2119460500963391,0.3492063492063492,0.8830284985112719,0.13309901406388036
0.036528424898763796,0.990990990990991,0.1426324069218668,0.5668116989564289,0.21204819277108433,0.34934497816593885,0.8826031475967673,0.1336233979128577
0.03654612242761509,0.990990990990991,0.14315679077084426,0.5670738908809176,0.21215043394406943,0.3494837172359015,0.8821777966822628,0.13414778176183517
0.036563067566154135,0.990990990990991,0.14368117461982172,0.5673360828054064,0.21225277375783888,0.34962256654747714,0.8817524457677584,0.13467216561081263
0.03678432866066453,0.990990990990991,0.14420555846879915,0.5675982747298951,0.21235521235521235,0.3497615262321145,0.8813270948532539,0.1351965494597901
0.03679594188915833,0.990990990990991,0.1447299423177766,0.5678604666543838,0.21245774987928537,0.34990059642147114,0.8809017439387494,0.13572093330876756
0.03683252457183964,0.990990990990991,0.14525432616675407,0.5681226585788726,0.21256038647342995,0.35003977724741453,0.880476393024245,0.13624531715774502
0.03690007699570506,0.990990990990991,0.1457787100157315,0.5683848505033613,0.2126631222812953,0.3501790688420215,0.8800510421097405,0.13676970100672248
0.03702848739492099,0.990990990990991,0.14630309386470897,0.56864704242785,0.2127659574468085,0.3503184713375796,0.879625691195236,0.13729408485569994
0.037426632622964896,0.990990990990991,0.14682747771368643,0.5689092343523388,0.21286889211417515,0.350457984866587,0.8792003402807316,0.1378184687046774
0.03745578472135354,0.990990990990991,0.14735186156266386,0.5691714262768274,0.21297192642787996,0.350597609561753,0.8787749893662271,0.13834285255365486
0.03754532995885412,0.990990990990991,0.14787624541164132,0.5694336182013161,0.21307506053268765,0.3507373455559984,0.8783496384517226,0.13886723640263232
0.037572898249237034,0.990990990990991,0.14840062926061878,0.5696958101258048,0.2131782945736434,0.35087719298245607,0.8779242875372182,0.13939162025160978
0.03779479019575121,0.990990990990991,0.14892501310959622,0.5699580020502936,0.21328162869607367,0.3510171519744715,0.8774989366227137,0.13991600410058724
0.03781532083959266,0.990990990990991,0.14944939695857368,0.5702201939747823,0.2133850630455868,0.35115722266560256,0.8770735857082093,0.1404403879495647
0.03784681864030764,0.990990990990991,0.14997378080755114,0.570482385899271,0.21348859776807375,0.35129740518962077,0.8766482347937048,0.14096477179854217
0.037871881385165326,0.990990990990991,0.15049816465652857,0.5707445778237598,0.21359223300970873,0.3514376996805112,0.8762228838792003,0.14148915564751952
0.037922397749074674,0.990990990990991,0.15102254850550603,0.5710067697482485,0.21369596891694997,0.35157810627247305,0.8757975329646959,0.14201353949649698
0.038061007674819534,0.990990990990991,0.1515469323544835,0.5712689616727372,0.21379980563654033,0.3517186250999201,0.8753721820501914,0.14253792334547444
0.03817580946759055,0.990990990990991,0.15207131620346093,0.571531153597226,0.21390374331550802,0.351859256297481,0.8749468311356869,0.1430623071944519
0.038421457738787176,0.990990990990991,0.1525957000524384,0.5717933455217147,0.2140077821011673,0.352,0.8745214802211825,0.14358669104342936
0.038543441369783056,0.990990990990991,0.15312008390141585,0.5720555374462034,0.2141119221411192,0.352140856342537,0.874096129306678,0.14411107489240682
0.03877598610165426,0.990990990990991,0.15364446775039328,0.5723177293706921,0.21421616358325218,0.3522818254603683,0.8736707783921736,0.14463545874138428
0.038919140416704585,0.990990990990991,0.15416885159937074,0.5725799212951809,0.2143205065757428,0.35242290748898675,0.8732454274776691,0.14515984259036174
0.03899447898777016,0.990990990990991,0.1546932354483482,0.5728421132196696,0.21442495126705652,0.35256410256410253,0.8728200765631646,0.1456842264393392
0.038998982214340686,0.990990990990991,0.15521761929732564,0.5731043051441583,0.21452949780594832,0.3527054108216433,0.8723947256486602,0.14620861028831655
0.039012362675321384,0.990990990990991,0.1557420031463031,0.5733664970686471,0.2146341463414634,0.3528468323977546,0.8719693747341557,0.14673299413729401
0.039181159458307635,0.990990990990991,0.15626638699528053,0.5736286889931358,0.21473889702293802,0.3529883674288007,0.8715440238196512,0.14725737798627148
0.03932380793083895,0.990990990990991,0.156790770844258,0.5738908809176245,0.21484375,0.35313001605136435,0.8711186729051468,0.14778176183524894
0.039337811078094496,0.990990990990991,0.15731515469323545,0.5741530728421133,0.2149487054225696,0.35327177840224816,0.8706933219906423,0.1483061456842264
0.03940534140161054,0.990990990990991,0.1578395385422129,0.5744152647666019,0.21505376344086022,0.3534136546184739,0.8702679710761378,0.14883052953320386
0.0394511354315201,0.990990990990991,0.15836392239119035,0.5746774566910906,0.21515892420537897,0.3535556448372841,0.8698426201616334,0.14935491338218132
0.0395131438736779,0.990990990990991,0.1588883062401678,0.5749396486155793,0.21526418786692758,0.35369774919614144,0.8694172692471289,0.14987929723115878
0.039657415978100796,0.990990990990991,0.15941269008914524,0.5752018405400681,0.21536955457660303,0.3538399678327302,0.8689919183326245,0.15040368108013624
0.03982208372185196,0.990990990990991,0.1599370739381227,0.5754640324645568,0.21547502448579825,0.35398230088495575,0.86856656741812,0.1509280649291137
0.03984225020969549,0.990990990990991,0.16046145778710016,0.5757262243890455,0.21558059774620283,0.3541247484909457,0.8681412165036155,0.15145244877809116
0.039877419693685585,0.9887387387387387,0.16046145778710016,0.5746000982629195,0.21519607843137256,0.35346215780998386,0.8677158655891111,0.14920019652583894
0.04001691995718147,0.9887387387387387,0.1609858416360776,0.5748622901874082,0.21530161844041196,0.3536045106725735,0.8672905146746066,0.1497245803748164
0.040117971731405286,0.9887387387387387,0.16151022548505506,0.5751244821118969,0.2154072620215898,0.35374697824335216,0.866865163760102,0.15024896422379386
0.04030998616704292,0.9887387387387387,0.16203460933403252,0.5753866740363857,0.21551300932744233,0.3538895606610237,0.8664398128455976,0.15077334807277132
0.040360899333752684,0.9887387387387387,0.16255899318300995,0.5756488659608744,0.2156188605108055,0.3540322580645161,0.8660144619310931,0.15129773192174867
0.04037164478001179,0.9887387387387387,0.16308337703198741,0.5759110578853631,0.21572481572481572,0.35417507059298103,0.8655891110165886,0.15182211577072613
0.040492867311113255,0.9887387387387387,0.16360776088096488,0.5761732498098519,0.21583087512291052,0.35431799838579503,0.8651637601020842,0.1523464996197036
0.040518257522315713,0.9887387387387387,0.1641321447299423,0.5764354417343405,0.2159370388588293,0.35446104158255953,0.8647384091875797,0.15287088346868105
0.04065212034732463,0.9887387387387387,0.16465652857891977,0.5766976336588292,0.21604330708661418,0.3546042003231018,0.8643130582730753,0.1533952673176585
0.040686689748142185,0.9887387387387387,0.16518091242789723,0.5769598255833179,0.21614967996061055,0.3547474747474747,0.8638877073585708,0.15391965116663597
0.040791071406171525,0.9887387387387387,0.16570529627687466,0.5772220175078067,0.216256157635468,0.35489086499595796,0.8634623564440663,0.15444403501561343
0.0408081717349573,0.9887387387387387,0.16622968012585213,0.5774842094322954,0.21636274026614097,0.35503437120905784,0.8630370055295619,0.1549684188645909
0.04093195513700172,0.9887387387387387,0.16675406397482959,0.5777464013567841,0.21646942800788954,0.35517799352750806,0.8626116546150574,0.15549280271356836
0.040939244766839224,0.9887387387387387,0.16727844782380702,0.5780085932812729,0.2165762210162802,0.3553217320922703,0.8621863037005529,0.1560171865625457
0.04094654225701353,0.9887387387387387,0.16780283167278448,0.5782707852057616,0.21668311944718657,0.3554655870445344,0.8617609527860485,0.15654157041152317
0.04099159831733104,0.9887387387387387,0.16832721552176194,0.5785329771302503,0.21679012345679013,0.3556095585257189,0.861335601871544,0.15706595426050063
0.04101777880107342,0.9887387387387387,0.16885159937073937,0.578795169054739,0.21689723320158102,0.3557536466774716,0.8609102509570395,0.1575903381094781
0.0411028066861259,0.9887387387387387,0.16937598321971684,0.5790573609792278,0.21700444883835887,0.35589785164167004,0.8604849000425351,0.15811472195845555
0.04117942573135192,0.9887387387387387,0.1699003670686943,0.5793195529037165,0.21711177052423344,0.3560421735604218,0.8600595491280306,0.158639105807433
0.0412753370534477,0.9887387387387387,0.17042475091767173,0.5795817448282052,0.21721919841662543,0.35618661257606493,0.8596341982135262,0.15916348965641047
0.041289201425819926,0.9887387387387387,0.1709491347666492,0.579843936752694,0.21732673267326733,0.35633116883116883,0.8592088472990217,0.15968787350538793
0.04133855007980847,0.9887387387387387,0.17147351861562665,0.5801061286771827,0.21743437345220407,0.35647584246853425,0.8587834963845172,0.1602122573543654
0.041412039637481655,0.9887387387387387,0.17199790246460409,0.5803683206016714,0.21754212091179387,0.3566206336311942,0.8583581454700128,0.16073664120334286
0.04153023276783253,0.9887387387387387,0.17252228631358155,0.5806305125261602,0.21764997521070897,0.3567655424624136,0.8579327945555083,0.16126102505232032
0.041530545793431864,0.9887387387387387,0.17304667016255898,0.5808927044506489,0.2177579365079365,0.356910569105691,0.8575074436410038,0.16178540890129778
0.04156760670964671,0.9887387387387387,0.17357105401153644,0.5811548963751376,0.21786600496277916,0.357055713704758,0.8570820927264994,0.16230979275027524
0.041677258037992784,0.9887387387387387,0.1740954378605139,0.5814170882996264,0.217974180734856,0.3572009764035801,0.8566567418119949,0.1628341765992527
0.041748814036408025,0.9887387387387387,0.17461982170949134,0.5816792802241151,0.21808246398410333,0.3573463573463574,0.8562313908974905,0.16335856044823005
0.04181525439712561,0.9887387387387387,0.1751442055584688,0.5819414721486038,0.21819085487077536,0.3574918566775244,0.855806039982986,0.1638829442972075
0.04191365222238858,0.9887387387387387,0.17566858940744626,0.5822036640730925,0.21829935355544505,0.35763747454175154,0.8553806890684815,0.16440732814618497
0.04193172523252091,0.9887387387387387,0.1761929732564237,0.5824658559975813,0.21840796019900496,0.35778321108394456,0.8549553381539771,0.16493171199516243
0.04197963400620599,0.9887387387387387,0.17671735710540115,0.58272804792207,0.218516674962668,0.3579290664492459,0.8545299872394726,0.1654560958441399
0.04232633314879093,0.9887387387387387,0.1772417409543786,0.5829902398465587,0.21862549800796813,0.3580750407830343,0.8541046363249681,0.16598047969311736
0.04256348043375857,0.9887387387387387,0.17776612480335605,0.5832524317710474,0.21873442949676133,0.3582211342309262,0.8536792854104637,0.16650486354209482
0.04258692260204868,0.9887387387387387,0.1782905086523335,0.5835146236955361,0.21884346959122633,0.35836734693877553,0.8532539344959592,0.16702924739107228
0.042616988343769986,0.9887387387387387,0.17881489250131097,0.5837768156200248,0.21895261845386535,0.35851367905267456,0.8528285835814547,0.16755363124004974
0.042620562324952135,0.9887387387387387,0.1793392763502884,0.5840390075445135,0.21906187624750498,0.35866013071895425,0.8524032326669503,0.1680780150890271
0.042685609578397815,0.9887387387387387,0.17986366019926586,0.5843011994690023,0.21917124313529707,0.35880670208418475,0.8519778817524458,0.16860239893800455
0.04280207589839143,0.9887387387387387,0.18038804404824332,0.584563391393491,0.2192807192807193,0.3589533932951758,0.8515525308379412,0.169126782786982
0.042862617855487777,0.9887387387387387,0.18091242789722076,0.5848255833179797,0.2193903048475762,0.3591002044989775,0.8511271799234368,0.16965116663595947
0.042892505722875035,0.9887387387387387,0.18143681174619822,0.5850877752424685,0.2195,0.35924713584288054,0.8507018290089323,0.17017555048493693
0.042943759823600436,0.9887387387387387,0.18196119559517568,0.5853499671669572,0.21960980490245122,0.3593941874744167,0.8502764780944279,0.1706999343339144
0.04294749915413132,0.9887387387387387,0.1824855794441531,0.5856121590914459,0.2197197197197197,0.3595413595413595,0.8498511271799234,0.17122431818289185
0.04296018360264901,0.9887387387387387,0.18300996329313057,0.5858743510159347,0.2198297446169254,0.35968865219172474,0.8494257762654189,0.17174870203186932
0.04304571974772726,0.9887387387387387,0.18353434714210803,0.5861365429404234,0.21993987975951904,0.35983606557377046,0.8490004253509145,0.17227308588084678
0.043128179423543044,0.9887387387387387,0.18405873099108547,0.5863987348649121,0.22005012531328322,0.3599835998359984,0.84857507443641,0.17279746972982424
0.043166797742049776,0.9887387387387387,0.18458311484006293,0.5866609267894008,0.220160481444333,0.36013125512715344,0.8481497235219055,0.1733218535788017
0.04317395476126638,0.9887387387387387,0.1851074986890404,0.5869231187138896,0.22027094831911692,0.3602790315962249,0.8477243726074011,0.17384623742777916
0.043239882238473866,0.9887387387387387,0.18563188253801782,0.5871853106383783,0.22038152610441766,0.3604269293924466,0.8472990216928966,0.17437062127675662
0.04329141627085495,0.9887387387387387,0.18615626638699528,0.587447502562867,0.22049221496735308,0.3605749486652977,0.8468736707783922,0.17489500512573408
0.04364069580196245,0.9887387387387387,0.18668065023597274,0.5877096944873558,0.22060301507537688,0.3607230895645029,0.8464483198638877,0.17541938897471154
0.04372531638455931,0.9887387387387387,0.18720503408495018,0.5879718864118445,0.22071392659627953,0.3608713522400328,0.8460229689493832,0.1759437728236889
0.04375207952234869,0.9887387387387387,0.18772941793392764,0.5882340783363332,0.22082494969818914,0.36101973684210525,0.8455976180348788,0.17646815667266635
0.043777371444273745,0.9887387387387387,0.1882538017829051,0.588496270260822,0.22093608454957223,0.3611682435211847,0.8451722671203743,0.17699254052164382
0.04379215807033246,0.9887387387387387,0.18877818563188253,0.5887584621853106,0.22104733131923465,0.36131687242798355,0.8447469162058698,0.17751692437062128
0.04383531484943894,0.9887387387387387,0.18930256948086,0.5890206541097993,0.22115869017632242,0.3614656237134623,0.8443215652913654,0.17804130821959874
0.043911677156089145,0.9887387387387387,0.18982695332983743,0.589282846034288,0.2212701612903226,0.36161449752883035,0.8438962143768609,0.1785656920685762
0.04405782705181469,0.9887387387387387,0.1903513371788149,0.5895450379587768,0.22138174483106404,0.361763494025546,0.8434708634623564,0.17909007591755366
0.044162291399510265,0.9887387387387387,0.19087572102779235,0.5898072298832655,0.22149344096871845,0.36191261335531744,0.843045512547852,0.17961445976653112
0.044218780997458434,0.9887387387387387,0.19140010487676978,0.5900694218077542,0.22160524987380112,0.3620618556701031,0.8426201616333475,0.18013884361550847
0.044318518906323295,0.9887387387387387,0.19192448872574724,0.590331613732243,0.22171717171717173,0.3622112211221122,0.8421948107188431,0.18066322746448593
0.0443210295861499,0.9887387387387387,0.1924488725747247,0.5905938056567317,0.22182920667003536,0.3623607098638052,0.8417694598043386,0.1811876113134634
0.044404788289405396,0.9887387387387387,0.19297325642370214,0.5908559975812204,0.22194135490394337,0.3625103220478943,0.8413441088898341,0.18171199516244085
0.04443298224415149,0.9887387387387387,0.1934976402726796,0.5911181895057092,0.22205361659079415,0.36266005782734406,0.8409187579753297,0.18223637901141831
0.0444687673578015,0.9887387387387387,0.19402202412165706,0.5913803814301979,0.222165991902834,0.3628099173553719,0.8404934070608252,0.18276076286039578
0.04448552764747844,0.9887387387387387,0.1945464079706345,0.5916425733546866,0.22227848101265824,0.3629599007854485,0.8400680561463207,0.18328514670937324
0.0444867328592711,0.9887387387387387,0.19507079181961196,0.5919047652791753,0.22239108409321176,0.3631100082712986,0.8396427052318163,0.1838095305583507
0.04458651324210692,0.9887387387387387,0.19559517566858942,0.5921669572036641,0.22250380131779016,0.36326023996690104,0.8392173543173118,0.18433391440732816
0.044651056863010845,0.9887387387387387,0.19611955951756685,0.5924291491281528,0.22261663286004058,0.3634105960264901,0.8387920034028074,0.18485829825630562
0.04479625999050314,0.9887387387387387,0.1966439433665443,0.5926913410526415,0.22272957889396244,0.36356107660455483,0.8383666524883029,0.18538268210528308
0.044820646250009206,0.9887387387387387,0.19716832721552177,0.5929535329771303,0.22284263959390863,0.3637116818558409,0.8379413015737984,0.18590706595426054
0.04489029368000662,0.9887387387387387,0.1976927110644992,0.593215724901619,0.2229558151345861,0.36386241193535024,0.837515950659294,0.186431449803238
0.0449388763795249,0.9887387387387387,0.19821709491347667,0.5934779168261077,0.22306910569105692,0.36401326699834163,0.8370905997447895,0.18695583365221546
0.04494521561427001,0.9887387387387387,0.19874147876245413,0.5937401087505965,0.22318251143873918,0.3641642472003318,0.836665248830285,0.18748021750119293
0.044989666823321096,0.9887387387387387,0.19926586261143156,0.5940023006750852,0.22329603255340794,0.3643153526970954,0.8362398979157806,0.18800460135017028
0.045044082587015616,0.9887387387387387,0.19979024646040902,0.5942644925995739,0.22340966921119593,0.36446658364466583,0.835814547001276,0.18852898519914774
0.04510522359921716,0.9887387387387387,0.20031463030938648,0.5945266845240627,0.2235234215885947,0.3646179401993356,0.8353891960867715,0.1890533690481252
0.045170388652911425,0.9887387387387387,0.20083901415836392,0.5947888764485514,0.22363728986245543,0.3647694225176568,0.8349638451722671,0.18957775289710266
0.045288975969331485,0.9887387387387387,0.20136339800734138,0.5950510683730401,0.2237512742099898,0.3649210307564422,0.8345384942577626,0.19010213674608012
0.04533661600627629,0.9887387387387387,0.20188778185631884,0.5953132602975288,0.22386537480877103,0.36507276507276504,0.8341131433432581,0.19062652059505758
0.045538851183992306,0.9887387387387387,0.20241216570529627,0.5955754522220175,0.2239795918367347,0.3652246256239601,0.8336877924287537,0.19115090444403504
0.04561789737459823,0.9864864864864865,0.20241216570529627,0.5944493260958914,0.22358346094946402,0.36454431960049943,0.8332624415142492,0.1888986521917828
0.045832239260847424,0.9864864864864865,0.20293654955427373,0.5947115180203801,0.2236976506639428,0.3646960865945046,0.8328370905997448,0.18942303604076027
0.04584606983135083,0.9864864864864865,0.2034609334032512,0.5949737099448689,0.22381195707715892,0.3648479800083299,0.8324117396852403,0.18994741988973773
0.04588422667196397,0.9864864864864865,0.20398531725222863,0.5952359018693576,0.22392638036809817,0.36500000000000005,0.8319863887707358,0.19047180373871508
0.045936817351344986,0.9864864864864865,0.2045097011012061,0.5954980937938463,0.22404092071611253,0.3651521467278033,0.8315610378562314,0.19099618758769255
0.045969603578468826,0.9864864864864865,0.20503408495018352,0.5957602857183351,0.2241555783009212,0.3653044203502919,0.8311356869417269,0.19152057143667
0.04602523718173204,0.9864864864864865,0.20555846879916098,0.5960224776428238,0.22427035330261136,0.36545682102628285,0.8307103360272224,0.19204495528564747
0.046055069225784215,0.9864864864864865,0.20608285264813844,0.5962846695673125,0.22438524590163936,0.3656093489148581,0.830284985112718,0.19256933913462493
0.04606554767432264,0.9864864864864865,0.20660723649711588,0.5965468614918013,0.22450025627883136,0.36576200417536536,0.8298596341982135,0.1930937229836024
0.04625277995869726,0.9864864864864865,0.20713162034609334,0.59680905341629,0.2246153846153846,0.3659147869674185,0.829434283283709,0.19361810683257985
0.04625420547981937,0.9864864864864865,0.2076560041950708,0.5970712453407787,0.22473063109286814,0.36606769745089845,0.8290089323692046,0.1941424906815573
0.046257388069785216,0.9864864864864865,0.20818038804404823,0.5973334372652673,0.22484599589322382,0.3662207357859532,0.8285835814547001,0.19466687453053477
0.04636271723681268,0.9864864864864865,0.2087047718930257,0.5975956291897561,0.22496147919876733,0.3663739021329987,0.8281582305401957,0.19519125837951223
0.04637110924848808,0.9864864864864865,0.20922915574200315,0.5978578211142448,0.2250770811921891,0.36652719665271966,0.8277328796256912,0.1957156422284897
0.0463901056388283,0.9864864864864865,0.2097535395909806,0.5981200130387335,0.22519280205655526,0.36668061950606945,0.8273075287111867,0.19624002607746716
0.046439480912625127,0.9864864864864865,0.21027792343995805,0.5983822049632223,0.22530864197530864,0.36683417085427134,0.8268821777966823,0.19676440992644462
0.04651483372200143,0.9864864864864865,0.2108023072889355,0.598644396887711,0.2254246011322697,0.3669878508588186,0.8264568268821778,0.19728879377542208
0.046609843286184435,0.9864864864864865,0.21132669113791294,0.5989065888121997,0.2255406797116375,0.3671416596814752,0.8260314759676733,0.19781317762439943
0.046626383372297395,0.9864864864864865,0.2118510749868904,0.5991687807366884,0.22565687789799072,0.3672955974842767,0.8256061250531689,0.1983375614733769
0.04667208685342127,0.9864864864864865,0.21237545883586786,0.5994309726611772,0.22577319587628866,0.3674496644295302,0.8251807741386644,0.19886194532235435
0.046752082377032926,0.9864864864864865,0.2128998426848453,0.5996931645856659,0.2258896338318721,0.3676038606798154,0.82475542322416,0.1993863291713318
0.046802047956501024,0.9864864864864865,0.21342422653382276,0.5999553565101546,0.2260061919504644,0.36775818639798485,0.8243300723096555,0.19991071302030927
0.046805903095837154,0.9864864864864865,0.21394861038280022,0.6002175484346434,0.22612287041817244,0.36791264174716504,0.823904721395151,0.20043509686928673
0.046825023528280975,0.9864864864864865,0.21447299423177765,0.6004797403591321,0.2262396694214876,0.3680672268907563,0.8234793704806466,0.2009594807182642
0.04693550207630203,0.9864864864864865,0.2149973780807551,0.6007419322836208,0.22635658914728682,0.3682219419924338,0.8230540195661421,0.20148386456724166
0.04705870584662888,0.9864864864864865,0.21552176192973257,0.6010041242081096,0.2264736297828335,0.368376787216148,0.8226286686516376,0.20200824841621912
0.04708920980034421,0.9864864864864865,0.21604614577871,0.6012663161325983,0.22659079151577857,0.3685317627261253,0.8222033177371332,0.20253263226519647
0.04711073351796677,0.9864864864864865,0.21657052962768747,0.601528508057087,0.2267080745341615,0.3686868686868687,0.8217779668226287,0.20305701611417393
0.04717447533035796,0.9864864864864865,0.21709491347666493,0.6017906999815757,0.22682547902641118,0.36884210526315786,0.8213526159081243,0.2035813999631514
0.047255574410563786,0.9864864864864865,0.21761929732564236,0.6020528919060645,0.22694300518134716,0.36899747262005056,0.8209272649936198,0.20410578381212885
0.04730065155597252,0.9864864864864865,0.21814368117461982,0.6023150838305532,0.22706065318818042,0.36915297092288246,0.8205019140791153,0.2046301676611063
0.04755076658371652,0.9864864864864865,0.21866806502359729,0.6025772757550419,0.22717842323651452,0.36930860033726814,0.8200765631646108,0.20515455151008377
0.047560290122092445,0.9864864864864865,0.21919244887257472,0.6028394676795306,0.22729631551634666,0.3694643610291017,0.8196512122501063,0.20567893535906123
0.0476202818597502,0.9864864864864865,0.21971683272155218,0.6031016596040193,0.22741433021806853,0.36962025316455693,0.8192258613356018,0.2062033192080387
0.0476664409473612,0.9864864864864865,0.22024121657052964,0.603363851528508,0.22753246753246753,0.36977627691008863,0.8188005104210974,0.20672770305701615
0.04773938010119057,0.9864864864864865,0.22076560041950707,0.6036260434529968,0.22765072765072766,0.36993243243243246,0.8183751595065929,0.20725208690599362
0.047773314586649726,0.9864864864864865,0.22128998426848454,0.6038882353774855,0.22776911076443057,0.37008871989860587,0.8179498085920884,0.20777647075497108
0.0479090108113785,0.9864864864864865,0.22181436811746197,0.6041504273019742,0.2278876170655567,0.3702451394759087,0.817524457677584,0.20830085460394854
0.047999577471049944,0.9864864864864865,0.22233875196643943,0.6044126192264629,0.2280062467464862,0.3704016913319239,0.8170991067630795,0.208825238452926
0.048166889595553264,0.9842342342342343,0.22233875196643943,0.6032864931003369,0.22760416666666666,0.3697123519458545,0.816673755848575,0.20657298620067377
0.04842961634371479,0.9842342342342343,0.2228631358154169,0.6035486850248256,0.22772277227722773,0.369868810833686,0.8162484049340706,0.20709737004965123
0.04859792001347086,0.9842342342342343,0.22338751966439432,0.6038108769493143,0.2278415015641293,0.37002540220152413,0.8158230540195661,0.20762175389862858
0.048602635773344775,0.9842342342342343,0.22391190351337178,0.6040730688738031,0.2279603547209181,0.37018212621770435,0.8153977031050617,0.20814613774760604
0.048659622139565456,0.9842342342342343,0.22443628736234925,0.6043352607982918,0.2280793319415449,0.37033898305084745,0.8149723521905572,0.2086705215965835
0.04868564888896991,0.9842342342342343,0.22496067121132668,0.6045974527227804,0.22819843342036553,0.37049597286986014,0.8145470012760527,0.20919490544556096
0.04873078319391121,0.9842342342342343,0.22548505506030414,0.6048596446472692,0.2283176593521421,0.3706530958439355,0.8141216503615483,0.20971928929453842
0.04920536937636346,0.9842342342342343,0.2260094389092816,0.6051218365717579,0.2284370099320439,0.3708103521425541,0.8136962994470438,0.21024367314351589
0.04921832498996734,0.9842342342342343,0.22653382275825903,0.6053840284962466,0.22855648535564854,0.3709677419354839,0.8132709485325393,0.21076805699249335
0.049369773300469044,0.9842342342342343,0.2270582066072365,0.6056462204207353,0.22867608581894297,0.37112526539278134,0.8128455976180349,0.2112924408414708
0.049385117868288246,0.9842342342342343,0.22758259045621396,0.6059084123452241,0.22879581151832462,0.3712829226847919,0.8124202467035304,0.21181682469044827
0.04953364816783876,0.9842342342342343,0.2281069743051914,0.6061706042697128,0.2289156626506024,0.37144071398215045,0.811994895789026,0.21234120853942562
0.049563537906330786,0.9842342342342343,0.22863135815416885,0.6064327961942015,0.2290356394129979,0.3715986394557823,0.8115695448745215,0.21286559238840308
0.04965919627722362,0.9842342342342343,0.2291557420031463,0.6066949881186903,0.2291557420031463,0.37175669927690347,0.811144193960017,0.21338997623738054
0.04973870755924344,0.9842342342342343,0.22968012585212375,0.606957180043179,0.22927597061909757,0.37191489361702124,0.8107188430455126,0.213914360086358
0.04983371243518771,0.9842342342342343,0.2302045097011012,0.6072193719676677,0.2293963254593176,0.37207322264793524,0.8102934921310081,0.21443874393533546
0.04996839055774129,0.9842342342342343,0.23072889355007867,0.6074815638921565,0.22951680672268907,0.3722316865417376,0.8098681412165036,0.21496312778431292
0.04998825372446273,0.9842342342342343,0.2312532773990561,0.6077437558166452,0.22963741460851286,0.37239028547081376,0.8094427903019992,0.21548751163329039
0.05004132423872478,0.9842342342342343,0.23177766124803356,0.6080059477411339,0.22975814931650893,0.37254901960784315,0.8090174393874947,0.21601189548226785
0.05012017453615373,0.9842342342342343,0.23230204509701102,0.6082681396656227,0.22987901104681746,0.3727078891257996,0.8085920884729902,0.2165362793312453
0.05025077905544766,0.9842342342342343,0.23282642894598846,0.6085303315901114,0.23,0.3728668941979522,0.8081667375584858,0.21706066318022277
0.05040381737430996,0.9842342342342343,0.23335081279496592,0.6087925235146001,0.23012111637704055,0.373026034997866,0.8077413866439813,0.21758504702920023
0.05050870432986162,0.9842342342342343,0.23387519664394338,0.6090547154390888,0.23024236037934667,0.3731853116994022,0.8073160357294769,0.2181094308781777
0.05054432910120771,0.9842342342342343,0.2343995804929208,0.6093169073635776,0.23036373220875067,0.37334472447671935,0.8068906848149724,0.21863381472715515
0.05069591146657323,0.9842342342342343,0.23492396434189827,0.6095790992880663,0.23048523206751054,0.37350427350427345,0.8064653339004679,0.2191581985761326
0.05090410278706879,0.9842342342342343,0.23544834819087573,0.609841291212555,0.23060686015831133,0.37366395895681914,0.8060399829859635,0.21968258242511007
0.05090443857950063,0.9842342342342343,0.23597273203985317,0.6101034831370438,0.2307286166842661,0.3738237810094097,0.805614632071459,0.22020696627408742
0.050908102435019024,0.9842342342342343,0.23649711588883063,0.6103656750615325,0.23085050184891706,0.37398373983739835,0.8051892811569545,0.22073135012306488
0.05094550232768869,0.9842342342342343,0.2370214997378081,0.6106278669860212,0.2309725158562368,0.3741438356164384,0.8047639302424501,0.22125573397204235
0.050990595097831166,0.9842342342342343,0.23754588358678552,0.61089005891051,0.2310946589106293,0.37430406852248393,0.8043385793279455,0.2217801178210198
0.05116015508536487,0.9842342342342343,0.23807026743576298,0.6111522508349987,0.2312169312169312,0.3744644387317909,0.803913228413441,0.22230450166999727
0.051237978578876194,0.9842342342342343,0.23859465128474042,0.6114144427594873,0.23133933298041293,0.37462494642091726,0.8034878774989366,0.22282888551897473
0.05131615396931389,0.9842342342342343,0.23911903513371788,0.611676634683976,0.23146186440677965,0.3747855917667238,0.8030625265844321,0.2233532693679522
0.051581413114591135,0.9842342342342343,0.23964341898269534,0.6119388266084648,0.23158452570217275,0.37494637494637495,0.8026371756699276,0.22387765321692965
0.05161233354260411,0.9819819819819819,0.23964341898269534,0.6108127004823386,0.23117709437963946,0.37424892703862667,0.8022118247554232,0.2216254009646773
0.051679605488358885,0.9819819819819819,0.24016780283167277,0.6110748924068273,0.2312997347480106,0.37440961786174326,0.8017864738409187,0.22214978481365466
0.05171728565271943,0.9819819819819819,0.24069218668065023,0.6113370843313161,0.23142250530785563,0.37457044673539525,0.8013611229264143,0.22267416866263212
0.05181485731566021,0.9819819819819819,0.2412165705296277,0.6115992762558048,0.23154540626659587,0.37473141383755915,0.8009357720119098,0.22319855251160958
0.05188031547483278,0.9819819819819819,0.24174095437860513,0.6118614681802935,0.2316684378320935,0.3748925193465176,0.8005104210974053,0.22372293636058704
0.05194004539180126,0.9797297297297297,0.24174095437860513,0.6107353420541675,0.23125996810207336,0.37419354838709673,0.8000850701829009,0.22147068410833481
0.05197491760499217,0.9797297297297297,0.2422653382275826,0.6109975339786562,0.23138297872340424,0.3743545611015491,0.7996597192683964,0.22199506795731228
0.05204705864986806,0.9797297297297297,0.24278972207656005,0.6112597259031449,0.23150612027674294,0.37451571244080933,0.7992343683538919,0.22251945180628974
0.05206115868824088,0.9797297297297297,0.24331410592553748,0.6115219178276337,0.23162939297124602,0.3746770025839794,0.7988090174393875,0.2230438356552672
0.05211051965352658,0.9797297297297297,0.24383848977451494,0.6117841097521224,0.23175279701651572,0.3748384317104696,0.798383666524883,0.22356821950424466
0.052144999706685895,0.9797297297297297,0.2443628736234924,0.6120463016766111,0.23187633262260127,0.37499999999999994,0.7979583156103786,0.22409260335322212
0.05242255225669124,0.9797297297297297,0.24488725747246984,0.6123084936010997,0.232,0.37516170763260026,0.7975329646958741,0.22461698720219958
0.05243429994834095,0.9797297297297297,0.2454116413214473,0.6125706855255885,0.2321237993596585,0.3753235547886109,0.7971076137813696,0.22514137105117704
0.05245054786335027,0.9797297297297297,0.24593602517042476,0.6128328774500772,0.23224773091297385,0.37548554164868364,0.7966822628668652,0.2256657549001545
0.052474397809298794,0.9797297297297297,0.2464604090194022,0.6130950693745659,0.23237179487179488,0.3756476683937824,0.7962569119523607,0.22619013874913196
0.05250791353497925,0.9797297297297297,0.24698479286837965,0.6133572612990547,0.2324959914484233,0.3758099352051836,0.7958315610378562,0.22671452259810942
0.052680858658421495,0.9774774774774775,0.24698479286837965,0.6122311351729286,0.2320855614973262,0.3751080380293863,0.7954062101233518,0.2244622703458572
0.052728709474585106,0.9774774774774775,0.24750917671735712,0.6124933270974173,0.23220973782771537,0.37527021184608733,0.7949808592088473,0.22498665419483466
0.05281107787408759,0.9774774774774775,0.24803356056633455,0.6127555190219061,0.23233404710920771,0.37543252595155713,0.7945555082943428,0.225511038043812
0.05311697759591219,0.9774774774774775,0.248557944415312,0.6130177109463948,0.23245848955543652,0.37559498052791,0.7941301573798384,0.22603542189278947
0.05319806409912479,0.9774774774774775,0.24908232826428947,0.6132799028708835,0.23258306538049303,0.3757575757575758,0.7937048064653339,0.22655980574176693
0.05325145439048965,0.9774774774774775,0.2496067121132669,0.6135420947953723,0.23270777479892762,0.37592031182330016,0.7932794555508295,0.2270841895907444
0.0533428169972618,0.9774774774774775,0.25013109596224437,0.613804286719861,0.23283261802575106,0.3760831889081455,0.792854104636325,0.22760857343972185
0.05337339618416517,0.9774774774774775,0.2506554798112218,0.6140664786443497,0.23295759527643586,0.376246207195492,0.7924287537218205,0.2281329572886993
0.05346453448191061,0.9774774774774775,0.2511798636601993,0.6143286705688384,0.23308270676691728,0.3764093668690373,0.7920034028073161,0.22865734113767677
0.053479261390897086,0.9774774774774775,0.2517042475091767,0.6145908624933271,0.23320795271359485,0.37657266811279827,0.7915780518928116,0.22918172498665412
0.05362411703517009,0.9774774774774775,0.25222863135815415,0.6148530544178158,0.23333333333333334,0.3767361111111111,0.7911527009783071,0.22970610883563158
0.05363432915822564,0.9774774774774775,0.2527530152071316,0.6151152463423045,0.23345884884346424,0.37689969604863227,0.7907273500638027,0.23023049268460904
0.053715574455384434,0.9774774774774775,0.2532773990561091,0.6153774382667933,0.23358449946178686,0.37706342311033886,0.7903019991492982,0.2307548765335865
0.05393415595998967,0.9774774774774775,0.25380178290508654,0.615639630191282,0.23371028540656974,0.37722729248152975,0.7898766482347938,0.23127926038256397
0.05397733737522767,0.9774774774774775,0.254326166754064,0.6159018221157707,0.2338362068965517,0.3773913043478261,0.7894512973202893,0.23180364423154143
0.054028859731803006,0.9774774774774775,0.2548505506030414,0.6161640140402594,0.2339622641509434,0.37755545889517184,0.7890259464057847,0.2323280280805189
0.05407925114108222,0.9774774774774775,0.25537493445201886,0.6164262059647482,0.23408845738942827,0.3777197563098347,0.7886005954912803,0.23285241192949635
0.054192977249601954,0.9774774774774775,0.2558993183009963,0.6166883978892369,0.23421478683216407,0.3778841967784066,0.7881752445767758,0.2333767957784738
0.05419813890420337,0.9774774774774775,0.2564237021499738,0.6169505898137256,0.234341252699784,0.3780487804878049,0.7877498936622713,0.23390117962745127
0.054249900360306885,0.9774774774774775,0.25694808599895125,0.6172127817382144,0.23446785521339816,0.3782135076252724,0.7873245427477669,0.23442556347642873
0.054258263980550205,0.9774774774774775,0.2574724698479287,0.6174749736627031,0.23459459459459459,0.37837837837837834,0.7868991918332624,0.2349499473254062
0.05435387549568273,0.9774774774774775,0.2579968536969061,0.6177371655871918,0.23472147106544078,0.3785433929350196,0.7864738409187579,0.23547433117438366
0.054357318513462,0.9774774774774775,0.2585212375458836,0.6179993575116806,0.23484848484848486,0.37870855148342064,0.7860484900042535,0.23599871502336112
0.0543600686989509,0.9774774774774775,0.25904562139486104,0.6182615494361693,0.2349756361667569,0.37887385421213443,0.785623139089749,0.23652309887233858
0.05436252569666004,0.9774774774774775,0.2595700052438385,0.618523741360658,0.23510292524377033,0.37903930131004365,0.7851977881752445,0.23704748272131604
0.054443151749813415,0.9774774774774775,0.26009438909281596,0.6187859332851467,0.23523035230352304,0.37920489296636084,0.7847724372607401,0.2375718665702935
0.054803154381757084,0.9774774774774775,0.2606187729417934,0.6190481252096355,0.23535791757049893,0.3793706293706294,0.7843470863462356,0.23809625041927096
0.0549059545887213,0.9774774774774775,0.2611431567907708,0.6193103171341241,0.23548562126966902,0.3795365107127241,0.7839217354317312,0.2386206342682483
0.05493059903586249,0.9774774774774775,0.2616675406397483,0.6195725090586128,0.23561346362649294,0.3797025371828521,0.7834963845172267,0.23914501811722577
0.05496461533278988,0.9774774774774775,0.26219192448872575,0.6198347009831016,0.23574144486692014,0.37986870897155356,0.7830710336027222,0.23966940196620323
0.054991360076994435,0.9774774774774775,0.2627163083377032,0.6200968929075903,0.2358695652173913,0.3800350262697023,0.7826456826882178,0.2401937858151807
0.05511291845538694,0.9774774774774775,0.26324069218668067,0.620359084832079,0.2359978249048396,0.38020148926850633,0.7822203317737133,0.24071816966415815
0.055117845505962305,0.9774774774774775,0.2637650760356581,0.6206212767565678,0.23612622415669204,0.3803680981595092,0.7817949808592088,0.2412425535131355
0.05512495558819247,0.9774774774774775,0.26428945988463554,0.6208834686810565,0.236254763200871,0.3805348531345901,0.7813696299447044,0.24176693736211297
0.05525133052590526,0.9774774774774775,0.264813843733613,0.6211456606055452,0.23638344226579522,0.380701754385965,0.7809442790301999,0.24229132121109043
0.05547357383558259,0.9774774774774775,0.26533822758259046,0.6214078525300339,0.23651226158038147,0.3808688021061869,0.7805189281156955,0.2428157050600679
0.05550874254194776,0.9774774774774775,0.2658626114315679,0.6216700444545227,0.2366412213740458,0.3810359964881475,0.780093577201191,0.24334008890904535
0.05559449716061324,0.9774774774774775,0.2663869952805454,0.6219322363790114,0.23677032187670485,0.38120333772507686,0.7796682262866865,0.2438644727580228
0.055629963255117154,0.9774774774774775,0.2669113791295228,0.6221944283035001,0.2368995633187773,0.3813708260105448,0.7792428753721821,0.24438885660700027
0.05571191528854548,0.9774774774774775,0.26743576297850025,0.6224566202279889,0.23702894593118515,0.3815384615384615,0.7788175244576776,0.24491324045597773
0.05582079133212204,0.9774774774774775,0.2679601468274777,0.6227188121524776,0.2371584699453552,0.3817062445030782,0.7783921735431731,0.2454376243049552
0.05592560807201692,0.9752252252252253,0.2679601468274777,0.6215926860263514,0.23674138873701475,0.38099428068631763,0.7779668226286687,0.24318537205270296
0.055966651186178565,0.972972972972973,0.2679601468274777,0.6204665599002254,0.2363238512035011,0.3802816901408451,0.7775414717141642,0.24093311980045073
0.05597257410824151,0.972972972972973,0.26848453067645517,0.6207287518247141,0.23645320197044334,0.3804491413474241,0.7771161207996597,0.2414575036494282
0.056150731059614656,0.972972972972973,0.26900891452543263,0.6209909437492028,0.23658269441401972,0.38061674008810575,0.7766907698851553,0.24198188749840566
0.05628317707760035,0.9707207207207207,0.26900891452543263,0.6198648176230767,0.23616438356164385,0.37990304098721905,0.7762654189706508,0.23972963524615332
0.05628545108841348,0.9707207207207207,0.2695332983744101,0.6201270095475654,0.2362938596491228,0.38007054673721336,0.7758400680561464,0.24025401909513078
0.05638071469883239,0.9707207207207207,0.2700576822233875,0.6203892014720541,0.23642347778387274,0.3802382002646669,0.7754147171416419,0.24077840294410824
0.05662847877491908,0.9707207207207207,0.27058206607236496,0.6206513933965428,0.23655323819978047,0.3804060017652251,0.7749893662271374,0.2413027867930857
0.05668129682620856,0.9707207207207207,0.2711064499213424,0.6209135853210316,0.23668314113124655,0.38057395143487854,0.774564015312633,0.24182717064206316
0.056708555825293744,0.9707207207207207,0.2716308337703199,0.6211757772455203,0.2368131868131868,0.3807420494699646,0.7741386643981285,0.24235155449104062
0.056713838448871956,0.9707207207207207,0.27215521761929734,0.621437969170009,0.23694337548103353,0.3809102960671675,0.773713313483624,0.24287593834001808
0.05680604566371425,0.9707207207207207,0.2726796014682748,0.6217001610944978,0.23707370737073707,0.381078691423519,0.7732879625691195,0.24340032218899554
0.056834714511051564,0.9707207207207207,0.2732039853172522,0.6219623530189864,0.2372041827187672,0.38124723573639985,0.772862611654615,0.2439247060379729
0.05684611791453625,0.9707207207207207,0.27372836916622967,0.6222245449434751,0.23733480176211455,0.38141592920353984,0.7724372607401105,0.24444908988695035
0.056846985573865305,0.9707207207207207,0.27425275301520713,0.6224867368679639,0.237465564738292,0.38158477202301905,0.7720119098256061,0.24497347373592782
0.056867805064067044,0.9707207207207207,0.2747771368641846,0.6227489287924526,0.23759647188533628,0.3817537643932684,0.7715865589111016,0.24549785758490528
0.05700713547411962,0.9707207207207207,0.27530152071316205,0.6230111207169413,0.23772752344180917,0.3819229065130704,0.7711612079965972,0.24602224143388274
0.05708191652576444,0.9684684684684685,0.27530152071316205,0.6218849945908153,0.23730684326710816,0.38120567375886527,0.7707358570820927,0.2437699891816305
0.057090408144159874,0.9684684684684685,0.2758259045621395,0.622147186515304,0.23743787962451685,0.3813747228381375,0.7703105061675882,0.24429437303060797
0.05722584112193813,0.9684684684684685,0.2763502884111169,0.6224093784397927,0.23756906077348067,0.3815439219165927,0.7698851552530838,0.24481875687958532
0.057251361390895844,0.9684684684684685,0.2768746722600944,0.6226715703642814,0.2377003869541183,0.38171327119396364,0.7694598043385793,0.24534314072856278
0.05727007861581133,0.9684684684684685,0.27739905610907184,0.6229337622887702,0.23783185840707965,0.3818827708703375,0.7690344534240748,0.24586752457754024
0.057284135954638715,0.9684684684684685,0.2779234399580493,0.6231959542132589,0.2379634753735473,0.3820524211461573,0.7686091025095704,0.2463919084265177
0.0574337196314478,0.9684684684684685,0.27844782380702676,0.6234581461377476,0.23809523809523808,0.38222222222222224,0.7681837515950659,0.24691629227549516
0.057489473531055955,0.9684684684684685,0.27897220765600417,0.6237203380622363,0.23822714681440443,0.38239217429968875,0.7677584006805614,0.24744067612447262
0.05753721216532433,0.9684684684684685,0.27949659150498163,0.623982529986725,0.23835920177383593,0.38256227758007116,0.767333049766057,0.24796505997345009
0.05753808095770231,0.9684684684684685,0.2800209753539591,0.6242447219112137,0.2384914032168608,0.3827325322652426,0.7669076988515525,0.24848944382242755
0.05754127603930817,0.9684684684684685,0.28054535920293655,0.6245069138357024,0.2386237513873474,0.38290293855743546,0.7664823479370481,0.249013827671405
0.05754950224581198,0.9684684684684685,0.281069743051914,0.6247691057601912,0.23875624652970573,0.38307349665924284,0.7660569970225436,0.24953821152038247
0.05755952638541596,0.9684684684684685,0.2815941269008915,0.6250312976846799,0.2388888888888889,0.3832442067736186,0.7656316461080391,0.25006259536935993
0.057577463752012156,0.9684684684684685,0.2821185107498689,0.6252934896091686,0.23902167871039467,0.38341506910387874,0.7652062951935347,0.2505869792183374
0.05770809420928879,0.9684684684684685,0.28264289459884634,0.6255556815336574,0.23915461624026696,0.383586083853702,0.7647809442790302,0.25111136306731485
0.05774804143018579,0.9684684684684685,0.2831672784478238,0.6258178734581461,0.2392877017250974,0.3837572512271308,0.7643555933645257,0.2516357469162923
0.05777771280783192,0.9684684684684685,0.28369166229680126,0.6260800653826348,0.23942093541202672,0.3839285714285714,0.7639302424500213,0.2521601307652698
0.057818828846660106,0.9684684684684685,0.2842160461457787,0.6263422573071236,0.2395543175487465,0.38410004466279585,0.7635048915355168,0.25268451461424724
0.05792850809402936,0.9684684684684685,0.2847404299947562,0.6266044492316123,0.23968784838350055,0.38427167113494193,0.7630795406210124,0.2532088984632247
0.057953579524799646,0.9684684684684685,0.2852648138437336,0.626866641156101,0.23982152816508645,0.3844434510505141,0.7626541897065079,0.25373328231220205
0.05809856300151543,0.9684684684684685,0.28578919769271105,0.6271288330805898,0.23995535714285715,0.38461538461538464,0.7622288387920034,0.2542576661611795
0.05823132508649009,0.9684684684684685,0.2863135815416885,0.6273910250050785,0.2400893355667225,0.38478747203579416,0.761803487877499,0.25478205001015697
0.05829442365145196,0.9684684684684685,0.28683796539066597,0.6276532169295672,0.24022346368715083,0.38495971351835273,0.7613781369629945,0.25530643385913443
0.05837124381366894,0.9684684684684685,0.28736234923964343,0.627915408854056,0.2403577417551705,0.3851321092700403,0.76095278604849,0.2558308177081119
0.05841514783709234,0.9684684684684685,0.2878867330886209,0.6281776007785447,0.24049217002237136,0.3853046594982079,0.7605274351339856,0.25635520155708935
0.058537899041082676,0.9684684684684685,0.2884111169375983,0.6284397927030334,0.24062674874090656,0.3854773644105782,0.7601020842194811,0.2568795854060667
0.058602661419206684,0.9684684684684685,0.28893550078657576,0.6287019846275221,0.24076147816349383,0.38565022421524664,0.7596767333049766,0.25740396925504416
0.05867081030078366,0.9684684684684685,0.2894598846355532,0.6289641765520109,0.24089635854341737,0.38582323912068195,0.7592513823904722,0.2579283531040216
0.05867094584768455,0.9684684684684685,0.2899842684845307,0.6292263684764996,0.24103139013452915,0.3859964093357271,0.7588260314759677,0.2584527369529991
0.058797657356167425,0.9684684684684685,0.29050865233350814,0.6294885604009883,0.2411665731912507,0.38616973506960034,0.7584006805614633,0.25897712080197655
0.058887959114773215,0.9684684684684685,0.2910330361824856,0.6297507523254771,0.24130190796857465,0.3863432165318958,0.7579753296469588,0.259501504650954
0.05896641686410711,0.9662162162162162,0.2910330361824856,0.6286246261993509,0.24087591240875914,0.3856179775280899,0.7575499787324542,0.2572492523987018
0.058977315614155076,0.9662162162162162,0.291557420031463,0.6288868181238396,0.2410112359550562,0.38579136690647486,0.7571246278179498,0.25777363624767924
0.05922469597474776,0.9662162162162162,0.29208180388044047,0.6291490100483283,0.2411467116357504,0.38596491228070173,0.7566992769034453,0.2582980200966567
0.059251508166777676,0.9662162162162162,0.29260618772941793,0.6294112019728171,0.24128233970753657,0.38613861386138615,0.7562739259889408,0.25882240394563416
0.059281800806732746,0.9662162162162162,0.2931305715783954,0.6296733938973058,0.24141812042768712,0.3863124718595228,0.7558485750744364,0.2593467877946116
0.05931262730779523,0.9662162162162162,0.29365495542737285,0.6299355858217945,0.24155405405405406,0.38648648648648654,0.7554232241599319,0.2598711716435891
0.05936885938478737,0.9662162162162162,0.2941793392763503,0.6301977777462833,0.24169014084507043,0.38666065795403337,0.7549978732454274,0.26039555549256654
0.059407691476884926,0.9662162162162162,0.2947037231253277,0.630459969670772,0.24182638105975196,0.3868349864743012,0.754572522330923,0.260919939341544
0.05945508496586939,0.9662162162162162,0.2952281069743052,0.6307221615952607,0.24196277495769883,0.3870094722598105,0.7541471714164185,0.26144432319052147
0.05959675365575724,0.9662162162162162,0.29575249082328264,0.6309843535197495,0.24209932279909707,0.3871841155234657,0.753721820501914,0.2619687070394989
0.059629706525140866,0.9662162162162162,0.2962768746722601,0.6312465454442382,0.2422360248447205,0.38735891647855525,0.7532964695874096,0.2624930908884764
0.05970604876452168,0.9662162162162162,0.29680125852123757,0.6315087373687269,0.2423728813559322,0.3875338753387534,0.7528711186729051,0.26301747473745385
0.05991072019660812,0.9662162162162162,0.29732564237021497,0.6317709292932157,0.24250989259468628,0.3877089923181202,0.7524457677584007,0.2635418585864312
0.05994901412719763,0.9662162162162162,0.29785002621919243,0.6320331212177044,0.2426470588235294,0.38788426763110306,0.7520204168438962,0.26406624243540866
0.05995089288983282,0.9662162162162162,0.2983744100681699,0.6322953131421931,0.2427843803056027,0.3880597014925373,0.7515950659293917,0.2645906262843861
0.05996095598738997,0.963963963963964,0.2983744100681699,0.631169187016067,0.24235560588901472,0.38733031674208146,0.7511697150148873,0.2623383740321339
0.06024560335632501,0.963963963963964,0.29889879391714735,0.6314313789405557,0.2424929178470255,0.38750565866908104,0.7507443641003828,0.26286275788111135
0.060453726535083976,0.963963963963964,0.2994231777661248,0.6316935708650444,0.24263038548752835,0.38768115942028986,0.7503190131858783,0.2633871417300888
0.060540428550401634,0.963963963963964,0.2999475616151023,0.6319557627895331,0.24276800907543958,0.3878568192115995,0.7498936622713739,0.2639115255790663
0.06083380097682277,0.963963963963964,0.3004719454640797,0.6322179547140219,0.24290578887627695,0.3880326382592928,0.7494683113568694,0.2644359094280436
0.06101543341167581,0.963963963963964,0.30099632931305714,0.6324801466385106,0.24304372515616127,0.3882086167800453,0.749042960442365,0.2649602932770211
0.061109791803517895,0.963963963963964,0.3015207131620346,0.6327423385629993,0.2431818181818182,0.3883847549909256,0.7486176095278605,0.26548467712599855
0.06115657036255461,0.963963963963964,0.30204509701101206,0.6330045304874881,0.2433200682205799,0.38856105310939626,0.748192258613356,0.266009060974976
0.06118922308094198,0.963963963963964,0.3025694808599895,0.6332667224119768,0.2434584755403868,0.38873751135331513,0.7477669076988516,0.26653344482395347
0.061266232795371384,0.963963963963964,0.303093864708967,0.6335289143364655,0.2435970404097894,0.38891412994093594,0.7473415567843471,0.26705782867293093
0.06137388058113368,0.963963963963964,0.3036182485579444,0.6337911062609543,0.2437357630979499,0.3890909090909091,0.7469162058698426,0.2675822125219084
0.06143536625366772,0.963963963963964,0.30414263240692185,0.634053298185443,0.2438746438746439,0.38926784902228284,0.7464908549553382,0.26810659637088585
0.061437089542538514,0.963963963963964,0.3046670162558993,0.6343154901099317,0.24401368301026224,0.38944494995450407,0.7460655040408337,0.2686309802198633
0.061523051022836825,0.963963963963964,0.3051914001048768,0.6345776820344204,0.2441528807758129,0.3896222121074192,0.7456401531263293,0.2691553640688408
0.06161243436112684,0.963963963963964,0.30571578395385424,0.6348398739589092,0.24429223744292236,0.38979963570127507,0.7452148022118248,0.26967974791781824
0.061687143505640585,0.963963963963964,0.3062401678028317,0.6351020658833979,0.24443175328383782,0.38997722095671983,0.7447894512973203,0.2702041317667957
0.06185971314152493,0.963963963963964,0.3067645516518091,0.6353642578078865,0.24457142857142858,0.39015496809480404,0.7443641003828159,0.27072851561577316
0.061969559868727646,0.963963963963964,0.30728893550078656,0.6356264497323753,0.2447112635791881,0.3903328773369813,0.7439387494683114,0.2712528994647506
0.06214024362284902,0.9617117117117117,0.30728893550078656,0.6345003236062491,0.244279176201373,0.3895985401459854,0.7435133985538069,0.2690006472124983
0.06229226101069847,0.9617117117117117,0.307813319349764,0.6347625155307378,0.24441900400686892,0.38977635782747605,0.7430880476393025,0.26952503106147574
0.06236546522521762,0.9617117117117117,0.3083377031987415,0.6350247074552265,0.24455899198167239,0.38995433789954337,0.742662696724798,0.2700494149104532
0.06242524978302635,0.9617117117117117,0.30886208704771895,0.6352868993797153,0.24469914040114613,0.39013248058474187,0.7422373458102935,0.27057379875943066
0.06258526874356163,0.9617117117117117,0.3093864708966964,0.635549091304204,0.2448394495412844,0.3903107861060329,0.741811994895789,0.2710981826084081
0.06264565587472216,0.9617117117117117,0.3099108547456738,0.6358112832286927,0.24497991967871485,0.3904892546867855,0.7413866439812845,0.2716225664573855
0.06300150358091203,0.9617117117117117,0.3104352385946513,0.6360734751531815,0.24512055109070036,0.39066788655077767,0.74096129306678,0.27214695030636293
0.06303834197658284,0.9617117117117117,0.31095962244362874,0.6363356670776702,0.24526134405514072,0.3908466819221968,0.7405359421522756,0.2726713341553404
0.06320626945924385,0.9594594594594594,0.31095962244362874,0.6352095409515441,0.24482758620689654,0.3901098901098901,0.7401105912377711,0.27041908190308817
0.06331627786519375,0.9594594594594594,0.3114840062926062,0.6354717328760329,0.2449683726279471,0.3902885936784242,0.7396852403232667,0.2709434657520656
0.06336773483673584,0.9594594594594594,0.31200839014158366,0.6357339248005216,0.24510932105868816,0.390467461044913,0.7392598894087622,0.2714678496010431
0.0633972918721825,0.9594594594594594,0.31253277399056106,0.6359961167250102,0.2452504317789292,0.390646492434663,0.7388345384942577,0.27199223345002044
0.06343185632923236,0.9594594594594594,0.3130571578395385,0.636258308649499,0.24539170506912442,0.3908256880733945,0.7384091875797533,0.2725166172989979
0.0634900460931423,0.9594594594594594,0.313581541688516,0.6365205005739877,0.24553314121037464,0.39100504818724185,0.7379838366652488,0.27304100114797536
0.06353622300093108,0.9594594594594594,0.31410592553749345,0.6367826924984764,0.24567474048442905,0.39118457300275483,0.7375584857507443,0.2735653849969528
0.06354533908626724,0.9572072072072072,0.31410592553749345,0.6356565663723504,0.24523946912867858,0.39044556729444185,0.7371331348362399,0.2713131327447006
0.06362184191660043,0.9572072072072072,0.3146303093864709,0.6359187582968391,0.2453810623556582,0.390625,0.7367077839217354,0.27183751659367805
0.06377055757897873,0.9572072072072072,0.31515469323544837,0.6361809502213278,0.24552281917966493,0.39080459770114945,0.736282433007231,0.2723619004426555
0.06389803117766546,0.9572072072072072,0.3156790770844258,0.6364431421458165,0.24566473988439305,0.39098436062557496,0.7358570820927265,0.272886284291633
0.06395953901563756,0.9572072072072072,0.31620346093340324,0.6367053340703053,0.2458068247541932,0.39116428900138056,0.735431731178222,0.27341066814061044
0.06401178474776491,0.9572072072072072,0.3167278447823807,0.636967525994794,0.24594907407407407,0.39134438305709024,0.7350063802637176,0.2739350519895879
0.06437585952580147,0.9572072072072072,0.31725222863135816,0.6372297179192827,0.2460914881297047,0.391524643021649,0.7345810293492131,0.27445943583856536
0.06457120512779033,0.9572072072072072,0.3177766124803356,0.6374919098437715,0.246234067207416,0.39170506912442393,0.7341556784347086,0.2749838196875428
0.06459385228733838,0.9572072072072072,0.3183009963293131,0.6377541017682602,0.2463768115942029,0.39188566159520516,0.7337303275202042,0.2755082035365203
0.06461611602150982,0.9572072072072072,0.3188253801782905,0.6380162936927488,0.24651972157772623,0.39206642066420666,0.7333049766056997,0.27603258738549774
0.06503759342879711,0.9572072072072072,0.31934976402726795,0.6382784856172375,0.24666279744631456,0.39224734656206733,0.7328796256911952,0.2765569712344752
0.06521662595741884,0.9572072072072072,0.3198741478762454,0.6385406775417263,0.24680603948896632,0.39242843951985223,0.7324542747766908,0.27708135508345266
0.06522719483491488,0.9572072072072072,0.32039853172522287,0.638802869466215,0.24694944799535154,0.39260969976905313,0.7320289238621863,0.2776057389324301
0.06536648978402725,0.9572072072072072,0.32092291557420033,0.6390650613907037,0.24709302325581395,0.3927911275415897,0.7316035729476819,0.2781301227814076
0.06547291592368834,0.9572072072072072,0.3214472994231778,0.6393272533151925,0.2472367655613729,0.39297272306981046,0.7311782220331774,0.27865450663038505
0.06558613689976557,0.9572072072072072,0.3219716832721552,0.6395894452396812,0.24738067520372525,0.393154486586494,0.7307528711186729,0.2791788904793624
0.06563327317838848,0.9572072072072072,0.32249606712113266,0.6398516371641699,0.24752475247524752,0.3933364183248496,0.7303275202041685,0.27970327432833986
0.06579096787492775,0.9572072072072072,0.3230204509701101,0.6401138290886587,0.24766899766899766,0.3935185185185185,0.729902169289664,0.2802276581773173
0.06579764867507211,0.9572072072072072,0.3235448348190876,0.6403760210131474,0.2478134110787172,0.3937007874015748,0.7294768183751595,0.2807520420262948
0.06586725040063086,0.954954954954955,0.3235448348190876,0.6392498948870213,0.24737456242707118,0.39295644114921224,0.7290514674606551,0.27849978977404255
0.0660198734231814,0.954954954954955,0.32406921866806504,0.6395120868115101,0.2475189725627554,0.3931386184515531,0.7286261165461506,0.27902417362302
0.06604270094019817,0.954954954954955,0.3245936025170425,0.6397742787359988,0.24766355140186916,0.39332096474953615,0.7282007656316462,0.27954855747199747
0.06627343544314632,0.954954954954955,0.3251179863660199,0.6400364706604874,0.24780829924021042,0.3935034802784223,0.7277754147171417,0.2800729413209748
0.06643614894190858,0.954954954954955,0.32564237021499737,0.6402986625849761,0.247953216374269,0.393686165273909,0.7273500638026372,0.2805973251699523
0.06650392972061044,0.954954954954955,0.32616675406397483,0.6405608545094649,0.2480983031012288,0.393869019972132,0.7269247128881328,0.28112170901892974
0.06673431510975314,0.954954954954955,0.3266911379129523,0.6408230464339536,0.24824355971896955,0.3940520446096654,0.7264993619736282,0.2816460928679072
0.06674367653274471,0.954954954954955,0.32721552176192975,0.6410852383584423,0.24838898652606914,0.39423523942352395,0.7260740110591237,0.28217047671688467
0.06691976619665033,0.954954954954955,0.3277399056109072,0.6413474302829311,0.2485345838218054,0.3944186046511628,0.7256486601446193,0.2826948605658621
0.06698718209173081,0.954954954954955,0.3282642894598846,0.6416096222074198,0.24868035190615836,0.39460214053047926,0.7252233092301148,0.2832192444148396
0.06702373230901279,0.954954954954955,0.3287886733088621,0.6418718141319085,0.24882629107981222,0.3947858472998138,0.7247979583156103,0.28374362826381705
0.06704544340668352,0.954954954954955,0.32931305715783954,0.6421340060563973,0.24897240164415738,0.3949697251979506,0.7243726074011059,0.2842680121127945
0.06733180172389301,0.954954954954955,0.329837441006817,0.642396197980886,0.2491186839012926,0.39515377446411926,0.7239472564866014,0.28479239596177197
0.06737756367789044,0.954954954954955,0.33036182485579446,0.6426583899053747,0.24926513815402704,0.39533799533799535,0.723521905572097,0.28531677981074943
0.06739170762879547,0.954954954954955,0.33088620870477187,0.6429205818298634,0.24941176470588236,0.39552238805970147,0.7230965546575925,0.2858411636597269
0.06739860483524968,0.954954954954955,0.33141059255374933,0.6431827737543522,0.24955856386109476,0.3957069528698087,0.722671203743088,0.28636554750870435
0.0675129560999303,0.954954954954955,0.3319349764027268,0.6434449656788409,0.2497055359246172,0.39589169000933705,0.7222458528285836,0.2868899313576818
0.06754297582134329,0.954954954954955,0.33245936025170425,0.6437071576033296,0.2498526812021214,0.3960765997197571,0.7218205019140791,0.2874143152066593
0.06756941114890999,0.954954954954955,0.3329837441006817,0.6439693495278184,0.25,0.39626168224299063,0.7213951509995746,0.28793869905563674
0.06768922779838857,0.954954954954955,0.33350812794965917,0.6442315414523071,0.25014749262536873,0.39644693782141194,0.7209698000850702,0.2884630829046142
0.06778373083611436,0.954954954954955,0.3340325117986366,0.6444937333767957,0.2502951593860685,0.39663236669784846,0.7205444491705657,0.28898746675359155
0.06797774576635289,0.954954954954955,0.33455689564761404,0.6447559253012844,0.25044300059066743,0.39681796911558254,0.7201190982560612,0.289511850602569
0.06810638203682572,0.954954954954955,0.3350812794965915,0.6450181172257732,0.25059101654846333,0.39700374531835203,0.7196937473415568,0.29003623445154647
0.06830298858668073,0.954954954954955,0.33560566334556896,0.6452803091502619,0.25073920756948553,0.39718969555035133,0.7192683964270523,0.29056061830052393
0.06830941563712298,0.954954954954955,0.3361300471945464,0.6455425010747506,0.25088757396449707,0.39737582005623245,0.7188430455125479,0.2910850021495014
0.06843165049943871,0.954954954954955,0.3366544310435239,0.6458046929992394,0.25103611604499704,0.3975621190811064,0.7184176945980434,0.29160938599847885
0.06847029600082322,0.954954954954955,0.3371788148925013,0.6460668849237281,0.25118483412322273,0.3977485928705441,0.7179923436835389,0.2921337698474562
0.06856148586665772,0.954954954954955,0.33770319874147875,0.6463290768482168,0.25133372851215174,0.3979352416705772,0.7175669927690345,0.29265815369643366
0.06864252342929911,0.9527027027027027,0.33770319874147875,0.6452029507220908,0.2508896797153025,0.3971830985915493,0.71714164185453,0.29040590144418144
0.06864840641271397,0.9527027027027027,0.3382275825904562,0.6454651426465795,0.2510385756676558,0.39736965711601696,0.7167162909400255,0.2909302852931589
0.06879001931287813,0.9527027027027027,0.33875196643943367,0.6457273345710682,0.251187648456057,0.3975563909774436,0.7162909400255211,0.29145466914213636
0.06901199493130863,0.9527027027027027,0.33927635028841113,0.645989526495557,0.25133689839572193,0.39774330042313116,0.7158655891110166,0.2919790529911138
0.06908343212892677,0.9527027027027027,0.3398007341373886,0.6462517184200457,0.25148632580261593,0.39793038570084666,0.7154402381965121,0.2925034368400913
0.06909960980813562,0.9527027027027027,0.340325117986366,0.6465139103445343,0.25163593099345627,0.3981176470588235,0.7150148872820077,0.29302782068906874
0.06912587245395284,0.9527027027027027,0.34084950183534346,0.646776102269023,0.2517857142857143,0.3983050847457627,0.7145895363675032,0.2935522045380462
0.0692319361696556,0.9527027027027027,0.3413738856843209,0.6470382941935118,0.2519356759976176,0.39849269901083373,0.7141641854529988,0.29407658838702366
0.0692764877920482,0.9527027027027027,0.3418982695332984,0.6473004861180005,0.2520858164481526,0.39868049010367584,0.7137388345384943,0.2946009722360011
0.06928165028105439,0.9527027027027027,0.34242265338227584,0.6475626780424892,0.2522361359570662,0.3988684582743988,0.7133134836239898,0.2951253560849786
0.06949411427168556,0.9504504504504504,0.34242265338227584,0.6464365519163631,0.25178997613365156,0.3981132075471698,0.7128881327094854,0.29287310383272624
0.06954177981958336,0.9504504504504504,0.3429470372312533,0.6466987438408518,0.2519402985074627,0.39830108541764986,0.7124627817949809,0.2933974876817037
0.06968236368040234,0.9504504504504504,0.3434714210802307,0.6469609357653405,0.2520908004778972,0.3984891406987724,0.7120374308804764,0.29392187153068117
0.06972318491865297,0.9504504504504504,0.34399580492920817,0.6472231276898293,0.2522414823670054,0.3986773736419461,0.711612079965972,0.29444625537965863
0.0699131033047339,0.9504504504504504,0.34452018877818563,0.647485319614318,0.25239234449760767,0.39886578449905485,0.7111867290514675,0.2949706392286361
0.06994389991608024,0.9504504504504504,0.3450445726271631,0.6477475115388067,0.25254338719329744,0.39905437352245865,0.7107613781369629,0.29549502307761355
0.07013500805192668,0.9504504504504504,0.34556895647614055,0.6480097034632955,0.25269461077844313,0.39924314096499525,0.7103360272224585,0.296019406926591
0.07014039730792018,0.9504504504504504,0.34609334032511796,0.6482718953877842,0.25284601557819053,0.39943208707998107,0.709910676307954,0.29654379077556836
0.07016428528821327,0.9504504504504504,0.3466177241740954,0.6485340873122729,0.2529976019184652,0.39962121212121204,0.7094853253934496,0.2970681746245458
0.07031604571122672,0.9504504504504504,0.3471421080230729,0.6487962792367616,0.2531493701259748,0.39981051634296544,0.7090599744789451,0.2975925584735233
0.07038223501895197,0.9504504504504504,0.34766649187205034,0.6490584711612504,0.2533013205282113,0.39999999999999997,0.7086346235644406,0.29811694232250074
0.07055547623106564,0.9504504504504504,0.3481908757210278,0.6493206630857391,0.25345345345345344,0.400189663347558,0.7082092726499362,0.2986413261714782
0.07073458807364316,0.9504504504504504,0.34871525957000526,0.6495828550102278,0.2536057692307692,0.4003795066413662,0.7077839217354317,0.29916571002045567
0.07091804240476915,0.9504504504504504,0.34923964341898267,0.6498450469347166,0.25375826819001807,0.40056953013763646,0.7073585708209272,0.299690093869433
0.07095500896623903,0.9504504504504504,0.34976402726796013,0.6501072388592053,0.2539109506618532,0.4007597340930675,0.7069332199064228,0.3002144777184105
0.07100769973405034,0.9504504504504504,0.3502884111169376,0.650369430783694,0.2540638169777243,0.4009501187648456,0.7065078689919183,0.30073886156738794
0.07101036996608426,0.9504504504504504,0.35081279496591505,0.6506316227081828,0.25421686746987954,0.4011406844106464,0.7060825180774138,0.3012632454163654
0.07125394049410871,0.9504504504504504,0.3513371788148925,0.6508938146326715,0.2543701024713683,0.4013314312886353,0.7056571671629094,0.30178762926534286
0.07170225558607547,0.9504504504504504,0.35186156266387,0.6511560065571602,0.2545235223160434,0.401522359657469,0.7052318162484049,0.3023120131143203
0.07176508734117894,0.9504504504504504,0.3523859465128474,0.651418198481649,0.2546771273385637,0.401713469776297,0.7048064653339005,0.3028363969632978
0.07178968909540837,0.9504504504504504,0.35291033036182484,0.6516803904061377,0.25483091787439616,0.401904761904762,0.704381114419396,0.30336078081227524
0.07204323720862821,0.9481981981981982,0.35291033036182484,0.6505542642800115,0.254380664652568,0.401143401619819,0.7039557635048915,0.301108528560023
0.07205252767844379,0.9481981981981982,0.3534347142108023,0.6508164562045002,0.2545344619105199,0.4013346043851287,0.7035304125903871,0.3016329124090005
0.07209654841425454,0.9481981981981982,0.35395909805977976,0.651078648128989,0.25468844525105866,0.40152598950882207,0.7031050616758826,0.30215729625797794
0.07217894878606348,0.9481981981981982,0.3544834819087572,0.6513408400534777,0.25484261501210653,0.4017175572519084,0.7026797107613781,0.3026816801069554
0.07219804851561754,0.9481981981981982,0.3550078657577347,0.6516030319779664,0.2549969715324046,0.40190930787589496,0.7022543598468737,0.30320606395593286
0.07224014021690159,0.9481981981981982,0.3555322496067121,0.6518652239024552,0.25515151515151513,0.40210124164278893,0.7018290089323692,0.3037304478049103
0.07226408887021521,0.9481981981981982,0.35605663345568955,0.6521274158269439,0.2553062462098241,0.4022933588150979,0.7014036580178648,0.3042548316538878
0.07235521143003303,0.9481981981981982,0.356581017304667,0.6523896077514326,0.2554611650485437,0.4024856596558318,0.7009783071033603,0.30477921550286524
0.07236386698829961,0.9481981981981982,0.3571054011536445,0.6526517996759214,0.25561627200971465,0.40267814442850314,0.7005529561888558,0.3053035993518427
0.07248531459953798,0.9481981981981982,0.35762978500262194,0.6529139916004101,0.255771567436209,0.40287081339712916,0.7001276052743514,0.30582798320082016
0.07271045265499239,0.9481981981981982,0.3581541688515994,0.6531761835248988,0.2559270516717325,0.4030636668262327,0.6997022543598469,0.3063523670497976
0.0728467799632043,0.9481981981981982,0.3586785527005768,0.6534383754493875,0.25608272506082724,0.4032567049808429,0.6992769034453424,0.306876750898775
0.07290668872280165,0.9481981981981982,0.35920293654955426,0.6537005673738763,0.256238587948874,0.4034499281264973,0.698851552530838,0.30740113474775244
0.07301418540068279,0.9481981981981982,0.3597273203985317,0.653962759298365,0.256394640682095,0.40364333652924256,0.6984262016163335,0.3079255185967299
0.07310402208676688,0.9481981981981982,0.3602517042475092,0.6542249512228537,0.25655088360755635,0.40383693045563546,0.698000850701829,0.30844990244570736
0.07330656725726335,0.9481981981981982,0.36077608809648665,0.6544871431473425,0.25670731707317074,0.4040307101727448,0.6975754997873246,0.3089742862946848
0.07341190072327326,0.9481981981981982,0.36130047194546405,0.6547493350718311,0.2568639414276998,0.4042246759481517,0.6971501488728201,0.30949867014366217
0.07353917522189847,0.9481981981981982,0.3618248557944415,0.6550115269963198,0.257020757020757,0.40441882804995194,0.6967247979583157,0.31002305399263963
0.07354070086315401,0.9481981981981982,0.362349239643419,0.6552737189208085,0.25717776420281,0.40461316674675635,0.6962994470438112,0.3105474378416171
0.07356433077561961,0.9481981981981982,0.36287362349239644,0.6555359108452973,0.25733496332518335,0.40480769230769226,0.6958740961293067,0.31107182169059455
0.07374819135899072,0.9481981981981982,0.3633980073413739,0.655798102769786,0.25749235474006116,0.40500240500240503,0.6954487452148023,0.311596205539572
0.07384426478471992,0.9481981981981982,0.36392239119035136,0.6560602946942747,0.2576499388004896,0.40519730510105867,0.6950233943002977,0.3121205893885495
0.07389480069625835,0.9481981981981982,0.36444677503932876,0.6563224866187635,0.25780771586037965,0.4053923928743379,0.6945980433857932,0.31264497323752694
0.07390297682077042,0.9481981981981982,0.3649711588883062,0.6565846785432522,0.25796568627450983,0.4055876685934489,0.6941726924712888,0.3131693570865044
0.07394588449135764,0.9481981981981982,0.3654955427372837,0.6568468704677409,0.25812385039852853,0.4057831325301205,0.6937473415567843,0.31369374093548186
0.07398318370680419,0.9481981981981982,0.36601992658626115,0.6571090623922297,0.25828220858895706,0.4059787849566056,0.6933219906422798,0.3142181247844593
0.07408805223399965,0.9481981981981982,0.3665443104352386,0.6573712543167184,0.25844076120319215,0.4061746261456826,0.6928966397277754,0.3147425086334368
0.07410789937731564,0.9481981981981982,0.36706869428421607,0.6576334462412071,0.2585995085995086,0.4063706563706564,0.6924712888132709,0.31526689248241424
0.0743801956013311,0.9481981981981982,0.3675930781331935,0.6578956381656959,0.2587584511370621,0.4065668759053598,0.6920459378987665,0.3157912763313917
0.07465091556385849,0.9481981981981982,0.36811746198217093,0.6581578300901846,0.25891758917589175,0.4067632850241546,0.691620586984262,0.31631566018036916
0.07468862388287231,0.9481981981981982,0.3686418458311484,0.6584200220146733,0.2590769230769231,0.40695988400193334,0.6911952360697575,0.3168400440293466
0.07477854087238217,0.9481981981981982,0.36916622968012586,0.658682213939162,0.2592364532019704,0.4071566731141199,0.6907698851552531,0.3173644278783241
0.07497992533109281,0.9481981981981982,0.3696906135291033,0.6589444058636508,0.25939617991374,0.4073536526366715,0.6903445342407486,0.31788881172730155
0.07501929380432541,0.9481981981981982,0.3702149973780808,0.6592065977881395,0.2595561035758323,0.4075508228460794,0.6899191833262441,0.318413195576279
0.07507475488605227,0.9481981981981982,0.3707393812270582,0.6594687897126281,0.25971622455274523,0.4077481840193705,0.6894938324117397,0.31893757942525636
0.0751375650219671,0.9481981981981982,0.37126376507603565,0.6597309816371169,0.2598765432098765,0.4079457364341085,0.6890684814972352,0.3194619632742338
0.07541179680310943,0.9481981981981982,0.3717881489250131,0.6599931735616056,0.2600370599135269,0.40814348036839554,0.6886431305827307,0.3199863471232113
0.07545100318806643,0.9481981981981982,0.37231253277399057,0.6602553654860943,0.26019777503090236,0.40834141610087293,0.6882177796682263,0.32051073097218874
0.07569288531323025,0.9481981981981982,0.37283691662296803,0.660517557410583,0.2603586889301175,0.40853954391072295,0.6877924287537218,0.3210351148211662
0.07577175908443162,0.9481981981981982,0.3733613004719455,0.6607797493350718,0.26051980198019803,0.40873786407766993,0.6873670778392174,0.32155949867014366
0.07585277025510515,0.9481981981981982,0.3738856843209229,0.6610419412595605,0.2606811145510836,0.40893637688198153,0.6869417269247129,0.322083882519121
0.07588003326291742,0.9481981981981982,0.37441006816990036,0.6613041331840492,0.26084262701363076,0.40913508260447035,0.6865163760102084,0.3226082663680985
0.07592661858934308,0.9481981981981982,0.3749344520188778,0.661566325108538,0.2610043397396156,0.4093339815264949,0.686091025095704,0.32313265021707593
0.07592799428355253,0.9481981981981982,0.3754588358678553,0.6618285170330267,0.26116625310173697,0.40953307392996113,0.6856656741811995,0.3236570340660534
0.07605466082115002,0.9481981981981982,0.37598321971683274,0.6620907089575154,0.26132836747361887,0.4097323600973236,0.685240323266695,0.32418141791503086
0.07633528766148845,0.9481981981981982,0.3765076035658102,0.6623529008820042,0.26149068322981367,0.4099318403115872,0.6848149723521906,0.3247058017640083
0.07638270051720217,0.9481981981981982,0.3770319874147876,0.6626150928064929,0.26165320074580484,0.41013151485630783,0.6843896214376861,0.3252301856129858
0.07645984540854239,0.9459459459459459,0.3770319874147876,0.6614889666803667,0.26119402985074625,0.4093567251461988,0.6839642705231816,0.32297793336073355
0.076529451099712,0.9459459459459459,0.37755637126376507,0.6617511586048554,0.2613565650280025,0.40955631399317405,0.6835389196086772,0.323502317209711
0.07658423292108137,0.9459459459459459,0.37808075511274253,0.6620133505293442,0.261519302615193,0.4097560975609756,0.6831135686941727,0.32402670105868847
0.07664839286655344,0.9459459459459459,0.37860513896172,0.6622755424538329,0.2616822429906542,0.40995607613469986,0.6826882177796683,0.32455108490766593
0.07665152346121779,0.9459459459459459,0.37912952281069745,0.6625377343783216,0.26184538653366585,0.41015625000000006,0.6822628668651638,0.3250754687566434
0.07671575722257788,0.9459459459459459,0.37965390665967486,0.6627999263028104,0.26200873362445415,0.41035661944308743,0.6818375159506593,0.32559985260562085
0.07672997647322807,0.9459459459459459,0.3801782905086523,0.6630621182272991,0.26217228464419473,0.41055718475073316,0.6814121650361549,0.3261242364545983
0.07673427663656868,0.9459459459459459,0.3807026743576298,0.6633243101517878,0.2623360399750156,0.41075794621026895,0.6809868141216504,0.3266486203035758
0.07675159095766039,0.9459459459459459,0.38122705820660724,0.6635865020762766,0.2625,0.4109589041095891,0.680561463207146,0.32717300415255324
0.07685762521798853,0.9459459459459459,0.3817514420555847,0.6638486940007653,0.2626641651031895,0.4111600587371513,0.6801361122926415,0.3276973880015307
0.07689241065046845,0.9459459459459459,0.38227582590456216,0.664110885925254,0.26282853566958697,0.4113614103819785,0.679710761378137,0.32822177185050816
0.07697352817005039,0.9459459459459459,0.38280020975353957,0.6643730778497428,0.2629931120851597,0.41156295933366,0.6792854104636324,0.3287461556994855
0.07701191910451231,0.9459459459459459,0.383324593602517,0.6646352697742315,0.2631578947368421,0.4117647058823529,0.678860059549128,0.32927053954846297
0.07722343256262426,0.9459459459459459,0.3838489774514945,0.6648974616987202,0.26332288401253917,0.4119666503187837,0.6784347086346235,0.32979492339744043
0.077284301568797,0.9459459459459459,0.38437336130047195,0.665159653623209,0.26348808030112925,0.41216879293424935,0.678009357720119,0.3303193072464179
0.077325856972513,0.9459459459459459,0.3848977451494494,0.6654218455476977,0.263653483992467,0.41237113402061853,0.6775840068056146,0.33084369109539535
0.07735907637397912,0.9459459459459459,0.38542212899842687,0.6656840374721864,0.2638190954773869,0.412573673870334,0.6771586558911101,0.3313680749443728
0.07751358453648546,0.9459459459459459,0.3859465128474043,0.6659462293966751,0.26398491514770583,0.4127764127764127,0.6767333049766057,0.33189245879335016
0.07767260932893653,0.9459459459459459,0.38647089669638174,0.6662084213211639,0.2641509433962264,0.41297935103244837,0.6763079540621012,0.3324168426423276
0.07769693769910395,0.9459459459459459,0.3869952805453592,0.6664706132456526,0.2643171806167401,0.41318248893261195,0.6758826031475967,0.3329412264913051
0.07780039275766464,0.9459459459459459,0.38751966439433666,0.6667328051701413,0.26448362720403024,0.4133858267716536,0.6754572522330923,0.33346561034028255
0.07791251117321324,0.9459459459459459,0.3880440482433141,0.6669949970946301,0.2646502835538752,0.41358936484490394,0.6750319013185878,0.33398999418926
0.07796576496793313,0.9459459459459459,0.3885684320922916,0.6672571890191188,0.2648171500630517,0.4137931034482758,0.6746065504040833,0.33451437803823747
0.07825689301721737,0.9459459459459459,0.389092815941269,0.6675193809436075,0.26498422712933756,0.4139970428782652,0.6741811994895789,0.33503876188721493
0.0783434693905111,0.9459459459459459,0.38961719979024645,0.6677815728680963,0.26515151515151514,0.41420118343195267,0.6737558485750744,0.3355631457361924
0.07839389536168322,0.9459459459459459,0.3901415836392239,0.668043764792585,0.2653190145293746,0.4144055254070055,0.67333049766057,0.33608752958516985
0.07844000124052773,0.9459459459459459,0.39066596748820137,0.6683059567170737,0.26548672566371684,0.41461006910167814,0.6729051467460655,0.3366119134341473
0.07845743662310134,0.9459459459459459,0.39119035133717883,0.6685681486415624,0.2656546489563567,0.4148148148148147,0.672479795831561,0.3371362972831248
0.0786143577253702,0.9459459459459459,0.3917147351861563,0.6688303405660512,0.26582278481012656,0.4150197628458498,0.6720544449170566,0.33766068113210224
0.07869993562139425,0.9459459459459459,0.3922391190351337,0.6690925324905398,0.26599113362887905,0.4152249134948097,0.6716290940025521,0.3381850649810797
0.07871909961747628,0.9459459459459459,0.39276350288411116,0.6693547244150285,0.2661596958174905,0.4154302670623145,0.6712037430880476,0.33870944883005716
0.07877770782488211,0.9436936936936937,0.39276350288411116,0.6682285982889025,0.2656943563728599,0.4146462147451756,0.6707783921735432,0.33645719657780493
0.07885797647419199,0.9436936936936937,0.3932878867330886,0.6684907902133912,0.26586294416243655,0.41485148514851494,0.6703530412590387,0.3369815804267824
0.07893306899368085,0.9436936936936937,0.3938122705820661,0.6687529821378799,0.266031746031746,0.4150569588905398,0.6699276903445343,0.33750596427575985
0.07898513298021922,0.9436936936936937,0.39433665443104354,0.6690151740623687,0.2662007623888183,0.41526263627353815,0.6695023394300298,0.3380303481247373
0.07903078823829159,0.9436936936936937,0.39486103828002095,0.6692773659868574,0.2663699936427209,0.41546851760039666,0.6690769885155253,0.33855473197371466
0.07911261082678166,0.9436936936936937,0.3953854221289984,0.6695395579113461,0.26653944020356235,0.4156746031746032,0.6686516376010209,0.3390791158226921
0.07911676082254351,0.9436936936936937,0.39590980597797587,0.6698017498358348,0.26670910248249524,0.4158808933002482,0.6682262866865164,0.3396034996716696
0.07916021239209395,0.9436936936936937,0.39643418982695333,0.6700639417603236,0.26687898089171974,0.4160873882820258,0.6678009357720119,0.34012788352064705
0.07922060539604243,0.9436936936936937,0.3969585736759308,0.6703261336848123,0.26704907584448695,0.41629408842523596,0.6673755848575075,0.3406522673696245
0.07938707531268947,0.9414414414414415,0.3969585736759308,0.6692000075586861,0.26658163265306123,0.41550695825049694,0.666950233943003,0.3384000151173723
0.07942779987402356,0.9414414414414415,0.39748295752490825,0.6694621994831749,0.2667517549457562,0.4157135753356539,0.6665248830284985,0.33892439896634974
0.07943141521286809,0.9414414414414415,0.39800734137388566,0.6697243914076636,0.2669220945083014,0.41592039800995023,0.6660995321139941,0.3394487828153271
0.07956463276701442,0.9414414414414415,0.3985317252228631,0.6699865833321523,0.2670926517571885,0.41612742658038826,0.6656741811994896,0.33997316666430455
0.08007034296747642,0.9414414414414415,0.3990561090718406,0.6702487752566411,0.2672634271099744,0.41633466135458164,0.6652488302849852,0.340497550513282
0.08011289409379203,0.9414414414414415,0.39958049292081804,0.6705109671811298,0.2674344209852847,0.41654210264075736,0.6648234793704807,0.34102193436225947
0.08029447707708152,0.9414414414414415,0.4001048767697955,0.6707731591056185,0.2676056338028169,0.41674975074775666,0.6643981284559762,0.34154631821123693
0.08040977066483153,0.9414414414414415,0.40062926061877296,0.6710353510301073,0.267777065983344,0.41695760598503745,0.6639727775414717,0.3420707020602144
0.0804194778832598,0.9414414414414415,0.40115364446775037,0.671297542954596,0.26794871794871794,0.4171656686626746,0.6635474266269672,0.34259508590919185
0.08049198088829626,0.9414414414414415,0.40167802831672783,0.6715597348790847,0.268120590121873,0.41737393909136306,0.6631220757124627,0.3431194697581693
0.08064388270740236,0.9391891891891891,0.40167802831672783,0.6704336087529585,0.26765083440308085,0.41658341658341647,0.6626967247979583,0.340867217505917
0.08078564465070791,0.9391891891891891,0.4022024121657053,0.6706958006774473,0.2678227360308285,0.41679160419790107,0.6622713738834538,0.34139160135489444
0.08080043280525016,0.9391891891891891,0.40272679601468275,0.670957992601936,0.2679948586118252,0.41700000000000004,0.6618460229689493,0.3419159852038719
0.08084274349037779,0.9391891891891891,0.4032511798636602,0.6712201845264247,0.2681672025723473,0.4172086043021511,0.6614206720544449,0.34244036905284936
0.08085758956853198,0.9391891891891891,0.4037755637126377,0.6714823764509135,0.26833976833976836,0.4174174174174175,0.6609953211399404,0.3429647529018268
0.0808879846042498,0.9391891891891891,0.4042999475616151,0.6717445683754021,0.26851255634256277,0.4176264396594892,0.660569970225436,0.3434891367508043
0.08089728849940482,0.9391891891891891,0.40482433141059254,0.6720067602998908,0.26868556701030927,0.4178356713426853,0.6601446193109315,0.34401352059978174
0.08094830608393935,0.9391891891891891,0.40534871525957,0.6722689522243795,0.2688588007736944,0.41804511278195494,0.659719268396427,0.3445379044487592
0.08112346033731062,0.9391891891891891,0.40587309910854746,0.6725311441488683,0.26903225806451614,0.41825476429287867,0.6592939174819226,0.34506228829773666
0.08119482960301681,0.9391891891891891,0.4063974829575249,0.672793336073357,0.26920593931568754,0.4184646261916709,0.6588685665674181,0.3455866721467141
0.08142472959535788,0.9391891891891891,0.4069218668065024,0.6730555279978457,0.2693798449612403,0.4186746987951807,0.6584432156529136,0.3461110559956916
0.08147381408762082,0.9391891891891891,0.4074462506554798,0.6733177199223345,0.26955397543632836,0.41888498242089395,0.6580178647384092,0.34663543984466894
0.08150217547719407,0.9391891891891891,0.40797063450445725,0.6735799118468232,0.26972833117723155,0.41909547738693465,0.6575925138239047,0.3471598236936464
0.08155527264537339,0.9391891891891891,0.4084950183534347,0.6738421037713119,0.26990291262135924,0.4193061840120664,0.6571671629094002,0.34768420754262386
0.08163697173234617,0.9391891891891891,0.4090194022024122,0.6741042956958007,0.2700777202072539,0.4195171026156942,0.6567418119948958,0.3482085913916013
0.08177723505977476,0.9391891891891891,0.40954378605138964,0.6743664876202894,0.27025275437459495,0.41972823351786614,0.6563164610803913,0.3487329752405788
0.08183612466062827,0.9391891891891891,0.41006816990036704,0.6746286795447781,0.2704280155642023,0.41993957703927487,0.6558911101658869,0.34925735908955613
0.08195619079859416,0.9391891891891891,0.4105925537493445,0.6748908714692669,0.27060350421804025,0.4201511335012595,0.6554657592513824,0.3497817429385336
0.08201779565446984,0.9391891891891891,0.41111693759832196,0.6751530633937556,0.2707792207792208,0.42036290322580644,0.6550404083368779,0.35030612678751105
0.08203334593841935,0.9391891891891891,0.4116413214472994,0.6754152553182443,0.2709551656920078,0.4205748865355521,0.6546150574223735,0.3508305106364885
0.0820421189559039,0.9369369369369369,0.4116413214472994,0.6742891291921181,0.270481144343303,0.4197780020181635,0.654189706507869,0.3485782583842363
0.0820761882645851,0.9346846846846847,0.4116413214472994,0.6731630030659921,0.27000650618087185,0.4189803129732458,0.6537643555933645,0.34632600613198405
0.0824250308763106,0.9346846846846847,0.4121657052962769,0.6734251949904808,0.2701822916666667,0.4191919191919192,0.6533390046788601,0.3468503899809615
0.08249413579679477,0.9346846846846847,0.41269008914525435,0.6736873869149695,0.2703583061889251,0.4194037392622537,0.6529136537643556,0.347374773829939
0.08261640322328982,0.9346846846846847,0.41321447299423175,0.6739495788394583,0.27053455019556716,0.41961577350859464,0.6524883028498512,0.34789915767891644
0.08265434221038774,0.9324324324324325,0.41321447299423175,0.6728234527133321,0.2700587084148728,0.41881638846737484,0.6520629519353467,0.3456469054266642
0.08282054889482965,0.9324324324324325,0.4137388568432092,0.6730856446378208,0.27023498694516973,0.4190283400809717,0.6516376010208422,0.34617128927564167
0.08286091717010204,0.9324324324324325,0.4142632406921867,0.6733478365623096,0.27041149575440887,0.4192405063291139,0.6512122501063378,0.34669567312461913
0.0833292200619847,0.9324324324324325,0.41478762454116413,0.6736100284867983,0.27058823529411763,0.4194528875379939,0.6507868991918333,0.3472200569735966
0.08332959419946255,0.9324324324324325,0.4153120083901416,0.673872220411287,0.2707652060170046,0.4196654840344653,0.6503615482773288,0.34774444082257405
0.08338219500659365,0.9324324324324325,0.41583639223911906,0.6741344123357758,0.2709424083769634,0.41987829614604466,0.6499361973628244,0.3482688246715515
0.08338496574856485,0.9324324324324325,0.41636077608809646,0.6743966042602645,0.27111984282907664,0.4200913242009133,0.6495108464483199,0.348793208520529
0.08338660610467585,0.9324324324324325,0.4168851599370739,0.6746587961847532,0.2712975098296199,0.4203045685279188,0.6490854955338154,0.34931759236950644
0.08339563530786104,0.9324324324324325,0.4174095437860514,0.674920988109242,0.27147540983606555,0.4205180294565769,0.648660144619311,0.3498419762184839
0.08351666196350867,0.9324324324324325,0.41793392763502885,0.6751831800337307,0.27165354330708663,0.4207317073170732,0.6482347937048064,0.35036636006746136
0.08357709870459407,0.9324324324324325,0.4184583114840063,0.6754453719582194,0.27183191070256074,0.4209456024402644,0.647809442790302,0.3508907439164388
0.08385467057024569,0.9324324324324325,0.41898269533298377,0.6757075638827081,0.2720105124835742,0.4211597151576805,0.6473840918757975,0.3514151277654163
0.08393750907641874,0.9324324324324325,0.4195070791819612,0.6759697558071969,0.27218934911242604,0.4213740458015267,0.646958740961293,0.35193951161439363
0.08399993549033001,0.9324324324324325,0.42003146303093863,0.6762319477316856,0.2723684210526316,0.42158859470468435,0.6465333900467886,0.3524638954633711
0.08415329452007873,0.9324324324324325,0.4205558468799161,0.6764941396561743,0.2725477287689269,0.4218033622007132,0.6461080391322841,0.35298827931234855
0.08422379207918775,0.9324324324324325,0.42108023072889356,0.6767563315806631,0.2727272727272727,0.4220183486238532,0.6456826882177796,0.353512663161326
0.08430192840729298,0.9324324324324325,0.421604614577871,0.6770185235051518,0.27290705339485827,0.422233554309026,0.6452573373032752,0.3540370470103035
0.08430740485643966,0.9324324324324325,0.4221289984268485,0.6772807154296405,0.27308707124010556,0.4224489795918367,0.6448319863887707,0.35456143085928093
0.08433297050089265,0.9324324324324325,0.4226533822758259,0.6775429073541291,0.2732673267326733,0.42266462480857586,0.6444066354742662,0.3550858147082583
0.08447490524060636,0.9324324324324325,0.42317776612480335,0.6778050992786179,0.27344782034346105,0.42288049029622066,0.6439812845597618,0.35561019855723575
0.08468696603454552,0.9324324324324325,0.4237021499737808,0.6780672912031066,0.2736285525446133,0.4230965763924373,0.6435559336452573,0.3561345824062132
0.08474192341320494,0.9324324324324325,0.42422653382275827,0.6783294831275953,0.27380952380952384,0.4233128834355829,0.6431305827307529,0.35665896625519067
0.08527203444386826,0.9324324324324325,0.42475091767173573,0.6785916750520841,0.2739907346128392,0.4235294117647059,0.6427052318162484,0.35718335010416813
0.08556387289234774,0.9324324324324325,0.4252753015207132,0.6788538669765728,0.27417218543046357,0.4237461617195496,0.6422798809017439,0.3577077339531456
0.08556769633076935,0.9324324324324325,0.4257996853696906,0.6791160589010615,0.27435387673956263,0.42396313364055305,0.6418545299872395,0.35823211780212305
0.0855741702735936,0.9324324324324325,0.42632406921866806,0.6793782508255503,0.27453580901856767,0.4241803278688525,0.641429179072735,0.3587565016511005
0.08557625676160292,0.9324324324324325,0.4268484530676455,0.679640442750039,0.27471798274717985,0.424397744746284,0.6410038281582305,0.359280885500078
0.08582353501785216,0.9324324324324325,0.427372836916623,0.6799026346745277,0.2749003984063745,0.42461538461538456,0.6405784772437261,0.35980526934905543
0.08586290429316865,0.9324324324324325,0.42789722076560044,0.6801648265990164,0.2750830564784053,0.4248332478193946,0.6401531263292216,0.3603296531980329
0.08589758688508649,0.9324324324324325,0.42842160461457784,0.6804270185235052,0.2752659574468085,0.42505133470225864,0.6397277754147171,0.36085403704701036
0.0859105139294851,0.9324324324324325,0.4289459884635553,0.6806892104479939,0.2754491017964072,0.4252696456086287,0.6393024245002127,0.3613784208959878
0.08618996970278846,0.9324324324324325,0.42947037231253277,0.6809514023724826,0.2756324900133156,0.42548818088386436,0.6388770735857082,0.3619028047449653
0.08620138848925762,0.9324324324324325,0.4299947561615102,0.6812135942969714,0.27581612258494337,0.425706940874036,0.6384517226712038,0.36242718859394274
0.08643130311458762,0.9324324324324325,0.4305191400104877,0.6814757862214601,0.276,0.425925925925926,0.6380263717566993,0.3629515724429202
0.08653556792546316,0.9324324324324325,0.43104352385946515,0.6817379781459488,0.276184122748499,0.42614513638703033,0.6376010208421948,0.36347595629189766
0.08654678430200326,0.9324324324324325,0.43156790770844256,0.6820001700704375,0.27636849132176233,0.4263645726055613,0.6371756699276904,0.364000340140875
0.08655288996809808,0.9324324324324325,0.43209229155742,0.6822623619949262,0.27655310621242485,0.42658423493044817,0.6367503190131859,0.3645247239898525
0.08664557871796197,0.9324324324324325,0.4326166754063975,0.6825245539194149,0.2767379679144385,0.4268041237113402,0.6363249680986814,0.36504910783882993
0.08665523802985449,0.9324324324324325,0.43314105925537494,0.6827867458439036,0.27692307692307694,0.42702423929860756,0.635899617184177,0.3655734916878074
0.0867126598808368,0.9324324324324325,0.4336654431043524,0.6830489377683924,0.27710843373493976,0.42724458204334376,0.6354742662696725,0.36609787553678486
0.08677102088217696,0.9324324324324325,0.43418982695332986,0.6833111296928811,0.2772940388479571,0.427465152297367,0.635048915355168,0.3666222593857623
0.08683244547726857,0.9324324324324325,0.43471421080230727,0.6835733216173698,0.2774798927613941,0.4276859504132231,0.6346235644406636,0.36714664323473967
0.08723098931586766,0.9324324324324325,0.4352385946512847,0.6838355135418586,0.2776659959758551,0.42790697674418604,0.6341982135261591,0.36767102708371713
0.08726120581540173,0.9324324324324325,0.4357629785002622,0.6840977054663473,0.2778523489932886,0.4281282316442606,0.6337728626116547,0.3681954109326946
0.08745934347559758,0.9324324324324325,0.43628736234923965,0.684359897390836,0.2780389523169913,0.4283497154681842,0.6333475116971502,0.36871979478167205
0.08746663831344494,0.9301801801801802,0.43628736234923965,0.68323377126471,0.2775537634408602,0.4275362318840579,0.6329221607826457,0.3664675425294198
0.08751212293512223,0.9301801801801802,0.4368117461982171,0.6834959631891987,0.2777404169468729,0.4277576385292594,0.6324968098681412,0.3669919263783973
0.08770694484705864,0.9301801801801802,0.43733613004719457,0.6837581551136874,0.2779273216689098,0.4279792746113989,0.6320714589536367,0.36751631022737474
0.08818263324320118,0.9301801801801802,0.437860513896172,0.684020347038176,0.2781144781144781,0.4282011404872991,0.6316461080391322,0.3680406940763522
0.08830374108887358,0.9301801801801802,0.43838489774514944,0.6842825389626648,0.2783018867924528,0.42842323651452285,0.6312207571246278,0.36856507792532966
0.08842305778991491,0.9279279279279279,0.43838489774514944,0.6831564128365386,0.27781523937963587,0.42760768033212243,0.6307954062101233,0.3663128256730773
0.08842383903590628,0.9279279279279279,0.4389092815941269,0.6834186047610273,0.27800269905533065,0.4278296988577362,0.6303700552956188,0.3668372095220548
0.08846267543098955,0.9279279279279279,0.43943366544310436,0.6836807966855161,0.27819041188386223,0.428051948051948,0.6299447043811144,0.36736159337103225
0.08848182213699063,0.9279279279279279,0.4399580492920818,0.6839429886100048,0.27837837837837837,0.4282744282744283,0.6295193534666099,0.3678859772200097
0.08849002140458406,0.9279279279279279,0.4404824331410593,0.6842051805344935,0.27856659905341447,0.4284971398855954,0.6290940025521055,0.36841036106898717
0.08851970701006713,0.9279279279279279,0.4410068169900367,0.6844673724589823,0.2787550744248985,0.4287200832466181,0.628668651637601,0.36893474491796463
0.08875887133976298,0.9279279279279279,0.44153120083901415,0.684729564383471,0.2789438050101557,0.4289432587194169,0.6282433007230965,0.3694591287669421
0.08881643353138635,0.9256756756756757,0.44153120083901415,0.6836034382573449,0.2784552845528455,0.428125,0.6278179498085921,0.36720687651468986
0.08891180764806474,0.9256756756756757,0.4420555846879916,0.6838656301818337,0.27864406779661016,0.42834809796769147,0.6273925988940876,0.3677312603636673
0.08912498627988584,0.9256756756756757,0.44257996853696907,0.6841278221063224,0.27883310719131615,0.4285714285714286,0.6269672479795831,0.3682556442126448
0.08922720476590273,0.9256756756756757,0.44310435238594653,0.6843900140308111,0.2790224032586558,0.4287949921752738,0.6265418970650787,0.36878002806162224
0.08925015639175712,0.9234234234234234,0.44310435238594653,0.683263887904685,0.27853260869565216,0.4279749478079332,0.6261165461505742,0.36652777580937
0.08967165256222207,0.9234234234234234,0.44362873623492394,0.6835260798291737,0.2787219578518015,0.4281984334203655,0.6256911952360698,0.36705215965834737
0.08980698761078819,0.9211711711711712,0.44362873623492394,0.6823999537030476,0.2782312925170068,0.4273772204806688,0.6252658443215653,0.36479990740609514
0.08991865551154883,0.9211711711711712,0.4441531200839014,0.6826621456275364,0.2784206943498979,0.4276006272869838,0.6248404934070608,0.3653242912550726
0.09004380595489625,0.9211711711711712,0.44467750393287886,0.6829243375520251,0.2786103542234332,0.4278242677824267,0.6244151424925564,0.36584867510405006
0.09014990478968571,0.9211711711711712,0.4452018877818563,0.6831865294765138,0.27880027266530333,0.42804814233385663,0.6239897915780519,0.3663730589530275
0.09025229888212656,0.9211711711711712,0.4457262716308338,0.6834487214010025,0.2789904502046385,0.4282722513089005,0.6235644406635474,0.366897442802005
0.09032404888010867,0.918918918918919,0.4457262716308338,0.6823225952748764,0.2784982935153584,0.42744892613933994,0.623139089749043,0.36464519054975275
0.09056550822708126,0.918918918918919,0.44625065547981124,0.6825847871993651,0.2786885245901639,0.4276729559748428,0.6227137388345385,0.3651695743987302
0.09058336479783057,0.918918918918919,0.44677503932878865,0.6828469791238538,0.278879015721121,0.42789722076560044,0.622288387920034,0.36569395824770756
0.09062779657623814,0.918918918918919,0.4472994231777661,0.6831091710483426,0.27906976744186046,0.4281217208814271,0.6218630370055296,0.366218342096685
0.0906420735807089,0.918918918918919,0.44782380702674357,0.6833713629728313,0.2792607802874743,0.4283464566929133,0.6214376860910251,0.3667427259456625
0.09066225417143824,0.918918918918919,0.44834819087572103,0.68363355489732,0.27945205479452057,0.4285714285714286,0.6210123351765207,0.36726710979463995
0.09071205630236609,0.918918918918919,0.4488725747246985,0.6838957468218088,0.2796435915010281,0.42879663688912245,0.6205869842620162,0.3677914936436174
0.09092805603846706,0.918918918918919,0.44939695857367595,0.6841579387462975,0.27983539094650206,0.4290220820189275,0.6201616333475117,0.36831587749259487
0.09099140511729091,0.918918918918919,0.44992134242265336,0.6844201306707862,0.2800274536719286,0.42924776433456074,0.6197362824330073,0.36884026134157233
0.09103933454320005,0.918918918918919,0.4504457262716308,0.684682322595275,0.2802197802197802,0.4294736842105263,0.6193109315185028,0.3693646451905498
0.09109529137183649,0.918918918918919,0.4509701101206083,0.6849445145197637,0.2804123711340206,0.4296998420221169,0.6188855806039983,0.36988902903952725
0.09133883712218291,0.918918918918919,0.45149449396958574,0.6852067064442524,0.28060522696011003,0.42992623814541614,0.6184602296894939,0.3704134128885047
0.09138412907473378,0.918918918918919,0.4520188778185632,0.6854688983687411,0.2807983482450103,0.430152872957301,0.6180348787749894,0.3709377967374822
0.09149939300997,0.918918918918919,0.45254326166754066,0.6857310902932299,0.2809917355371901,0.430379746835443,0.617609527860485,0.37146218058645963
0.09180754593959985,0.918918918918919,0.45306764551651807,0.6859932822177185,0.2811853893866299,0.4306068601583113,0.6171841769459804,0.3719865644354371
0.09183758112162611,0.918918918918919,0.45359202936549553,0.6862554741422072,0.2813793103448276,0.43083421330517424,0.6167588260314759,0.37251094828441456
0.09191783309663122,0.918918918918919,0.454116413214473,0.686517666066696,0.2815734989648033,0.4310618066561014,0.6163334751169715,0.373035332133392
0.09195686235073798,0.918918918918919,0.45464079706345045,0.6867798579911847,0.281767955801105,0.4312896405919662,0.615908124202467,0.3735597159823695
0.09219112619648309,0.918918918918919,0.4551651809124279,0.6870420499156734,0.2819626814098134,0.4315177154944474,0.6154827732879625,0.37408409983134694
0.09229679127776487,0.918918918918919,0.4556895647614054,0.6873042418401621,0.2821576763485477,0.43174603174603177,0.6150574223734581,0.3746084836803244
0.09237446220632828,0.918918918918919,0.4562139486103828,0.6875664337646509,0.2823529411764706,0.4319745897300159,0.6146320714589536,0.37513286752930175
0.09262655417064707,0.918918918918919,0.45673833245936024,0.6878286256891396,0.28254847645429365,0.43220338983050843,0.6142067205444491,0.3756572513782792
0.09266030959633549,0.918918918918919,0.4572627163083377,0.6880908176136283,0.28274428274428276,0.4324324324324325,0.6137813696299447,0.37618163522725667
0.09269670741817823,0.918918918918919,0.45778710015731516,0.6883530095381171,0.2829403606102635,0.432661717921527,0.6133560187154402,0.37670601907623413
0.09297186254572687,0.918918918918919,0.4583114840062926,0.6886152014626058,0.28313671061762663,0.4328912466843501,0.6129306678009357,0.3772304029252116
0.09301780264744372,0.918918918918919,0.4588358678552701,0.6888773933870945,0.2833333333333333,0.43312101910828027,0.6125053168864313,0.37775478677418906
0.093127986661025,0.918918918918919,0.4593602517042475,0.6891395853115833,0.28353022932592076,0.4333510355815189,0.6120799659719268,0.3782791706231664
0.09333887832456875,0.918918918918919,0.45988463555322495,0.689401777236072,0.28372739916550765,0.4335812964930924,0.6116546150574224,0.37880355447214387
0.09343010217064512,0.918918918918919,0.4604090194022024,0.6896639691605607,0.2839248434237996,0.4338118022328548,0.6112292641429179,0.3793279383211213
0.09348064968062925,0.918918918918919,0.4609334032511799,0.6899261610850494,0.2841225626740947,0.4340425531914893,0.6108039132284134,0.3798523221700988
0.09351423797716678,0.918918918918919,0.46145778710015734,0.6901883530095382,0.2843205574912892,0.43427354976051097,0.610378562313909,0.38037670601907625
0.0935636586008696,0.918918918918919,0.46198217094913474,0.6904505449340268,0.28451882845188287,0.4345047923322684,0.6099532113994045,0.3809010898680537
0.09359726677259712,0.918918918918919,0.4625065547981122,0.6907127368585155,0.2847173761339846,0.4347362812999467,0.6095278604849,0.38142547371703117
0.09378206077883652,0.918918918918919,0.46303093864708966,0.6909749287830043,0.2849162011173184,0.43496801705756927,0.6091025095703956,0.38194985756600863
0.09447249830454663,0.918918918918919,0.4635553224960671,0.691237120707493,0.2851153039832285,0.4351999999999999,0.6086771586558911,0.3824742414149861
0.0947860236691757,0.918918918918919,0.4640797063450446,0.6914993126319817,0.2853146853146853,0.43543223052294555,0.6082518077413867,0.38299862526396355
0.09524927301897396,0.918918918918919,0.46460409019402205,0.6917615045564705,0.28551434569629114,0.43566470902295784,0.6078264568268822,0.383523009112941
0.095256399363021,0.918918918918919,0.46512847404299945,0.6920236964809592,0.2857142857142857,0.43589743589743585,0.6074011059123777,0.3840473929619185
0.09544489982187876,0.918918918918919,0.4656528578919769,0.6922858884054479,0.2859145059565522,0.43613041154462856,0.6069757549978733,0.38457177681089594
0.09569597715476863,0.918918918918919,0.4661772417409544,0.6925480803299366,0.2861150070126227,0.43636363636363634,0.6065504040833688,0.3850961606598734
0.09597928573655407,0.918918918918919,0.46670162558993183,0.6928102722544254,0.2863157894736842,0.4365971107544141,0.6061250531688643,0.38562054450885086
0.09610693768809214,0.918918918918919,0.4672260094389093,0.6930724641789141,0.28651685393258425,0.43683083511777293,0.6056997022543599,0.3861449283578283
0.09614458091779542,0.918918918918919,0.46775039328788676,0.6933346561034028,0.286718200983837,0.437064809855383,0.6052743513398554,0.3866693122068058
0.09627063709961398,0.918918918918919,0.46827477713686416,0.6935968480278916,0.2869198312236287,0.437299035369775,0.604849000425351,0.38719369605578313
0.09627992252048156,0.918918918918919,0.4687991609858416,0.6938590399523803,0.2871217452498241,0.4375335120643432,0.6044236495108465,0.3877180799047606
0.09645818980660321,0.918918918918919,0.4693235448348191,0.694121231876869,0.28732394366197184,0.43776824034334766,0.603998298596342,0.38824246375373805
0.09650077997128513,0.9166666666666666,0.4693235448348191,0.6929951057507429,0.2868217054263566,0.43692968330649495,0.6035729476818376,0.3859902115014857
0.09661491085313258,0.9166666666666666,0.46984792868379655,0.6932572976752316,0.28702397743300423,0.43716433941997856,0.6031475967673331,0.3865145953504632
0.09662737078025804,0.9166666666666666,0.470372312532774,0.6935194895997203,0.28722653493295697,0.4373992477162816,0.6027222458528286,0.38703897919944064
0.0966451717164333,0.9166666666666666,0.47089669638175147,0.693781681524209,0.2874293785310734,0.4376344086021505,0.6022968949383242,0.3875633630484181
0.09665587551402137,0.9166666666666666,0.4714210802307289,0.6940438734486978,0.2876325088339223,0.43786982248520706,0.6018715440238197,0.38808774689739545
0.09668814103374913,0.9166666666666666,0.47194546407970633,0.6943060653731865,0.28783592644978784,0.43810548977395053,0.6014461931093151,0.3886121307463729
0.09693827016497826,0.9166666666666666,0.4724698479286838,0.6945682572976752,0.28803963198867655,0.43834141087775985,0.6010208421948107,0.38913651459535037
0.09719533574386204,0.9144144144144144,0.4724698479286838,0.6934421311715491,0.28753541076487255,0.4375,0.6005954912803062,0.38688426234309814
0.09732004001258154,0.9144144144144144,0.47299423177766126,0.6937043230960378,0.2877391920623671,0.43773584905660373,0.6001701403658017,0.3874086461920756
0.09752678368940461,0.9144144144144144,0.4735186156266387,0.6939665150205265,0.28794326241134754,0.4379719525350594,0.5997447894512973,0.38793303004105306
0.0976240006152879,0.9144144144144144,0.4740429994756162,0.6942287069450153,0.2881476224272534,0.43820831084727463,0.5993194385367928,0.3884574138900305
0.09790078542354995,0.9144144144144144,0.4745673833245936,0.694490898869504,0.2883522727272727,0.43844492440604743,0.5988940876222884,0.388981797739008
0.09801731363771995,0.9144144144144144,0.47509176717357104,0.6947530907939927,0.2885572139303483,0.4386817936250676,0.5984687367077839,0.38950618158798544
0.09814248253833337,0.9144144144144144,0.4756161510225485,0.6950152827184815,0.2887624466571835,0.4389189189189189,0.5980433857932794,0.3900305654369629
0.09820240092476651,0.9144144144144144,0.47614053487152597,0.6952774746429702,0.2889679715302491,0.4391563007030827,0.597618034878775,0.39055494928594037
0.09822032971891541,0.9144144144144144,0.4766649187205034,0.6955396665674589,0.28917378917378916,0.43939393939393945,0.5971926839642705,0.39107933313491783
0.09836537983518989,0.9121621621621622,0.4766649187205034,0.6944135404413327,0.2886671418389166,0.4385489983757445,0.596767333049766,0.3888270808826656
0.0984409150715675,0.9121621621621622,0.47718930256948083,0.6946757323658215,0.2888730385164051,0.4387865655471289,0.5963419821352616,0.38935146473164306
0.09852048682459408,0.9121621621621622,0.4777136864184583,0.6949379242903102,0.2890792291220557,0.43902439024390244,0.5959166312207571,0.3898758485806205
0.0985814063875906,0.9121621621621622,0.47823807026743576,0.6952001162147989,0.2892857142857143,0.4392624728850326,0.5954912803062526,0.390400232429598
0.09861516236936035,0.9121621621621622,0.4787624541164132,0.6954623081392877,0.2894924946390279,0.439500813890396,0.5950659293917482,0.39092461627857544
0.09873587847883744,0.9121621621621622,0.4792868379653907,0.6957245000637764,0.28969957081545067,0.4397394136807818,0.5946405784772437,0.3914490001275529
0.09891890414550404,0.9121621621621622,0.47981122181436814,0.6959866919882651,0.28990694345025053,0.4399782726778924,0.5942152275627393,0.39197338397653037
0.09909990469196886,0.9121621621621622,0.48033560566334554,0.6962488839127539,0.29011461318051573,0.4402173913043477,0.5937898766482348,0.3924977678255077
0.09912246815637861,0.9121621621621622,0.480859989512323,0.6965110758372426,0.2903225806451613,0.4404567699836868,0.5933645257337303,0.3930221516744852
0.0992166125333327,0.9121621621621622,0.48138437336130047,0.6967732677617313,0.29053084648493543,0.4406964091403699,0.5929391748192259,0.39354653552346264
0.09941544010444658,0.9121621621621622,0.4819087572102779,0.69703545968622,0.2907394113424264,0.44093630919978233,0.5925138239047214,0.3940709193724401
0.09952809182893435,0.9121621621621622,0.4824331410592554,0.6972976516107088,0.29094827586206895,0.4411764705882353,0.5920884729902169,0.39459530322141756
0.09967914223299959,0.9121621621621622,0.48295752490823285,0.6975598435351975,0.291157440690151,0.44141689373297,0.5916631220757125,0.395119687070395
0.09974256945908047,0.9121621621621622,0.48348190875721025,0.6978220354596862,0.29136690647482016,0.44165757906215924,0.591237771161208,0.39564407091937237
0.09983679301732298,0.9121621621621622,0.4840062926061877,0.698084227384175,0.2915766738660907,0.44189852700491006,0.5908124202467036,0.39616845476834983
0.100012174015397,0.9121621621621622,0.4845306764551652,0.6983464193086637,0.29178674351585016,0.44213973799126643,0.5903870693321991,0.3966928386173273
0.10002786550720555,0.9121621621621622,0.48505506030414264,0.6986086112331524,0.2919971160778659,0.4423812124522119,0.5899617184176946,0.39721722246630475
0.10020181827857691,0.9121621621621622,0.4855794441531201,0.6988708031576412,0.2922077922077922,0.4426229508196721,0.5895363675031902,0.3977416063152822
0.10031235541225056,0.9121621621621622,0.48610382800209756,0.6991329950821299,0.2924187725631769,0.4428649535265172,0.5891110165886857,0.3982659901642597
0.10035620588130785,0.9121621621621622,0.48662821185107497,0.6993951870066186,0.29263005780346824,0.4431072210065646,0.5886856656741812,0.39879037401323714
0.10048819592870635,0.9121621621621622,0.4871525957000524,0.6996573789311074,0.2928416485900217,0.44334975369458135,0.5882603147596768,0.3993147578622146
0.10061920170333395,0.9121621621621622,0.4876769795490299,0.6999195708555961,0.2930535455861071,0.44359255202628695,0.5878349638451723,0.39983914171119206
0.10062231588561546,0.9121621621621622,0.48820136339800735,0.7001817627800848,0.2932657494569153,0.44383561643835623,0.5874096129306678,0.4003635255601695
0.10063207614661268,0.9121621621621622,0.4887257472469848,0.7004439547045735,0.29347826086956524,0.444078947368421,0.5869842620161634,0.400887909409147
0.10098126607403682,0.9121621621621622,0.48925013109596227,0.7007061466290623,0.29369108049311093,0.44432254525507403,0.5865589111016589,0.40141229325812444
0.10102162789198073,0.9121621621621622,0.4897745149449397,0.7009683385535509,0.29390420899854863,0.44456641053787044,0.5861335601871545,0.4019366771071019
0.10107015232336333,0.9121621621621622,0.49029889879391714,0.7012305304780396,0.29411764705882354,0.4448105436573312,0.5857082092726499,0.40246106095607936
0.10109717066751767,0.9121621621621622,0.4908232826428946,0.7014927224025284,0.29433139534883723,0.4450549450549451,0.5852828583581454,0.4029854448050568
0.10110594709921063,0.9099099099099099,0.4908232826428946,0.7003665962764023,0.2938181818181818,0.4442001099505223,0.584857507443641,0.4007331925528046
0.10114394200081891,0.9099099099099099,0.49134766649187206,0.700628788200891,0.2940320232896652,0.4444444444444445,0.5844321565291365,0.40125757640178206
0.10117878432208936,0.9076576576576577,0.49134766649187206,0.6995026620747649,0.29351784413692644,0.44358833241607043,0.584006805614632,0.3990053241495298
0.10139788321546665,0.9076576576576577,0.4918720503408495,0.6997648539992536,0.29373177842565595,0.4438325991189427,0.5835814547001276,0.3995297079985073
0.10154246971484948,0.9076576576576577,0.4923964341898269,0.7000270459237423,0.2939460247994165,0.444077134986226,0.5831561037856231,0.40005409184748464
0.10158923752508572,0.9076576576576577,0.4929208180388044,0.700289237848231,0.2941605839416058,0.444321940463065,0.5827307528711186,0.4005784756964621
0.10159668691662323,0.9076576576576577,0.49344520188778185,0.7005514297727198,0.2943754565376187,0.44456701599558746,0.5823054019566142,0.40110285954543956
0.10166356479050637,0.9076576576576577,0.4939695857367593,0.7008136216972085,0.2945906432748538,0.444812362030905,0.5818800510421097,0.401627243394417
0.10167666589429784,0.9076576576576577,0.49449396958573677,0.7010758136216972,0.2948061448427213,0.4450579790171177,0.5814547001276053,0.4021516272433945
0.10169766659548918,0.9076576576576577,0.49501835343471423,0.701338005546186,0.29502196193265007,0.4453038674033149,0.5810293492131008,0.40267601109237194
0.10209540090285663,0.9076576576576577,0.49554273728369164,0.7016001974706747,0.29523809523809524,0.44555002763957985,0.5806039982985963,0.4032003949413493
0.10210968455542016,0.9054054054054054,0.49554273728369164,0.7004740713445485,0.29472140762463345,0.44469026548672563,0.5801786473840919,0.40094814268909695
0.10232936142637503,0.9054054054054054,0.4960671211326691,0.7007362632690373,0.2949376375641966,0.4449363586054233,0.5797532964695874,0.4014725265380744
0.10248786264343453,0.9054054054054054,0.49659150498164656,0.700998455193526,0.29515418502202645,0.4451827242524917,0.5793279455550829,0.4019969103870519
0.10282765099244343,0.9054054054054054,0.497115888830624,0.7012606471180147,0.29537105069801617,0.44542936288088647,0.5789025946405785,0.40252129423602934
0.10288391523709985,0.9054054054054054,0.4976402726796015,0.7015228390425035,0.29558823529411765,0.44567627494456763,0.578477243726074,0.4030456780850068
0.10291986098972893,0.9054054054054054,0.49816465652857894,0.7017850309669922,0.2958057395143488,0.44592346089850243,0.5780518928115695,0.40357006193398426
0.10306831099180407,0.9054054054054054,0.49868904037755635,0.7020472228914809,0.2960235640648012,0.4461709211986682,0.5776265418970651,0.4040944457829617
0.10317446005529038,0.9054054054054054,0.4992134242265338,0.7023094148159696,0.29624170965364777,0.4464186563020544,0.5772011909825606,0.4046188296319392
0.10324490953090598,0.9054054054054054,0.49973780807551127,0.7025716067404584,0.29646017699115046,0.44666666666666666,0.5767758400680562,0.40514321348091664
0.10326310660362031,0.9031531531531531,0.49973780807551127,0.7014454806143322,0.2959409594095941,0.4458032240133407,0.5763504891535517,0.4028909612286644
0.10327638138143336,0.9031531531531531,0.5002621919244887,0.7017076725388209,0.2961595273264402,0.44605116796440486,0.5759251382390472,0.4034153450776419
0.10331925141485958,0.9031531531531531,0.5007865757734662,0.7019698644633097,0.29637841832963785,0.44629938786867,0.5754997873245428,0.40393972892661933
0.10336658704749668,0.9031531531531531,0.5013109596224437,0.7022320563877984,0.29659763313609466,0.44654788418708236,0.5750744364100383,0.4044641127755968
0.10337742650445331,0.9031531531531531,0.5018353434714211,0.7024942483122871,0.29681717246484085,0.4467966573816156,0.5746490854955338,0.40498849662457426
0.10338221076076834,0.9031531531531531,0.5023597273203986,0.7027564402367759,0.29703703703703704,0.44704570791527315,0.5742237345810294,0.4055128804735517
0.10351560245808651,0.9031531531531531,0.502884111169376,0.7030186321612646,0.2972572275759822,0.44729503625209155,0.5737983836665249,0.4060372643225292
0.10359806424605844,0.9031531531531531,0.5034084950183534,0.7032808240857533,0.29747774480712164,0.4475446428571428,0.5733730327520205,0.40656164817150653
0.10388063244639324,0.9031531531531531,0.5039328788673308,0.703543016010242,0.29769858945805494,0.44779452819653826,0.572947681837516,0.407086032020484
0.10392992503066598,0.9031531531531531,0.5044572627163083,0.7038052079347308,0.29791976225854383,0.44804469273743014,0.5725223309230115,0.40761041586946145
0.1041950350397641,0.9031531531531531,0.5049816465652858,0.7040673998592195,0.29814126394052043,0.4482951369480156,0.5720969800085071,0.4081347997184389
0.10421816549175811,0.9009009009009009,0.5049816465652858,0.7029412737330933,0.2976190476190476,0.44742729306487694,0.5716716290940026,0.4058825474661867
0.10426413517666566,0.9009009009009009,0.5055060304142632,0.7032034656575821,0.29784065524944153,0.4476776720761052,0.5712462781794981,0.40640693131516414
0.10429445915362494,0.9009009009009009,0.5060304142632407,0.7034656575820708,0.29806259314456035,0.4479283314669653,0.5708209272649937,0.4069313151641416
0.10449447987742279,0.9009009009009009,0.5065547981122182,0.7037278495065595,0.29828486204325133,0.4481792717086835,0.5703955763504892,0.40745569901311907
0.10480920422524787,0.9009009009009009,0.5070791819611956,0.7039900414310483,0.29850746268656714,0.4484304932735425,0.5699702254359846,0.4079800828620965
0.10495871227937309,0.8986486486486487,0.5070791819611956,0.7028639153049221,0.29798356982823004,0.4475602916432978,0.5695448745214802,0.4057278306098443
0.10522627304910336,0.8986486486486487,0.5076035658101731,0.7031261072294108,0.2982062780269058,0.4478114478114477,0.5691195236069757,0.40625221445882176
0.10528764841566561,0.8963963963963963,0.5076035658101731,0.7019999811032847,0.29768137621540763,0.4469399213924762,0.5686941726924712,0.4039999622065694
0.10539399987695695,0.8963963963963963,0.5081279496591505,0.7022621730277734,0.29790419161676646,0.447191011235955,0.5682688217779668,0.4045243460555469
0.10542334881617227,0.8963963963963963,0.508652333508128,0.7025243649522621,0.29812734082397,0.447442383361439,0.5678434708634623,0.40504872990452434
0.10554487951137616,0.8963963963963963,0.5091767173571053,0.7027865568767508,0.2983508245877061,0.44769403824521925,0.5674181199489579,0.4055731137535017
0.10559490263575073,0.8941441441441441,0.5091767173571053,0.7016604307506247,0.2978244561140285,0.44682048396173324,0.5669927690344534,0.40332086150124946
0.10579610944477413,0.8941441441441441,0.5097011012060828,0.7019226226751134,0.2980480480480481,0.44707207207207206,0.5665674181199489,0.4038452453502269
0.10585611388071746,0.8941441441441441,0.5102254850550603,0.7021848145996021,0.29827197595792637,0.4473239436619718,0.5661420672054445,0.4043696291992044
0.1059744713498292,0.8941441441441441,0.5107498689040377,0.7024470065240909,0.29849624060150376,0.447576099210823,0.56571671629094,0.40489401304818184
0.10600100546926952,0.8941441441441441,0.5112742527530152,0.7027091984485796,0.2987208427389014,0.44782853919909754,0.5652913653764355,0.4054183968971593
0.10603594917554555,0.8941441441441441,0.5117986366019927,0.7029713903730683,0.2989457831325301,0.44808126410835214,0.5648660144619311,0.40594278074613677
0.10605069591791762,0.8941441441441441,0.5123230204509701,0.7032335822975571,0.29917106254709874,0.4483342744212309,0.5644406635474266,0.4064671645951142
0.1061339504052396,0.8941441441441441,0.5128474042999476,0.7034957742220458,0.2993966817496229,0.4485875706214689,0.5640153126329222,0.4069915484440917
0.1061362401984832,0.8941441441441441,0.513371788148925,0.7037579661465345,0.29962264150943396,0.4488411531938949,0.5635899617184177,0.40751593229306915
0.10632849038455741,0.8941441441441441,0.5138961719979025,0.7040201580710232,0.2998489425981873,0.4490950226244344,0.5631646108039132,0.4080403161420466
0.10635055400996479,0.8941441441441441,0.51442055584688,0.704282349995512,0.3000755857898715,0.44934917940011315,0.5627392598894088,0.40856469999102407
0.10646485208463105,0.8941441441441441,0.5149449396958574,0.7045445419200007,0.30030257186081694,0.44960362400906,0.5623139089749043,0.40908908384000153
0.10649532363514844,0.8941441441441441,0.5154693235448348,0.7048067338444894,0.3005299015897048,0.4498583569405099,0.5618885580603998,0.4096134676889789
0.10663676158686293,0.8941441441441441,0.5159937073938122,0.7050689257689782,0.3007575757575758,0.4501133786848074,0.5614632071458954,0.41013785153795634
0.10673866047578179,0.8941441441441441,0.5165180912427897,0.7053311176934669,0.3009855951478393,0.450368689733409,0.5610378562313909,0.4106622353869338
0.10679357031130832,0.8941441441441441,0.5170424750917672,0.7055933096179556,0.30121396054628224,0.45062429057888764,0.5606125053168864,0.41118661923591127
0.10680091960474011,0.8941441441441441,0.5175668589407446,0.7058555015424444,0.3014426727410782,0.45088018171493466,0.560187154402382,0.4117110030848887
0.10689119766882389,0.8941441441441441,0.5180912427897221,0.7061176934669331,0.30167173252279633,0.45113636363636367,0.5597618034878775,0.4122353869338662
0.10705031383311614,0.8918918918918919,0.5180912427897221,0.7049915673408069,0.3011406844106464,0.45025582717453105,0.559336452573373,0.40998313468161396
0.10707396217423888,0.8896396396396397,0.5180912427897221,0.7038654412146809,0.3006088280060883,0.44937428896473264,0.5589111016588686,0.40773088242936173
0.10712549188436547,0.8896396396396397,0.5186156266386995,0.7041276331391696,0.3008377760853008,0.4496300512236767,0.5584857507443641,0.4082552662783392
0.10712859299109977,0.8896396396396397,0.519140010487677,0.7043898250636583,0.3010670731707317,0.44988610478359903,0.5580603998298597,0.40877965012731665
0.1071792195549851,0.8896396396396397,0.5196643943366545,0.7046520169881471,0.3012967200610221,0.45014245014245013,0.5576350489153552,0.4093040339762941
0.10744827211937692,0.8896396396396397,0.5201887781856319,0.7049142089126358,0.3015267175572519,0.4503990877993159,0.5572096980008507,0.4098284178252716
0.1079438562779126,0.8896396396396397,0.5207131620346094,0.7051764008371245,0.3017570664629488,0.450656018254421,0.5567843470863463,0.41035280167424903
0.10799969486246257,0.8896396396396397,0.5212375458835868,0.7054385927616132,0.30198776758409784,0.45091324200913246,0.5563589961718418,0.4108771855232265
0.10838279085935364,0.8896396396396397,0.5217619297325642,0.7057007846861019,0.3022188217291507,0.4511707595659623,0.5559336452573373,0.41140156937220385
0.10869555878459823,0.8896396396396397,0.5222863135815417,0.7059629766105906,0.30245022970903523,0.45142857142857146,0.5555082943428329,0.4119259532211813
0.10893280216741989,0.8896396396396397,0.5228106974305191,0.7062251685350793,0.30268199233716475,0.45168667810177243,0.5550829434283284,0.41245033707015877
0.10899240453787855,0.8896396396396397,0.5233350812794966,0.7064873604595681,0.3029141104294479,0.4519450800915332,0.5546575925138238,0.41297472091913623
0.10912943998526727,0.8896396396396397,0.523859465128474,0.7067495523840568,0.3031465848042978,0.45220377790498,0.5542322415993194,0.4134991047681137
0.10924809025710978,0.8896396396396397,0.5243838489774515,0.7070117443085455,0.3033794162826421,0.4524627720504009,0.5538068906848149,0.41402348861709115
0.10968504769674908,0.8896396396396397,0.524908232826429,0.7072739362330343,0.30361260568793236,0.45272206303724927,0.5533815397703105,0.4145478724660686
0.10971961286521863,0.8896396396396397,0.5254326166754064,0.707536128157523,0.3038461538461538,0.4529816513761468,0.552956188855806,0.4150722563150461
0.11021792522098524,0.8896396396396397,0.5259570005243839,0.7077983200820117,0.3040800615858353,0.45324153757888697,0.5525308379413015,0.41559664016402353
0.11030733956607953,0.8896396396396397,0.5264813843733613,0.7080605120065004,0.30431432973805855,0.4535017221584386,0.5521054870267971,0.416121024013001
0.11044266197419436,0.8896396396396397,0.5270057682223388,0.7083227039309892,0.3045489591364688,0.4537622056289489,0.5516801361122926,0.41664540786197846
0.1104588959660644,0.8896396396396397,0.5275301520713161,0.7085848958554779,0.30478395061728397,0.4540229885057472,0.5512547851977881,0.4171697917109558
0.11047787424311602,0.8896396396396397,0.5280545359202936,0.7088470877799666,0.305019305019305,0.4542840713053479,0.5508294342832837,0.41769417555993327
0.11048613868239812,0.8896396396396397,0.5285789197692711,0.7091092797044554,0.30525502318392583,0.4545454545454546,0.5504040833687792,0.41821855940891073
0.11072086808136354,0.8896396396396397,0.5291033036182485,0.7093714716289441,0.30549110595514306,0.45480713874496265,0.5499787324542748,0.4187429432578882
0.11078822959564354,0.8896396396396397,0.529627687467226,0.7096336635534328,0.30572755417956654,0.45506912442396313,0.5495533815397703,0.41926732710686565
0.11081639347842345,0.8896396396396397,0.5301520713162035,0.7098958554779216,0.3059643687064291,0.4553314121037464,0.5491280306252658,0.4197917109558431
0.11086023259203119,0.8873873873873874,0.5301520713162035,0.7087697293517954,0.3054263565891473,0.45444059976931955,0.5487026797107614,0.4175394587035909
0.1108856575463153,0.8851351351351351,0.5301520713162035,0.7076436032256692,0.3048875096974399,0.4535487593768032,0.5482773287962569,0.41528720645133854
0.11090113891569622,0.8851351351351351,0.5306764551651809,0.707905795150158,0.3051242236024845,0.453810623556582,0.5478519778817524,0.415811590300316
0.1109466960069328,0.8851351351351351,0.5312008390141584,0.7081679870746467,0.30536130536130535,0.4540727902946274,0.547426626967248,0.41633597414929346
0.11120861067931863,0.8851351351351351,0.5317252228631358,0.7084301789991354,0.3055987558320373,0.45433526011560693,0.5470012760527435,0.4168603579982709
0.11126562192900073,0.8851351351351351,0.5322496067121133,0.7086923709236241,0.3058365758754864,0.45459803354540196,0.546575925138239,0.4173847418472484
0.11134243848612425,0.8851351351351351,0.5327739905610908,0.7089545628481129,0.3060747663551402,0.4548611111111111,0.5461505742237346,0.41790912569622585
0.11174108813945786,0.8851351351351351,0.5332983744100682,0.7092167547726016,0.3063133281371785,0.4551244933410538,0.5457252233092301,0.4184335095452033
0.11180112215584226,0.8851351351351351,0.5338227582590456,0.7094789466970903,0.30655226209048364,0.45538818076477405,0.5452998723947257,0.41895789339418066
0.11185553291797763,0.8851351351351351,0.534347142108023,0.7097411386215791,0.30679156908665106,0.4556521739130434,0.5448745214802212,0.4194822772431581
0.11199609310849765,0.8828828828828829,0.534347142108023,0.7086150124954529,0.30625,0.4547563805104408,0.5444491705657167,0.4172300249909059
0.11199886788346664,0.8828828828828829,0.5348715259570005,0.7088772044199416,0.3064894448788116,0.45502031340684856,0.5440238196512123,0.41775440883988335
0.11229016450173142,0.8806306306306306,0.5348715259570005,0.7077510782938156,0.3059467918622848,0.45412311265969796,0.5435984687367078,0.4155021565876311
0.11234262300239765,0.8806306306306306,0.535395909805978,0.7080132702183043,0.30618637431480034,0.45438698431144686,0.5431731178222033,0.4160265404366086
0.11236648040049993,0.8806306306306306,0.5359202936549554,0.708275462142793,0.30642633228840127,0.45465116279069767,0.5427477669076989,0.41655092428558604
0.11244881877417237,0.8806306306306306,0.5364446775039329,0.7085376540672818,0.30666666666666664,0.4549156486329261,0.5423224159931944,0.4170753081345635
0.11285469983829807,0.8806306306306306,0.5369690613529103,0.7087998459917705,0.3069073783359498,0.4551804423748545,0.54189706507869,0.41759969198354097
0.11292198959529083,0.8806306306306306,0.5374934452018878,0.7090620379162592,0.3071484681853888,0.4554455445544554,0.5414717141641855,0.4181240758325184
0.11292569987768525,0.8806306306306306,0.5380178290508653,0.7093242298407479,0.30738993710691825,0.4557109557109557,0.541046363249681,0.4186484596814959
0.11312428055092592,0.8806306306306306,0.5385422128998427,0.7095864217652367,0.3076317859952793,0.4559766763848397,0.5406210123351766,0.41917284353047335
0.11320921876280728,0.8806306306306306,0.5390665967488202,0.7098486136897254,0.30787401574803147,0.45624270711785286,0.5401956614206721,0.4196972273794508
0.11334298183357343,0.8806306306306306,0.5395909805977976,0.7101108056142141,0.30811662726556344,0.45650904845300644,0.5397703105061676,0.42022161122842827
0.11341846995303666,0.8806306306306306,0.540115364446775,0.7103729975387028,0.3083596214511041,0.4567757009345794,0.5393449595916632,0.4207459950774056
0.11347821403076068,0.8806306306306306,0.5406397482957525,0.7106351894631915,0.30860299921073403,0.4570426651081239,0.5389196086771586,0.4212703789263831
0.1134972320970941,0.8806306306306306,0.5411641321447299,0.7108973813876802,0.3088467614533965,0.45730994152046783,0.5384942577626541,0.42179476277536054
0.1137012144783399,0.8783783783783784,0.5411641321447299,0.7097712552615542,0.308300395256917,0.45640725570509066,0.5380689068481497,0.4195425105231083
0.11371002995975307,0.8761261261261262,0.5411641321447299,0.7086451291354281,0.307753164556962,0.45550351288056207,0.5376435559336452,0.4172902582708561
0.11372438567191563,0.8761261261261262,0.5416885159937074,0.7089073210599168,0.3079968329374505,0.45577035735207966,0.5372182050191407,0.41781464211983355
0.11383358625189109,0.8738738738738738,0.5416885159937074,0.7077811949337907,0.3074484944532488,0.45486518171160606,0.5367928541046363,0.4155623898675812
0.11410961107025212,0.8738738738738738,0.5422128998426848,0.7080433868582794,0.3076923076923077,0.4551319648093841,0.5363675031901318,0.41608677371655867
0.11416116688993304,0.8738738738738738,0.5427372836916623,0.7083055787827681,0.30793650793650795,0.4553990610328638,0.5359421522756274,0.4166111575655361
0.11420112780949837,0.8738738738738738,0.5432616675406398,0.7085677707072568,0.30818109610802225,0.4556664709336465,0.5355168013611229,0.4171355414145136
0.11420752733953907,0.8738738738738738,0.5437860513896172,0.7088299626317456,0.30842607313195547,0.45593419506462984,0.5350914504466184,0.41765992526349105
0.11478478009489085,0.8738738738738738,0.5443104352385947,0.7090921545562343,0.30867143993635643,0.45620223398001175,0.534666099532114,0.4181843091124685
0.11486857948592703,0.8738738738738738,0.5448348190875721,0.709354346480723,0.3089171974522293,0.4564705882352941,0.5342407486176095,0.41870869296144597
0.11487808484853371,0.8738738738738738,0.5453592029365496,0.7096165384052118,0.30916334661354583,0.4567392583872867,0.533815397703105,0.41923307681042343
0.11487830365365591,0.8738738738738738,0.545883586785527,0.7098787303297004,0.3094098883572568,0.4570082449941108,0.5333900467886006,0.4197574606594008
0.11492844254030116,0.8738738738738738,0.5464079706345044,0.7101409222541891,0.30965682362330404,0.4572775486152032,0.5329646958740961,0.42028184450837824
0.11528181838135526,0.8738738738738738,0.5469323544834819,0.7104031141786779,0.30990415335463256,0.4575471698113207,0.5325393449595917,0.4208062283573557
0.11528842930499984,0.8738738738738738,0.5474567383324593,0.7106653061031666,0.3101518784972022,0.4578171091445428,0.5321139940450872,0.42133061220633317
0.11529642930716104,0.8738738738738738,0.5479811221814368,0.7109274980276553,0.3104,0.45808736717827625,0.5316886431305827,0.4218549960553106
0.11531333229388613,0.8738738738738738,0.5485055060304143,0.711189689952144,0.31064851881505207,0.45835794447725936,0.5312632922160783,0.4223793799042881
0.1155683416473696,0.8738738738738738,0.5490298898793917,0.7114518818766328,0.3108974358974359,0.45862884160756495,0.5308379413015738,0.42290376375326555
0.1157792048200771,0.8738738738738738,0.5495542737283692,0.7117140738011215,0.3111467522052927,0.45890005913660553,0.5304125903870693,0.423428147602243
0.11582718574477087,0.8738738738738738,0.5500786575773466,0.7119762657256102,0.3113964686998395,0.4591715976331361,0.5299872394725649,0.42395253145122047
0.11606901422499008,0.8716216216216216,0.5500786575773466,0.7108501395994842,0.3108433734939759,0.458259325044405,0.5295618885580604,0.42170027919896824
0.11611387158444855,0.8716216216216216,0.5506030414263241,0.7111123315239729,0.31109324758842444,0.4585308056872038,0.529136537643556,0.4222246630479457
0.11626407274960865,0.8716216216216216,0.5511274252753016,0.7113745234484616,0.31134352373290425,0.4588026081802015,0.5287111867290515,0.42274904689692316
0.1164956972438134,0.8716216216216216,0.551651809124279,0.7116367153729504,0.3115942028985507,0.45907473309608543,0.528285835814547,0.4232734307459006
0.11659888157055828,0.8716216216216216,0.5521761929732564,0.711898907297439,0.31184528605962936,0.45934718100890215,0.5278604849000426,0.423797814594878
0.11667090825924849,0.8693693693693694,0.5521761929732564,0.7107727811713129,0.31129032258064515,0.4584323040380048,0.5274351339855381,0.42154556234262575
0.1166724119477599,0.8693693693693694,0.5527005768222338,0.7110349730958017,0.3115415657788539,0.45870469399881164,0.5270097830710336,0.4220699461916032
0.11671617569173062,0.8693693693693694,0.5532249606712113,0.7112971650202904,0.31179321486268174,0.45897740784780017,0.5265844321565292,0.42259433004058067
0.11674155306496822,0.8693693693693694,0.5537493445201888,0.7115593569447791,0.3120452708164915,0.4592504461629982,0.5261590812420247,0.42311871388955813
0.11677029340643501,0.8693693693693694,0.5542737283691662,0.7118215488692679,0.3122977346278317,0.45952380952380956,0.5257337303275202,0.4236430977385356
0.11683685411071862,0.8671171171171171,0.5542737283691662,0.7106954227431417,0.3117408906882591,0.4586063132817153,0.5253083794130158,0.42139084548628336
0.11707694270091956,0.8648648648648649,0.5542737283691662,0.7095692966170155,0.31118314424635335,0.4576877234803338,0.5248830284985113,0.41913859323403113
0.11797666568295237,0.8648648648648649,0.5547981122181437,0.7098314885415042,0.31143552311435524,0.45796064400715564,0.5244576775840069,0.4196629770830086
0.11805888168807567,0.8648648648648649,0.5553224960671211,0.710093680465993,0.3116883116883117,0.4582338902147971,0.5240323266695024,0.42018736093198605
0.1180931973616153,0.8626126126126126,0.5553224960671211,0.7089675543398668,0.31112916328188467,0.45731343283582093,0.5236069757549979,0.4179351086797337
0.11821232076810392,0.8603603603603603,0.5553224960671211,0.7078414282137407,0.3105691056910569,0.45639187574671447,0.5231816248404934,0.4156828564274815
0.11828118500055143,0.8603603603603603,0.5558468799160986,0.7081036201382295,0.31082180634662326,0.4566646742378959,0.5227562739259889,0.41620724027645895
0.11853312660746051,0.8603603603603603,0.5563712637650761,0.7083658120627182,0.31107491856677527,0.45693779904306225,0.5223309230114844,0.4167316241254364
0.11871893505717325,0.8581081081081081,0.5563712637650761,0.7072396859365921,0.3105134474327628,0.4560143626570915,0.52190557209698,0.4144793718731842
0.11890670618585275,0.8581081081081081,0.5568956476140535,0.7075018778610809,0.3107667210440457,0.4562874251497006,0.5214802211824755,0.41500375572216164
0.1189619465791274,0.8581081081081081,0.557420031463031,0.7077640697855696,0.3110204081632653,0.45656081485919714,0.521054870267971,0.4155281395711391
0.11900834248707652,0.8581081081081081,0.5579444153120083,0.7080262617100582,0.3112745098039216,0.45683453237410077,0.5206295193534666,0.41605252342011645
0.11900959243668603,0.8581081081081081,0.5584687991609858,0.708288453634547,0.3115290269828291,0.45710857828434315,0.5202041684389621,0.4165769072690939
0.11917011661471295,0.8581081081081081,0.5589931830099633,0.7085506455590357,0.3117839607201309,0.4573829531812725,0.5197788175244576,0.41710129111807137
0.11926447929005855,0.8581081081081081,0.5595175668589407,0.7088128374835244,0.31203931203931207,0.45765765765765765,0.5193534666099532,0.41762567496704883
0.11937723912672561,0.8581081081081081,0.5600419507079182,0.7090750294080131,0.3122950819672131,0.4579326923076924,0.5189281156954487,0.4181500588160263
0.11940423888481876,0.8581081081081081,0.5605663345568956,0.7093372213325019,0.3125512715340443,0.45820805772699935,0.5185027647809443,0.41867444266500375
0.11943227127387185,0.8581081081081081,0.5610907184058731,0.7095994132569906,0.312807881773399,0.4584837545126354,0.5180774138664398,0.4191988265139812
0.11955714517556172,0.8581081081081081,0.5616151022548506,0.7098616051814793,0.31306491372226786,0.45875978326309447,0.5176520629519353,0.4197232103629587
0.11959909924249876,0.8581081081081081,0.562139486103828,0.7101237971059681,0.31332236842105265,0.4590361445783133,0.5172267120374309,0.42024759421193614
0.11961227900296957,0.8581081081081081,0.5626638699528055,0.7103859890304568,0.3135802469135803,0.45931283905967457,0.5168013611229264,0.4207719780609136
0.1196415744272148,0.8581081081081081,0.563188253801783,0.7106481809549455,0.313838550247117,0.45958986731001206,0.5163760102084219,0.42129636190989106
0.11969976266850511,0.8581081081081081,0.5642370214997378,0.7111725648039229,0.31435643564356436,0.4601449275362319,0.515525308379413,0.42234512960784587
0.11970113050318353,0.8581081081081081,0.5647614053487152,0.7114347567284116,0.314616019818332,0.46042296072507555,0.5150999574649086,0.42286951345682333
0.1197923474492334,0.8581081081081081,0.5652857891976927,0.7116969486529003,0.3148760330578512,0.4607013301088271,0.5146746065504041,0.4233938973058008
0.11982770191882086,0.8581081081081081,0.5658101730466701,0.7119591405773891,0.315136476426799,0.4609800362976406,0.5142492556358996,0.42391828115477825
0.11998808786796406,0.8581081081081081,0.5663345568956476,0.7122213325018778,0.31539735099337746,0.4612590799031477,0.5138239047213952,0.4244426650037557
0.12013741912230914,0.8581081081081081,0.5668589407446251,0.7124835244263665,0.3156586578293289,0.46153846153846145,0.5133985538068907,0.4249670488527332
0.12016640846012935,0.8581081081081081,0.5673833245936025,0.7127457163508553,0.31592039800995025,0.46181818181818185,0.5129732028923862,0.42549143270171064
0.12027913221976778,0.8581081081081081,0.56790770844258,0.713007908275344,0.31618257261410787,0.462098241358399,0.5125478519778818,0.4260158165506881
0.1204001729255406,0.8581081081081081,0.5684320922915574,0.7132701001998327,0.3164451827242525,0.46237864077669905,0.5121225010633773,0.42654020039966556
0.12042182400527648,0.8581081081081081,0.5689564761405349,0.7135322921243215,0.3167082294264339,0.46265938069216755,0.5116971501488728,0.427064584248643
0.12084221720427166,0.8581081081081081,0.5694808599895124,0.7137944840488102,0.31697171381031614,0.46294046172539494,0.5112717992343684,0.4275889680976205
0.12088941584866786,0.8581081081081081,0.5700052438384898,0.7140566759732989,0.3172356369691923,0.4632218844984802,0.5108464483198639,0.42811335194659794
0.12103623652709274,0.8581081081081081,0.5705296276874672,0.7143188678977876,0.3175,0.4635036496350365,0.5104210974053595,0.4286377357955753
0.12145735486619877,0.8581081081081081,0.5710540115364446,0.7145810598222764,0.3177648040033361,0.4637857577601948,0.509995746490855,0.42916211964455275
0.12146977475274838,0.8581081081081081,0.5715783953854221,0.7148432517467651,0.31803005008347246,0.46406820950060895,0.5095703955763505,0.4296865034935302
0.12152656784837289,0.8581081081081081,0.5721027792343996,0.7151054436712538,0.3182957393483709,0.4643510054844607,0.5091450446618461,0.4302108873425077
0.12176391581215361,0.8581081081081081,0.572627163083377,0.7153676355957426,0.318561872909699,0.4646341463414634,0.5087196937473416,0.43073527119148514
0.12194373189713606,0.8581081081081081,0.5731515469323545,0.7156298275202313,0.3188284518828452,0.46491763270286757,0.5082943428328371,0.4312596550404626
0.1222228129972006,0.8581081081081081,0.5736759307813319,0.71589201944472,0.31909547738693467,0.46520146520146527,0.5078689919183327,0.43178403888944006
0.12261362144043834,0.8581081081081081,0.5742003146303094,0.7161542113692088,0.3193629505448449,0.46548564447159435,0.5074436410038281,0.4323084227384175
0.12262366942617409,0.8581081081081081,0.5747246984792869,0.7164164032936975,0.3196308724832215,0.46577017114914426,0.5070182900893236,0.432832806587395
0.12273514418399424,0.8558558558558559,0.5747246984792869,0.7152902771675713,0.31905961376994124,0.4648318042813456,0.5065929391748192,0.43058055433514275
0.1227473525988823,0.8558558558558559,0.5752490823282643,0.71555246909206,0.31932773109243695,0.46511627906976744,0.5061675882603147,0.4311049381841202
0.12281277472819413,0.8558558558558559,0.5757734661772418,0.7158146610165488,0.31959629941127,0.46540110226576864,0.5057422373458103,0.4316293220330977
0.12284192955544539,0.8558558558558559,0.5762978500262191,0.7160768529410375,0.31986531986531985,0.465686274509804,0.5053168864313058,0.432153705882075
0.12313707044261013,0.8558558558558559,0.5768222338751966,0.7163390448655262,0.3201347935973041,0.46597179644389947,0.5048915355168013,0.4326780897310525
0.1232031840120629,0.8536036036036037,0.5768222338751966,0.7152129187394001,0.31956155143338955,0.4650306748466257,0.5044661846022969,0.43042583747880026
0.12328604464323234,0.8536036036036037,0.5773466177241741,0.7154751106638888,0.319831223628692,0.46531614487415596,0.5040408336877924,0.4309502213277777
0.123491678185414,0.8536036036036037,0.5778710015731515,0.7157373025883775,0.32010135135135137,0.46560196560196565,0.5036154827732879,0.4314746051767552
0.12359849938139196,0.8536036036036037,0.578395385422129,0.7159994945128663,0.32037193575655115,0.4658881376767056,0.5031901318587835,0.43199898902573264
0.12360155586606154,0.8536036036036037,0.5789197692711064,0.716261686437355,0.3206429780033841,0.4661746617466175,0.502764780944279,0.4325233728747101
0.12367525221991348,0.8536036036036037,0.5794441531200839,0.7165238783618437,0.32091447925486877,0.4664615384615384,0.5023394300297745,0.43304775672368756
0.12400036086676144,0.8513513513513513,0.5794441531200839,0.7153977522357176,0.32033898305084746,0.4655172413793104,0.5019140791152701,0.4307955044714352
0.12412536437529752,0.8513513513513513,0.5799685369690614,0.7156599441602063,0.32061068702290074,0.46580406654343814,0.5014887282007656,0.4313198883204127
0.12419902242056917,0.8513513513513513,0.5804929208180388,0.715922136084695,0.32088285229202035,0.4660912453760788,0.5010633772862612,0.43184427216939014
0.12427244252811095,0.8513513513513513,0.5810173046670163,0.7161843280091837,0.3211554800339847,0.4663787785317705,0.5006380263717567,0.4323686560183676
0.12454256622344038,0.8513513513513513,0.5815416885159937,0.7164465199336725,0.32142857142857145,0.46666666666666673,0.5002126754572522,0.43289303986734506
0.1247467796748179,0.8513513513513513,0.5820660723649712,0.7167087118581612,0.32170212765957445,0.4669549104385423,0.49978732454274777,0.4334174237163225
0.12475599019366916,0.8490990990990991,0.5820660723649712,0.7155825857320351,0.32112436115843274,0.46600741656365885,0.4993619736282433,0.4311651714640703
0.12537624656756416,0.8490990990990991,0.5825904562139486,0.7158447776565238,0.3213981244671782,0.4662956091527521,0.49893662271373884,0.43168955531304765
0.1256134805483458,0.8490990990990991,0.583114840062926,0.7161069695810125,0.3216723549488055,0.46658415841584155,0.4985112717992344,0.4322139391620251
0.125628821776091,0.8490990990990991,0.5836392239119035,0.7163691615055012,0.3219470538001708,0.4668730650154798,0.4980859208847299,0.43273832301100257
0.12563351279023421,0.8490990990990991,0.5841636077608809,0.71663135342999,0.32222222222222224,0.4671623296158612,0.49766056997022545,0.43326270685998003
0.1257355593944583,0.8490990990990991,0.5846879916098584,0.7168935453544787,0.32249786142001713,0.467451952882827,0.497235219055721,0.4337870907089575
0.1257402533163881,0.8490990990990991,0.5852123754588359,0.7171557372789674,0.3227739726027397,0.46774193548387094,0.4968098681412165,0.43431147455793495
0.1259516110248752,0.8490990990990991,0.5857367593078133,0.7174179292034562,0.32305055698371893,0.468032278088144,0.49638451722671206,0.4348358584069124
0.12618244318997385,0.8490990990990991,0.5862611431567908,0.7176801211279449,0.32332761578044594,0.46832298136645956,0.49595916631220754,0.4353602422558899
0.1261970309280536,0.8490990990990991,0.5867855270057682,0.7179423130524336,0.3236051502145923,0.4686140459912989,0.4955338153977031,0.43588462610486733
0.1265766103746591,0.8490990990990991,0.5873099108547457,0.7182045049769223,0.3238831615120275,0.4689054726368159,0.4951084644831986,0.4364090099538448
0.1266109016856434,0.8468468468468469,0.5873099108547457,0.7170783788507963,0.3233018056749785,0.46795270690728064,0.49468311356869415,0.43415675770159257
0.1267392534081375,0.8468468468468469,0.5878342947037232,0.717340570775285,0.32358003442340794,0.4682440846824409,0.4942577626541897,0.43468114155057
0.12679685765149903,0.8468468468468469,0.5883586785527006,0.7176027626997737,0.32385874246339363,0.46853582554517137,0.49383241173968523,0.4352055253995475
0.12685890176994566,0.8468468468468469,0.588883062401678,0.7178649546242624,0.32413793103448274,0.46882793017456353,0.49340706082518077,0.43572990924852484
0.12692964484932506,0.8468468468468469,0.5894074462506554,0.7181271465487511,0.3244176013805004,0.46912039925140353,0.4929817099106763,0.4362542930975023
0.1269700852011192,0.8468468468468469,0.5899318300996329,0.7183893384732398,0.32469775474956825,0.46941323345817737,0.49255635899617184,0.43677867694647976
0.12702761341120905,0.8468468468468469,0.5904562139486104,0.7186515303977286,0.32497839239412274,0.46970643347907565,0.4921310080816674,0.4373030607954572
0.1270389336075564,0.8445945945945946,0.5904562139486104,0.7175254042716025,0.32439446366782004,0.46875,0.4917056571671629,0.435050808543205
0.1271154558951473,0.8445945945945946,0.5909805977975878,0.7177875961960912,0.3246753246753247,0.46904315196998125,0.49128030625265845,0.43557519239218245
0.1273618810732609,0.8445945945945946,0.5915049816465653,0.71804978812058,0.32495667244367415,0.4693366708385482,0.490854955338154,0.4360995762411599
0.1278041601736189,0.8423423423423423,0.5915049816465653,0.7169236619944538,0.32437120555073723,0.46837820914214157,0.4904296044236495,0.4338473239889076
0.1278803553791219,0.8423423423423423,0.5920293654955427,0.7171858539189425,0.3246527777777778,0.46867167919799496,0.49000425350914506,0.43437170783788503
0.12806903754508125,0.8423423423423423,0.5925537493445202,0.7174480458434312,0.32493483927019984,0.46896551724137925,0.4895789025946406,0.4348960916868625
0.12809884839119665,0.8423423423423423,0.5930781331934977,0.71771023776792,0.32521739130434785,0.46925972396486826,0.48915355168013613,0.43542047553583996
0.1282367581559222,0.8423423423423423,0.5936025170424751,0.7179724296924087,0.32550043516100957,0.46955430006277465,0.48872820076563167,0.4359448593848174
0.1283838209144266,0.8423423423423423,0.5941269008914526,0.7182346216168974,0.32578397212543553,0.4698492462311557,0.4883028498511272,0.4364692432337949
0.12853758105359261,0.8423423423423423,0.5946512847404299,0.7184968135413861,0.3260680034873583,0.47014456316781894,0.4878774989366227,0.43699362708277223
0.12868111931471468,0.8423423423423423,0.5951756685894074,0.7187590054658748,0.3263525305410122,0.47044025157232705,0.4874521480221182,0.4375180109317497
0.12868575337134427,0.8423423423423423,0.5957000524383849,0.7190211973903635,0.3266375545851528,0.4707363121460037,0.48702679710761376,0.43804239478072715
0.12890823104838933,0.8400900900900901,0.5957000524383849,0.7178950712642375,0.32604895104895104,0.4697732997481109,0.4866014461931093,0.4357901425284749
0.1289797795840305,0.8400900900900901,0.5962244362873623,0.7181572631887262,0.326334208223972,0.4700693131695023,0.48617609527860484,0.4363145263774524
0.1291498869014382,0.8400900900900901,0.5967488201363398,0.7184194551132149,0.3266199649737303,0.4703656998738966,0.4857507443641004,0.43683891022642984
0.12923830221530225,0.8400900900900901,0.5972732039853172,0.7186816470377037,0.32690622261174407,0.4706624605678233,0.4853253934495959,0.4373632940754073
0.12935156435286696,0.8400900900900901,0.5977975878342947,0.7189438389621924,0.32719298245614037,0.47095959595959597,0.48490004253509145,0.43788767792438477
0.12940857361948335,0.8400900900900901,0.5983219716832722,0.7192060308866811,0.32748024582967517,0.47125710675931776,0.484474691620587,0.4384120617733622
0.12965023308541146,0.8400900900900901,0.5988463555322496,0.7194682228111698,0.327768014059754,0.4715549936788875,0.4840493407060825,0.4389364456223397
0.13000723360026542,0.8400900900900901,0.5993707393812271,0.7197304147356586,0.3280562884784521,0.47185325743200507,0.48362398979157806,0.43946082947131715
0.13063962991447173,0.8400900900900901,0.5998951232302046,0.7199926066601473,0.3283450704225352,0.4721518987341772,0.4831986388770736,0.4399852133202946
0.1307987829791406,0.8400900900900901,0.600419507079182,0.720254798584636,0.32863436123348017,0.47245091830272323,0.48277328796256913,0.44050959716927207
0.13088219461138687,0.8400900900900901,0.6009438909281594,0.7205169905091247,0.3289241622574956,0.47275031685678076,0.48234793704806467,0.4410339810182494
0.13093786047314315,0.8400900900900901,0.6014682747771368,0.7207791824336134,0.3292144748455428,0.47305009511731133,0.4819225861335602,0.4415583648672269
0.1309628594212905,0.8400900900900901,0.6019926586261143,0.7210413743581021,0.3295053003533569,0.47335025380710655,0.48149723521905574,0.44208274871620434
0.13125437413774477,0.8378378378378378,0.6019926586261143,0.7199152482319761,0.32891246684350134,0.47238095238095235,0.4810718843045513,0.4398304964639521
0.13130464947298973,0.8378378378378378,0.6025170424750917,0.7201774401564648,0.3292035398230089,0.47268106734434556,0.4806465333900468,0.4403548803129296
0.13130524304663416,0.8378378378378378,0.6030414263240692,0.7204396320809535,0.32949512843224094,0.4729815638906549,0.4802211824755423,0.44087926416190704
0.13184416715201058,0.8378378378378378,0.6035658101730467,0.7207018240054422,0.32978723404255317,0.47328244274809156,0.47979583156103783,0.4414036480108845
0.13213886215091358,0.8378378378378378,0.6040901940220241,0.720964015929931,0.3300798580301686,0.4735837046467218,0.47937048064653337,0.44192803185986196
0.1322502810312575,0.8355855855855856,0.6040901940220241,0.7198378898038049,0.32948490230905864,0.4726114649681529,0.4789451297320289,0.43967577960760973
0.13225796159664077,0.8355855855855856,0.6046145778710016,0.7201000817282937,0.3297777777777778,0.47291268323773106,0.47851977881752444,0.4402001634565872
0.133010497602771,0.8333333333333334,0.6046145778710016,0.7189739556021675,0.3291814946619217,0.47193877551020413,0.47809442790302,0.43794791120433496
0.1330332714595277,0.831081081081081,0.6046145778710016,0.7178478294760413,0.3285841495992876,0.47096362476068926,0.4776690769885155,0.4356956589520826
0.13310323076675018,0.831081081081081,0.605138961719979,0.71811002140053,0.32887700534759357,0.471264367816092,0.47724372607401105,0.4362200428010601
0.13322816980064336,0.831081081081081,0.6056633455689565,0.7183722133250188,0.32917038358608386,0.47156549520766766,0.4768183751595066,0.43674442665003754
0.13343476600928794,0.831081081081081,0.606187729417934,0.7186344052495075,0.3294642857142857,0.4718670076726343,0.47639302424500213,0.437268810499015
0.13352830790538578,0.8288288288288288,0.606187729417934,0.7175082791233813,0.3288650580875782,0.4708893154190659,0.47596767333049766,0.4350165582467628
0.13371913433182814,0.8265765765765766,0.606187729417934,0.7163821529972553,0.3282647584973166,0.469910371318822,0.4755423224159932,0.43276430599451055
0.133826384852361,0.8265765765765766,0.6067121132669113,0.7166443449217439,0.3285586392121755,0.470211402946829,0.47511697150148874,0.4332886898434879
0.1338906332857106,0.8265765765765766,0.6072364971158888,0.7169065368462326,0.3288530465949821,0.47051282051282056,0.4746916205869843,0.43381307369246536
0.1339961935548272,0.8265765765765766,0.6077608809648662,0.7171687287707214,0.3291479820627803,0.4708146247594613,0.4742662696724798,0.4343374575414428
0.13412170288269284,0.8265765765765766,0.6082852648138437,0.7174309206952101,0.32944344703770195,0.4711168164313222,0.47384091875797535,0.4348618413904203
0.13425315651654107,0.8265765765765766,0.6088096486628212,0.7176931126196988,0.3297394429469901,0.47141939627488755,0.4734155678434709,0.43538622523939774
0.13435620469677176,0.8265765765765766,0.6093340325117986,0.7179553045441875,0.3300359712230216,0.47172236503856046,0.4729902169289664,0.4359106090883752
0.13462358207296116,0.8243243243243243,0.6093340325117986,0.7168291784180615,0.32943294329432943,0.4707395498392282,0.4725648660144619,0.43365835683612297
0.13515821791564087,0.8243243243243243,0.6098584163607761,0.7170913703425502,0.32972972972972975,0.47104247104247104,0.47213951509995744,0.43418274068510043
0.13544056327155504,0.8243243243243243,0.6103828002097536,0.717353562267039,0.33002705139765554,0.4713457823567289,0.471714164185453,0.4347071245340779
0.1354685137408052,0.8220720720720721,0.6103828002097536,0.7162274361409129,0.32942238267148016,0.47036082474226815,0.4712888132709485,0.43245487228182566
0.1354763809768419,0.8198198198198198,0.6103828002097536,0.7151013100147867,0.3288166214995483,0.46937459703417145,0.47086346235644405,0.4302026200295733
0.13549537581583077,0.8198198198198198,0.610907184058731,0.7153635019392754,0.3291139240506329,0.4696774193548386,0.4704381114419396,0.4307270038785508
0.13562599511294832,0.8198198198198198,0.6114315679077085,0.7156256938637642,0.32941176470588235,0.46998063266623624,0.4700127605274351,0.43125138772752825
0.13565806587492546,0.8198198198198198,0.6119559517566859,0.7158878857882529,0.32971014492753625,0.47028423772609823,0.46958740961293066,0.4317757715765057
0.1359527282876195,0.8198198198198198,0.6124803356056634,0.7161500777127416,0.3300090661831369,0.4705882352941177,0.4691620586984262,0.43230015542548317
0.136242854772634,0.8198198198198198,0.6130047194546407,0.7164122696372303,0.33030852994555354,0.4708926261319534,0.46873670778392174,0.4328245392744605
0.13624599489938252,0.8175675675675675,0.6130047194546407,0.7152861435111042,0.329700272479564,0.46990291262135914,0.4683113568694173,0.4305722870222083
0.13646950947780923,0.8175675675675675,0.6135291033036182,0.7155483354355929,0.33,0.4702072538860103,0.4678860059549128,0.43109667087118575
0.1367181461635137,0.8175675675675675,0.6140534871525957,0.7158105273600817,0.3303002729754322,0.47051198963058966,0.46746065504040835,0.4316210547201632
0.1373787453806304,0.8175675675675675,0.6145778710015731,0.7160727192845704,0.33060109289617484,0.47081712062256803,0.4670353041259039,0.43214543856914067
0.137385293251536,0.8175675675675675,0.6151022548505506,0.7163349112090591,0.3309024612579763,0.47112264763140815,0.4666099532113994,0.43266982241811813
0.1375185362817118,0.8153153153153153,0.6151022548505506,0.715208785082933,0.3302919708029197,0.4701298701298702,0.46618460229689496,0.4304175701658659
0.13783381184522242,0.8153153153153153,0.615626638699528,0.7154709770074217,0.33059360730593607,0.4704353476283301,0.4657592513823905,0.43094195401484336
0.13827862365998012,0.8153153153153153,0.6161510225485055,0.7157331689319104,0.33089579524680074,0.47074122236671007,0.46533390046788603,0.4314663378638208
0.13866919774929853,0.8153153153153153,0.616675406397483,0.7159953608563991,0.3311985361390668,0.4710474951203643,0.46490854955338157,0.4319907217127983
0.13891248089692473,0.8130630630630631,0.616675406397483,0.714869234730273,0.3305860805860806,0.47005208333333337,0.46448319863887705,0.42973846946054606
0.1396246193067698,0.8130630630630631,0.6171997902464604,0.7151314266547617,0.3308890925756187,0.47035830618892516,0.4640578477243726,0.4302628533095235
0.1396756672271475,0.8130630630630631,0.6177241740954379,0.7153936185792504,0.3311926605504587,0.4706649282920469,0.4636324968098681,0.430787237158501
0.1397361790955237,0.8130630630630631,0.6182485579444154,0.7156558105037392,0.3314967860422406,0.47097195042400525,0.46320714589536366,0.43131162100747844
0.1399395131744936,0.8130630630630631,0.6187729417933928,0.7159180024282279,0.3318014705882353,0.47127937336814624,0.4627817949808592,0.4318360048564559
0.13997811514598443,0.8130630630630631,0.6192973256423702,0.7161801943527166,0.33210671573137074,0.47158719790986275,0.46235644406635473,0.43236038870543325
0.14008486628267158,0.8130630630630631,0.6198217094913476,0.7164423862772054,0.3324125230202578,0.47189542483660135,0.46193109315185027,0.4328847725544107
0.14076393794581074,0.8130630630630631,0.6203460933403251,0.7167045782016941,0.3327188940092166,0.472204054937868,0.4615057422373458,0.4334091564033882
0.14101505523572197,0.8130630630630631,0.6208704771893025,0.7169667701261828,0.33302583025830257,0.47251308900523564,0.46108039132284134,0.43393354025236563
0.14104941900749954,0.8130630630630631,0.62139486103828,0.7172289620506715,0.3333333333333333,0.47282252783235096,0.4606550404083369,0.4344579241013431
0.14110069580978282,0.8108108108108109,0.62139486103828,0.7161028359245454,0.33271719038817005,0.471821756225426,0.4602296894938324,0.43220567184909087
0.14141191020199761,0.8108108108108109,0.6219192448872575,0.7163650278490341,0.3330249768732655,0.4721311475409836,0.45980433857932795,0.4327300556980683
0.14151527646820128,0.8108108108108109,0.6224436287362349,0.7166272197735228,0.3333333333333333,0.47244094488188976,0.4593789876648235,0.4332544395470458
0.14167183123883956,0.8085585585585585,0.6224436287362349,0.7155010936473967,0.33271547729379053,0.47143795141168743,0.458953636750319,0.43100218729479345
0.1417146881535304,0.8085585585585585,0.6229680125852124,0.7157632855718854,0.33302411873840443,0.47174770039421804,0.45852828583581456,0.4315265711437709
0.14197516833921037,0.8085585585585585,0.6234923964341899,0.7160254774963741,0.3333333333333333,0.4720578566732412,0.4581029349213101,0.43205095499274837
0.14232520322915765,0.8085585585585585,0.6240167802831673,0.7162876694208629,0.3336431226765799,0.47236842105263155,0.45767758400680564,0.43257533884172583
0.14254928341455292,0.8085585585585585,0.6245411641321448,0.7165498613453516,0.33395348837209304,0.47267939433838047,0.4572522330923012,0.4330997226907033
0.14272532338620225,0.8085585585585585,0.6250655479811221,0.7168120532698403,0.33426443202979517,0.4729907773386034,0.45682688217779666,0.43362410653968064
0.14272579419718348,0.8085585585585585,0.6255899318300996,0.717074245194329,0.33457595526561046,0.47330257086354655,0.4564015312632922,0.4341484903886581
0.14283308958043414,0.8085585585585585,0.626114315679077,0.7173364371188178,0.33488805970149255,0.4736147757255937,0.45597618034878773,0.43467287423763556
0.1428504594350691,0.8085585585585585,0.6266386995280545,0.7175986290433065,0.3352007469654528,0.4739273927392739,0.45555082943428327,0.435197258086613
0.14296173633977963,0.8085585585585585,0.627163083377032,0.7178608209677952,0.3355140186915888,0.4742404227212682,0.4551254785197788,0.4357216419355905
0.14303158706856048,0.8063063063063063,0.627163083377032,0.7167346948416691,0.33489242282507015,0.4732319894249835,0.45470012760527434,0.43346938968333826
0.14322812157680045,0.8063063063063063,0.6276874672260094,0.7169968867661578,0.3352059925093633,0.47354497354497355,0.4542747766907699,0.4339937735323157
0.14325873146847667,0.8063063063063063,0.6282118510749869,0.7172590786906465,0.33552014995313967,0.4738583719391132,0.4538494257762654,0.4345181573812932
0.14328873754440744,0.8063063063063063,0.6287362349239644,0.7175212706151353,0.33583489681050654,0.4741721854304636,0.45342407486176095,0.43504254123027064
0.14335879551195552,0.8063063063063063,0.6292606187729418,0.717783462539624,0.336150234741784,0.47448641484426773,0.4529987239472565,0.4355669250792481
0.14343011282506418,0.8063063063063063,0.6297850026219193,0.7180456544641127,0.33646616541353386,0.4748010610079576,0.452573373032752,0.43609130892822556
0.14352842913562774,0.8063063063063063,0.6303093864708967,0.7183078463886015,0.3367826904985889,0.4751161247511613,0.45214802211824756,0.436615692777203
0.1435779355071099,0.8040540540540541,0.6303093864708967,0.7171817202624754,0.3361581920903955,0.4741035856573706,0.4517226712037431,0.4343634405249508
0.1438134691498336,0.8040540540540541,0.6308337703198742,0.7174439121869641,0.3364750235626767,0.47441860465116287,0.45129732028923863,0.43488782437392826
0.14400022309084132,0.8018018018018018,0.6308337703198742,0.7163177860608381,0.33584905660377357,0.473404255319149,0.45087196937473417,0.432635572121676
0.14417873692569932,0.8018018018018018,0.6313581541688515,0.7165799779853267,0.336166194523135,0.47371922821024615,0.4504466184602297,0.4331599559706534
0.14420037600747967,0.8018018018018018,0.631882538017829,0.7168421699098154,0.33648393194706994,0.4740346205059921,0.45002126754572525,0.43368433981963084
0.1445652098396499,0.8018018018018018,0.6324069218668065,0.7171043618343041,0.336802270577105,0.4743504330446369,0.4495959166312208,0.4342087236686083
0.1448678382373181,0.8018018018018018,0.6329313057157839,0.7173665537587929,0.3371212121212121,0.4746666666666667,0.44917056571671626,0.43473310751758576
0.14497047804896857,0.8018018018018018,0.6334556895647614,0.7176287456832816,0.33744075829383885,0.4749833222148099,0.4487452148022118,0.4352574913665632
0.14504870425187955,0.8018018018018018,0.6339800734137389,0.7178909376077703,0.3377609108159393,0.47530040053404543,0.44831986388770734,0.4357818752155407
0.14525111130513196,0.8018018018018018,0.6345044572627163,0.7181531295322591,0.3380816714150047,0.47561790247160984,0.4478945129732029,0.43630625906451814
0.1453573996929508,0.8018018018018018,0.6350288411116938,0.7184153214567478,0.33840304182509506,0.47593582887700536,0.4474691620586984,0.4368306429134956
0.14550595909959735,0.8018018018018018,0.6355532249606712,0.7186775133812365,0.33872502378686964,0.47625418060200664,0.44704381114419395,0.43735502676247306
0.14557037986286822,0.8018018018018018,0.6360776088096487,0.7189397053057253,0.33904761904761904,0.47657295850066933,0.4466184602296895,0.4378794106114505
0.14592325851263083,0.8018018018018018,0.6366019926586262,0.719201897230214,0.3393708293612965,0.47689216342933693,0.446193109315185,0.438403794460428
0.14603264759844822,0.8018018018018018,0.6371263765076036,0.7194640891547027,0.33969465648854963,0.4772117962466488,0.44576775840068056,0.43892817830940545
0.14605913506283077,0.8018018018018018,0.637650760356581,0.7197262810791913,0.34001910219675263,0.47753185781354796,0.4453424074861761,0.4394525621583828
0.14619662119604615,0.7995495495495496,0.637650760356581,0.7186001549530653,0.33938814531548755,0.476510067114094,0.44491705657167163,0.43720030990613057
0.14626858304456655,0.7972972972972973,0.637650760356581,0.7174740288269391,0.33875598086124403,0.4754869039623909,0.44449170565716717,0.43494805765387823
0.1462896198854913,0.7972972972972973,0.6381751442055584,0.7177362207514278,0.3390804597701149,0.4758064516129032,0.4440663547426627,0.4354724415028557
0.14636925011313298,0.795045045045045,0.6381751442055584,0.7166100946253018,0.33844678811121764,0.4747814391392065,0.44364100382815824,0.43322018925060346
0.14636928214278916,0.795045045045045,0.6386995280545359,0.7168722865497905,0.33877159309021115,0.4751009421265142,0.4432156529136538,0.4337445730995809
0.14658458345666484,0.795045045045045,0.6392239119035134,0.7171344784742792,0.3390970220941403,0.4754208754208754,0.4427903019991493,0.4342689569485584
0.1468919652803047,0.795045045045045,0.6397482957524908,0.717396670398768,0.33942307692307694,0.4757412398921833,0.44236495108464485,0.43479334079753584
0.1469504962709679,0.7927927927927928,0.6397482957524908,0.7162705442726418,0.3387872954764196,0.4747134187457856,0.4419396001701404,0.4325410885452836
0.14702454133058984,0.7927927927927928,0.6402726796014683,0.7165327361971305,0.33911368015414256,0.47503373819163297,0.4415142492556359,0.4330654723942611
0.14729363109875673,0.7927927927927928,0.6407970634504457,0.7167949281216193,0.3394406943105111,0.475354490209318,0.4410888983411314,0.43358985624323854
0.1473284281309993,0.7927927927927928,0.6413214472994232,0.717057120046108,0.33976833976833976,0.47567567567567565,0.44066354742662694,0.434114240092216
0.14733408531897355,0.7927927927927928,0.6418458311484007,0.7173193119705967,0.34009661835748795,0.47599729546991215,0.4402381965121225,0.43463862394119346
0.14746339664687963,0.7927927927927928,0.6423702149973781,0.7175815038950855,0.3404255319148936,0.47631935047361296,0.439812845597618,0.4351630077901709
0.1474751015547379,0.7927927927927928,0.6428945988463556,0.7178436958195742,0.34075508228460794,0.4766418415707515,0.43938749468311356,0.4356873916391484
0.14783753589833037,0.7927927927927928,0.6434189826953329,0.7181058877440629,0.34108527131782945,0.4769647696476964,0.4389621437686091,0.43621177548812573
0.1478546563764964,0.7927927927927928,0.6439433665443104,0.7183680796685517,0.3414161008729389,0.4772881355932203,0.43853679285410463,0.4367361593371032
0.14879067874732427,0.7927927927927928,0.6444677503932879,0.7186302715930404,0.341747572815534,0.47761194029850745,0.43811144193960017,0.43726054318608065
0.1489505938680589,0.7905405405405406,0.6444677503932879,0.7175041454669142,0.34110787172011664,0.47657841140529533,0.4376860910250957,0.4350082909338284
0.14923241288745312,0.7905405405405406,0.6449921342422653,0.7177663373914029,0.3414396887159533,0.47690217391304357,0.43726074011059124,0.4355326747828059
0.14930491133838034,0.7905405405405406,0.6455165180912428,0.7180285293158917,0.34177215189873417,0.47722637661454786,0.4368353891960868,0.43605705863178335
0.14930644794676468,0.7905405405405406,0.6460409019402202,0.7182907212403804,0.34210526315789475,0.47755102040816333,0.4364100382815823,0.4365814424807608
0.14957268733631487,0.7905405405405406,0.6465652857891977,0.7185529131648691,0.34243902439024393,0.4778761061946903,0.43598468736707785,0.43710582632973827
0.14957546249298334,0.7905405405405406,0.6470896696381752,0.7188151050893579,0.3427734375,0.4782016348773842,0.4355593364525734,0.43763021017871573
0.14957754516889943,0.7905405405405406,0.6476140534871526,0.7190772970138466,0.34310850439882695,0.47852760736196315,0.4351339855380689,0.4381545940276932
0.1497457859560408,0.7905405405405406,0.6481384373361301,0.7193394889383353,0.34344422700587085,0.47885402455661663,0.43470863462356446,0.43867897787667065
0.1498040685284735,0.7905405405405406,0.6486628211851075,0.7196016808628241,0.3437806072477963,0.47918088737201375,0.43428328370906,0.4392033617256481
0.14983096989788292,0.7882882882882883,0.6486628211851075,0.7184755547366979,0.3431372549019608,0.47814207650273227,0.43385793279455553,0.4369511094733959
0.15005732120574275,0.786036036036036,0.6486628211851075,0.7173494286105717,0.34249263984298334,0.4771018455228982,0.433432581880051,0.43469885722114354
0.15048630741311886,0.786036036036036,0.649187205034085,0.7176116205350604,0.3428290766208251,0.4774281805745554,0.43300723096554655,0.435223241070121
0.1505657706485014,0.786036036036036,0.6497115888830624,0.7178738124595492,0.34316617502458213,0.4777549623545517,0.4325818800510421,0.43574762491909835
0.1511528633253358,0.786036036036036,0.6502359727320398,0.7181360043840379,0.343503937007874,0.4780821917808219,0.4321565291365376,0.4362720087680758
0.15158007345370092,0.786036036036036,0.6507603565810173,0.7183981963085266,0.3438423645320197,0.4784098697738176,0.43173117822203316,0.4367963926170533
0.15175490056493932,0.7837837837837838,0.6507603565810173,0.7172720701824005,0.3431952662721893,0.47736625514403286,0.4313058273075287,0.43454414036480105
0.15192805141396837,0.7837837837837838,0.6512847404299947,0.7175342621068892,0.3435340572556762,0.4776938915579959,0.43088047639302424,0.4350685242137785
0.15211300343637338,0.7837837837837838,0.6518091242789722,0.7177964540313779,0.3438735177865613,0.47802197802197804,0.4304551254785198,0.43559290806275597
0.15223913555805862,0.7837837837837838,0.6523335081279497,0.7180586459558667,0.34421364985163205,0.47835051546391755,0.4300297745640153,0.43611729191173343
0.15272115513217824,0.7837837837837838,0.6528578919769271,0.7183208378803554,0.3445544554455445,0.47867950481430543,0.42960442364951085,0.4366416757607109
0.15280464312705144,0.7837837837837838,0.6533822758259046,0.7185830298048441,0.34489593657086226,0.47900894700619406,0.4291790727350064,0.43716605960968835
0.1529631709959926,0.7837837837837838,0.653906659674882,0.7188452217293329,0.34523809523809523,0.47933884297520657,0.4287537218205019,0.4376904434586658
0.15304437492749173,0.7837837837837838,0.6544310435238595,0.7191074136538216,0.3455809334657398,0.4796691936595452,0.42832837090599746,0.4382148273076433
0.15317046258798422,0.7837837837837838,0.654955427372837,0.7193696055783103,0.34592445328031807,0.48,0.427903019991493,0.43873921115662073
0.15334247703335963,0.7837837837837838,0.6554798112218144,0.719631797502799,0.34626865671641793,0.48033126293995865,0.42747766907698853,0.4392635950055982
0.15349556173332204,0.7837837837837838,0.6560041950707918,0.7198939894272878,0.3466135458167331,0.48066298342541436,0.42705231816248407,0.43978797885457555
0.15355442066008443,0.7837837837837838,0.6565285789197692,0.7201561813517765,0.3469591226321037,0.4809951624049759,0.4266269672479796,0.440312362703553
0.1536455330170099,0.7837837837837838,0.6570529627687467,0.7204183732762652,0.3473053892215569,0.4813278008298755,0.42620161633347514,0.44083674655253047
0.1543276544747799,0.7837837837837838,0.6575773466177242,0.720680565200754,0.34765234765234765,0.48166089965397924,0.4257762654189706,0.44136113040150793
0.15511540762053172,0.7837837837837838,0.6581017304667016,0.7209427571252427,0.348,0.4819944598337951,0.42535091450446616,0.4418855142504854
0.15520210788257927,0.7837837837837838,0.6586261143156791,0.7212049490497314,0.3483483483483483,0.4823284823284823,0.4249255635899617,0.44240989809946285
0.1553546243199086,0.7837837837837838,0.6591504981646565,0.7214671409742202,0.3486973947895792,0.48266296809986126,0.42450021267545723,0.4429342819484403
0.15563190166855748,0.7837837837837838,0.659674882013634,0.7217293328987089,0.34904714142427284,0.48299791811242193,0.42407486176095277,0.4434586657974178
0.15564332582114793,0.7837837837837838,0.6601992658626115,0.7219915248231976,0.3493975903614458,0.4833333333333334,0.4236495108464483,0.44398304964639523
0.1558342489493411,0.7837837837837838,0.6607236497115889,0.7222537167476863,0.349748743718593,0.48366921473245317,0.42322415993194384,0.4445074334953727
0.15599584133020458,0.7815315315315315,0.6607236497115889,0.7211275906215602,0.34909456740442657,0.482614742698192,0.4227988090174394,0.44225518124312047
0.1563924442339509,0.7815315315315315,0.6612480335605664,0.7213897825460489,0.34944612286002014,0.48295059151009045,0.4223734581029349,0.4427795650920979
0.15641062831523916,0.7815315315315315,0.6617724174095437,0.7216519744705376,0.3497983870967742,0.48328690807799446,0.42194810718843045,0.4433039489410753
0.15646726292299654,0.7815315315315315,0.6622968012585212,0.7219141663950264,0.3501513622603431,0.483623693379791,0.421522756273926,0.44382833279005274
0.15650269918546275,0.7815315315315315,0.6628211851074987,0.7221763583195151,0.3505050505050505,0.4839609483960948,0.42109740535942153,0.4443527166390302
0.15652706238606526,0.7815315315315315,0.6633455689564761,0.7224385502440038,0.35085945399393326,0.48429867411025823,0.42067205444491707,0.44487710048800766
0.1566316082688848,0.7815315315315315,0.6638699528054536,0.7227007421684926,0.35121457489878544,0.48463687150837986,0.4202467035304126,0.4454014843369851
0.15665700416963027,0.7815315315315315,0.664394336654431,0.7229629340929813,0.3515704154002026,0.4849755415793151,0.41982135261590814,0.4459258681859626
0.15676663293917428,0.7792792792792793,0.664394336654431,0.7218368079668551,0.3509127789046653,0.4839160839160839,0.4193960017014037,0.44367361593371035
0.15682935536784667,0.7792792792792793,0.6649187205034085,0.7220989998913439,0.35126903553299493,0.4842547235829252,0.4189706507868992,0.4441979997826878
0.15700091770560384,0.7792792792792793,0.665443104352386,0.7223611918158326,0.3516260162601626,0.484593837535014,0.41854529987239475,0.4447223836316653
0.15745774517052638,0.7792792792792793,0.6659674882013634,0.7226233837403213,0.35198372329603256,0.48493342676944645,0.4181199489578903,0.44524676748064274
0.15753744897834054,0.7792792792792793,0.6664918720503409,0.72288557566481,0.35234215885947046,0.48527349228611505,0.41769459804338577,0.4457711513296202
0.15808532328995076,0.7792792792792793,0.6670162558993183,0.7231477675892988,0.3527013251783894,0.48561403508771933,0.4172692471288813,0.44629553517859766
0.15815278674102573,0.7792792792792793,0.6675406397482958,0.7234099595137875,0.35306122448979593,0.4859550561797753,0.41684389621437684,0.4468199190275751
0.1585871795231907,0.7792792792792793,0.6680650235972732,0.7236721514382762,0.3534218590398366,0.4862965565706254,0.4164185452998724,0.44734430287655247
0.1587900245286118,0.7792792792792793,0.6685894074462506,0.723934343362765,0.3537832310838446,0.48663853727144857,0.4159931943853679,0.44786868672552993
0.15883306165299582,0.777027027027027,0.6685894074462506,0.7228082172366388,0.353121801432958,0.48557353976073186,0.41556784347086345,0.4456164344732776
0.15898438954463928,0.777027027027027,0.6691137912952281,0.7230704091611275,0.35348360655737704,0.4859154929577465,0.415142492556359,0.44614081832225505
0.1590636798761328,0.777027027027027,0.6696381751442055,0.7233326010856163,0.35384615384615387,0.48625792811839325,0.4147171416418545,0.4466652021712325
0.15943204493825144,0.7747747747747747,0.6696381751442055,0.7222064749594901,0.3531827515400411,0.48519040902679833,0.41429179072735006,0.4444129499189803
0.15944387423430675,0.7725225225225225,0.6696381751442055,0.721080348833364,0.35251798561151076,0.484121383203952,0.4138664398128456,0.44216069766672805
0.1594842307025179,0.7725225225225225,0.670162558993183,0.7213425407578528,0.35288065843621397,0.4844632768361582,0.41344108889834114,0.4426850815157055
0.15989780127274836,0.7725225225225225,0.6706869428421605,0.7216047326823415,0.3532440782698249,0.48480565371024725,0.4130157379838367,0.443209465364683
0.16004578189024868,0.7725225225225225,0.6712113266911379,0.7218669246068302,0.35360824742268043,0.48514851485148514,0.4125903870693322,0.44373384921366044
0.16028329585810475,0.7725225225225225,0.6717357105401154,0.722129116531319,0.3539731682146543,0.48549186128803967,0.41216503615482775,0.4442582330626379
0.16057554607795552,0.7725225225225225,0.6722600943890928,0.7223913084558077,0.3543388429752066,0.4858356940509916,0.4117396852403233,0.44478261691161536
0.16105102043239444,0.7725225225225225,0.6727844782380703,0.7226535003802964,0.35470527404343327,0.48618001417434437,0.4113143343258188,0.4453070007605928
0.1615993215093452,0.7725225225225225,0.6733088620870478,0.7229156923047851,0.35507246376811596,0.48652482269503544,0.41088898341131436,0.4458313846095703
0.16180498337848612,0.7725225225225225,0.6738332459360251,0.7231778842292738,0.35544041450777203,0.4868701206529454,0.4104636324968099,0.44635576845854763
0.16191597433064917,0.7702702702702703,0.6738332459360251,0.7220517581031477,0.35477178423236516,0.4857954545454546,0.4100382815823054,0.4441035162062954
0.16203263061005083,0.7702702702702703,0.6743576297850026,0.7223139500276364,0.35514018691588783,0.48614072494669514,0.4096129306678009,0.44462790005527286
0.16223308519878676,0.7702702702702703,0.67488201363398,0.7225761419521252,0.35550935550935553,0.4864864864864865,0.40918757975329645,0.4451522839042503
0.16241985240226967,0.7702702702702703,0.6754063974829575,0.7228383338766139,0.3558792924037461,0.48683274021352313,0.408762228838792,0.4456766677532278
0.1630162975852177,0.7680180180180181,0.6754063974829575,0.7217122077504878,0.35520833333333335,0.48575498575498577,0.4083368779242875,0.44342441550097556
0.16311063475427412,0.7680180180180181,0.675930781331935,0.7219743996749766,0.3555787278415016,0.4861012116892374,0.40791152700978306,0.443948799349953
0.1631354670222829,0.7657657657657657,0.675930781331935,0.7208482735488504,0.35490605427974947,0.48502139800285304,0.4074861760952786,0.4416965470977007
0.16368030789999738,0.7657657657657657,0.6764551651809124,0.7211104654733391,0.3552769070010449,0.4853675945753034,0.40706082518077413,0.44222093094667814
0.16435710214471103,0.7657657657657657,0.6769795490298899,0.7213726573978279,0.35564853556485354,0.48571428571428565,0.40663547426626967,0.4427453147956556
0.16436724092324057,0.7657657657657657,0.6775039328788673,0.7216348493223166,0.35602094240837695,0.4860614724803431,0.4062101233517652,0.44326969864463306
0.16450800725472509,0.7657657657657657,0.6780283167278448,0.7218970412468053,0.35639412997903563,0.4864091559370529,0.40578477243726074,0.4437940824936105
0.16467890212724337,0.7657657657657657,0.6785527005768223,0.722159233171294,0.3567681007345226,0.48675733715103797,0.4053594215227563,0.444318466342588
0.16483865802038455,0.7657657657657657,0.6790770844257997,0.7224214250957828,0.35714285714285715,0.48710601719197705,0.4049340706082518,0.44484285019156544
0.16504973040347526,0.7635135135135135,0.6790770844257997,0.7212952989696566,0.35646687697160884,0.4860215053763441,0.40450871969374735,0.4425905979393132
0.16527077703220622,0.7635135135135135,0.6796014682747772,0.7215574908941453,0.3568421052631579,0.48637015781922527,0.4040833687792429,0.4431149817882907
0.16531512873459783,0.7635135135135135,0.6801258521237545,0.7218196828186341,0.35721812434141204,0.48671931083991393,0.4036580178647384,0.443639365637268
0.16536264565205788,0.7635135135135135,0.680650235972732,0.7220818747431228,0.3575949367088608,0.4870689655172414,0.40323266695023396,0.4441637494862455
0.16556641773524897,0.7635135135135135,0.6811746198217095,0.7223440666676115,0.3579725448785639,0.48741912293314166,0.4028073160357295,0.44468813333522295
0.16567737134214133,0.7635135135135135,0.6816990036706869,0.7226062585921003,0.3583509513742072,0.4877697841726618,0.40238196512122504,0.4452125171842004
0.1658984703010409,0.7635135135135135,0.6822233875196644,0.722868450516589,0.35873015873015873,0.4881209503239741,0.4019566142067205,0.44573690103317787
0.16594409532277765,0.7635135135135135,0.6827477713686418,0.7231306424410777,0.3591101694915254,0.48847262247838613,0.40153126329221606,0.44626128488215533
0.16604326883694193,0.7635135135135135,0.6832721552176193,0.7233928343655665,0.35949098621421,0.4888248017303533,0.4011059123777116,0.4467856687311328
0.16629300184354667,0.7635135135135135,0.6837965390665968,0.7236550262900552,0.35987261146496813,0.48917748917748916,0.40068056146320713,0.44731005258011025
0.16637991584226958,0.7612612612612613,0.6837965390665968,0.722528900163929,0.359192348565356,0.48808664259927803,0.40025521054870267,0.445057800327858
0.1664142971314185,0.7612612612612613,0.6843209229155742,0.7227910920884177,0.3595744680851064,0.48843930635838145,0.3998298596341982,0.4455821841768355
0.16654348697508917,0.7612612612612613,0.6848453067645517,0.7230532840129065,0.3599574014909478,0.48879248011569054,0.39940450871969374,0.44610656802581294
0.16676786867739232,0.759009009009009,0.6848453067645517,0.7219271578867803,0.35927505330490406,0.4876989869753979,0.3989791578051893,0.4438543157735607
0.16697931014951234,0.759009009009009,0.6853696906135291,0.722189349811269,0.35965848452508004,0.48805213613323684,0.3985538068906848,0.4443786996225382
0.16794210677547647,0.759009009009009,0.6858940744625066,0.7224515417357578,0.36004273504273504,0.4884057971014493,0.39812845597618035,0.44490308347151564
0.16803112439392498,0.759009009009009,0.686418458311484,0.7227137336602465,0.360427807486631,0.4887599709934735,0.3977031050616759,0.445427467320493
0.16829053177858855,0.759009009009009,0.6869428421604614,0.7229759255847352,0.360813704496788,0.4891146589259797,0.3972777541471714,0.44595185116947045
0.16836306741478596,0.759009009009009,0.6874672260094389,0.723238117509224,0.3612004287245445,0.4894698620188817,0.39685240323266696,0.4464762350184479
0.168486647819408,0.759009009009009,0.6879916098584163,0.7235003094337127,0.361587982832618,0.4898255813953489,0.3964270523181625,0.44700061886742537
0.16867203650253867,0.759009009009009,0.6885159937073938,0.7237625013582014,0.3619763694951665,0.4901818181818182,0.39600170140365804,0.44752500271640283
0.16869259679658896,0.759009009009009,0.6890403775563713,0.7240246932826901,0.36236559139784946,0.4905385735080058,0.39557635048915357,0.4480493865653803
0.16914182218596518,0.759009009009009,0.6895647614053487,0.7242868852071789,0.3627556512378902,0.4908958485069192,0.3951509995746491,0.44857377041435775
0.16929818782414302,0.759009009009009,0.6900891452543262,0.7245490771316676,0.36314655172413796,0.4912536443148688,0.39472564866014465,0.4490981542633352
0.16979451079140517,0.7567567567567568,0.6900891452543262,0.7234229510055414,0.36245954692556637,0.4901531728665208,0.3943002977456401,0.446845902011083
0.1697961664832481,0.7567567567567568,0.6906135291033036,0.7236851429300302,0.36285097192224625,0.4905109489051095,0.39387494683113566,0.44737028586006045
0.16991817014390462,0.7567567567567568,0.6911379129522811,0.7239473348545189,0.36324324324324325,0.4908692476260044,0.3934495959166312,0.4478946697090379
0.1700973267675942,0.7567567567567568,0.6916622968012586,0.7242095267790076,0.36363636363636365,0.4912280701754386,0.39302424500212674,0.44841905355801537
0.17042038028829523,0.7567567567567568,0.6921866806502359,0.7244717187034964,0.3640303358613218,0.4915874177029993,0.3925988940876223,0.4489434374069927
0.17047379113702962,0.7545045045045045,0.6921866806502359,0.7233455925773702,0.3633405639913232,0.4904831625183016,0.3921735431731178,0.4466911851547404
0.17073953239177178,0.7522522522522522,0.6921866806502359,0.722219466451244,0.36264929424538545,0.4893772893772893,0.39174819225861335,0.44443893290248815
0.17091822947169644,0.7522522522522522,0.6927110644992134,0.7224816583757327,0.3630434782608696,0.48973607038123174,0.3913228413441089,0.4449633167514656
0.17105197319666463,0.75,0.6927110644992134,0.7213555322496067,0.36235038084874865,0.4886280264123257,0.3908974904296044,0.4427110644992134
0.17122300874296523,0.75,0.6932354483481908,0.7216177241740954,0.3627450980392157,0.4889867841409691,0.39047213951509996,0.44323544834819084
0.17140874583671958,0.75,0.6937598321971683,0.7218799160985842,0.36314067611777534,0.48934606906686257,0.3900467886005955,0.4437598321971683
0.17150923317770053,0.75,0.6942842160461458,0.7221421080230729,0.3635371179039301,0.4897058823529411,0.38962143768609103,0.44428421604614576
0.17156967900664757,0.75,0.6948085998951232,0.7224042999475616,0.3639344262295082,0.49006622516556303,0.38919608677158657,0.4448085998951232
0.172108084596526,0.75,0.6953329837441007,0.7226664918720503,0.36433260393873085,0.4904270986745213,0.3887707358570821,0.4453329837441007
0.17224094384488703,0.75,0.6958573675930781,0.7229286837965391,0.3647316538882804,0.49078850405305824,0.38834538494257764,0.44585736759307815
0.17262675535280692,0.75,0.6963817514420556,0.7231908757210278,0.3651315789473684,0.49115044247787615,0.3879200340280732,0.4463817514420556
0.17292825383102092,0.75,0.6969061352910331,0.7234530676455165,0.36553238199780463,0.49151291512915124,0.3874946831135687,0.44690613529103307
0.1729976584325464,0.75,0.6974305191400105,0.7237152595700053,0.3659340659340659,0.49187592319054646,0.38706933219906425,0.44743051914001053
0.17321345265243185,0.75,0.697954902988988,0.723977451494494,0.36633663366336633,0.49223946784922407,0.38664398128455973,0.447954902988988
0.17352065891779628,0.75,0.6984792868379653,0.7242396434189826,0.3667400881057269,0.4926035502958581,0.38621863037005527,0.44847928683796534
0.17354515948876573,0.75,0.6990036706869428,0.7245018353434713,0.3671444321940463,0.49296817172464846,0.3857932794555508,0.4490036706869428
0.17367595578236947,0.7477477477477478,0.6990036706869428,0.7233757092173453,0.36644591611479027,0.4918518518518518,0.38536792854104635,0.4467514184346906
0.1739617564313819,0.7454954954954955,0.6990036706869428,0.7222495830912192,0.36574585635359114,0.4907338769458858,0.3849425776265419,0.44449916618243834
0.17407203261580484,0.7454954954954955,0.6995280545359203,0.722511775015708,0.3661504424778761,0.4910979228486647,0.3845172267120374,0.4450235500314158
0.1744220833829273,0.7454954954954955,0.7000524383848977,0.7227739669401967,0.36655592469545956,0.4914625092798812,0.38409187579753296,0.44554793388039327
0.1744554645015945,0.7454954954954955,0.7005768222338752,0.7230361588646854,0.3669623059866962,0.4918276374442794,0.3836665248830285,0.4460723177293707
0.17453173307335293,0.7454954954954955,0.7011012060828526,0.7232983507891741,0.36736958934517205,0.49219330855018595,0.38324117396852403,0.4465967015783482
0.1745705170408155,0.7454954954954955,0.7016255899318301,0.7235605427136629,0.36777777777777776,0.4925595238095238,0.38281582305401957,0.44712108542732565
0.17459816780930038,0.7454954954954955,0.7021499737808076,0.7238227346381516,0.3681868743047831,0.4929262844378257,0.3823904721395151,0.4476454692763031
0.1747239446246079,0.7454954954954955,0.702674357629785,0.7240849265626403,0.3685968819599109,0.49329359165424747,0.38196512122501064,0.44816985312528057
0.17506487257932765,0.7432432432432432,0.702674357629785,0.7229588004365142,0.36789297658862874,0.49217002237136465,0.3815397703105062,0.44591760087302823
0.17531739056615614,0.7432432432432432,0.7031987414787625,0.7232209923610029,0.36830357142857145,0.49253731343283585,0.3811144193960017,0.4464419847220057
0.17538385555672334,0.7432432432432432,0.70372312532774,0.7234831842854916,0.3687150837988827,0.4929051530993278,0.38068906848149725,0.44696636857098315
0.17552245476757333,0.740990990990991,0.70372312532774,0.7223570581593655,0.3680089485458613,0.4917787742899852,0.3802637175669928,0.4447141163187309
0.17570462101396608,0.7387387387387387,0.70372312532774,0.7212309320332393,0.3673012318029115,0.4906507105459985,0.3798383666524883,0.4424618640664787
0.17574992475395063,0.7387387387387387,0.7042475091767174,0.721493123957728,0.36771300448430494,0.4910179640718563,0.37941301573798386,0.44298624791545615
0.17589046986337153,0.7387387387387387,0.7047718930256948,0.7217553158822168,0.3681257014590348,0.4913857677902621,0.3789876648234794,0.4435106317644335
0.17604409365103116,0.7387387387387387,0.7052962768746722,0.7220175078067055,0.3685393258426966,0.49175412293853077,0.3785623139089749,0.44403501561341097
0.17613834758764516,0.7387387387387387,0.7058206607236497,0.7222796997311942,0.3689538807649044,0.4921230307576894,0.3781369629944704,0.4445593994623884
0.17635084173895701,0.7364864864864865,0.7058206607236497,0.721153573605068,0.36824324324324326,0.49099099099099097,0.37771161207996595,0.4423071472101362
0.1763556591531522,0.7364864864864865,0.7063450445726271,0.7214157655295568,0.3686583990980834,0.49135987978963186,0.3772862611654615,0.44283153105911366
0.17670227199336866,0.7364864864864865,0.7068694284216046,0.7216779574540455,0.3690744920993228,0.4917293233082707,0.376860910250957,0.4433559149080911
0.17681696096155308,0.7364864864864865,0.7073938122705821,0.7219401493785342,0.3694915254237288,0.492099322799097,0.37643555933645256,0.4438802987570686
0.1775563494209734,0.7364864864864865,0.7079181961195595,0.722202341303023,0.36990950226244346,0.4924698795180723,0.3760102084219481,0.44440468260604604
0.17761453636264862,0.7342342342342343,0.7079181961195595,0.7210762151768969,0.36919592298980747,0.49133383571966843,0.37558485750744364,0.4421524303537938
0.17778106922151485,0.7342342342342343,0.708442579968537,0.7213384071013856,0.36961451247165533,0.49170437405731515,0.3751595065929392,0.4426768142027713
0.17834219358772344,0.7319819819819819,0.708442579968537,0.7202122809752595,0.3688989784335982,0.4905660377358491,0.3747341556784347,0.44042456195051893
0.17840458653565475,0.7319819819819819,0.7089669638175145,0.7204744728997482,0.3693181818181818,0.49093655589123864,0.37430880476393025,0.4409489457994964
0.1785046401141976,0.7297297297297297,0.7089669638175145,0.7193483467736221,0.36860068259385664,0.48979591836734687,0.3738834538494258,0.43869669354724417
0.17853527702869945,0.7297297297297297,0.7094913476664919,0.7196105386981109,0.3690205011389522,0.4901664145234494,0.3734581029349213,0.4392210773962216
0.17899615891712842,0.7297297297297297,0.7100157315154694,0.7198727306225996,0.3694412770809578,0.4905374716124149,0.37303275202041686,0.4397454612451991
0.17904135907536198,0.7297297297297297,0.7105401153644467,0.7201349225470882,0.3698630136986301,0.49090909090909085,0.3726074011059124,0.44026984509417644
0.17908298998339545,0.7297297297297297,0.7110644992134242,0.720397114471577,0.3702857142857143,0.49128127369219105,0.37218205019140793,0.4407942289431539
0.17911461092617773,0.7297297297297297,0.7115888830624016,0.7206593063960657,0.3707093821510298,0.49165402124430957,0.37175669927690347,0.44131861279213136
0.17915821731807935,0.7297297297297297,0.7121132669113791,0.7209214983205544,0.3711340206185567,0.49202733485193617,0.371331348362399,0.4418429966411088
0.17930172443593945,0.7274774774774775,0.7121132669113791,0.7197953721944284,0.3704128440366973,0.4908814589665654,0.3709059974478945,0.4395907443888566
0.17935365276947438,0.7274774774774775,0.7126376507603566,0.7200575641189171,0.37083811710677383,0.49125475285171105,0.37048064653339,0.44011512823783405
0.1794720309905095,0.7274774774774775,0.713162034609334,0.7203197560434058,0.37126436781609196,0.4916286149162862,0.37005529561888556,0.4406395120868115
0.1796945252501818,0.7274774774774775,0.7136864184583115,0.7205819479678945,0.3716915995397008,0.4920030464584921,0.3696299447043811,0.441163895935789
0.17969765433641616,0.7274774774774775,0.714210802307289,0.7208441398923833,0.3721198156682028,0.49237804878048785,0.36920459378987663,0.44168827978476644
0.1797009743212868,0.7274774774774775,0.7147351861562664,0.721106331816872,0.37254901960784315,0.4927536231884058,0.36877924287537217,0.4422126636337439
0.17981045358772862,0.7274774774774775,0.7152595700052439,0.7213685237413607,0.3729792147806005,0.4931297709923665,0.3683538919608677,0.44273704748272136
0.1801643051755389,0.7274774774774775,0.7157839538542213,0.7216307156658495,0.37341040462427744,0.49350649350649345,0.36792854104636324,0.4432614313316988
0.18034127393418245,0.7274774774774775,0.7163083377031988,0.7218929075903382,0.3738425925925926,0.49388379204892974,0.3675031901318588,0.4437858151806763
0.1803774450832023,0.7274774774774775,0.7168327215521761,0.7221550995148268,0.3742757821552723,0.49426166794185156,0.3670778392173543,0.44431019902965363
0.18040118685172404,0.7274774774774775,0.7173571054011536,0.7224172914393155,0.37470997679814383,0.4946401225114855,0.36665248830284985,0.4448345828786311
0.18078588057732192,0.7252252252252253,0.7173571054011536,0.7212911653131895,0.37398373983739835,0.49348659003831424,0.3662271373883454,0.44258233062637886
0.18084777128155524,0.7252252252252253,0.7178814892501311,0.7215533572376782,0.3744186046511628,0.4938650306748467,0.36580178647384093,0.4431067144753563
0.1809914272707945,0.7252252252252253,0.7184058730991085,0.721815549162167,0.37485448195576254,0.4942440521872602,0.36537643555933647,0.4436310983243338
0.18184253554019095,0.722972972972973,0.7184058730991085,0.7206894230360408,0.3741258741258741,0.4930875576036866,0.364951084644832,0.44137884607208155
0.1820657204573134,0.722972972972973,0.718930256948086,0.7209516149605295,0.37456242707117854,0.49346656418139895,0.36452573373032754,0.441903229921059
0.1822059145412113,0.7207207207207207,0.718930256948086,0.7198254888344033,0.37383177570093457,0.49230769230769234,0.3641003828158231,0.4396509776688067
0.18235264664883305,0.7207207207207207,0.7194546407970634,0.7200876807588921,0.3742690058479532,0.49268668206312544,0.3636750319013186,0.44017536151778414
0.18279903264059255,0.7207207207207207,0.7199790246460409,0.7203498726833808,0.3747072599531616,0.49306625577812024,0.3632496809868141,0.4406997453667616
0.18315618765640151,0.7207207207207207,0.7205034084950184,0.7206120646078695,0.37514654161781946,0.4934464148033924,0.36282433007230963,0.44122412921573906
0.18321763296472515,0.7207207207207207,0.7210277923439958,0.7208742565323583,0.3755868544600939,0.4938271604938272,0.36239897915780517,0.4417485130647165
0.18372788014499156,0.7207207207207207,0.7215521761929733,0.721136448456847,0.37602820211515864,0.49420849420849416,0.3619736282433007,0.442272896913694
0.18437763317121925,0.7207207207207207,0.7220765600419508,0.7213986403813357,0.3764705882352941,0.49459041731066455,0.36154827732879624,0.44279728076267144
0.1845066465268794,0.7184684684684685,0.7220765600419508,0.7202725142552096,0.375736160188457,0.4934261407579273,0.3611229264142918,0.4405450285104192
0.1848206487370501,0.7184684684684685,0.7226009438909281,0.7205347061796983,0.3761792452830189,0.49380804953560375,0.3606975754997873,0.44106941235939656
0.1854782506203344,0.7184684684684685,0.7231253277399056,0.720796898104187,0.37662337662337664,0.4941905499612704,0.36027222458528285,0.441593796208374
0.1855572344733229,0.7184684684684685,0.723649711588883,0.7210590900286757,0.37706855791962174,0.4945736434108527,0.3598468736707784,0.4421181800573515
0.1857720659048453,0.7162162162162162,0.723649711588883,0.7199329639025496,0.3763313609467456,0.4934057408844065,0.3594215227562739,0.43986592780509925
0.18587046645127112,0.7162162162162162,0.7241740954378605,0.7201951558270383,0.3767772511848341,0.49378881987577633,0.35899617184176946,0.4403903116540767
0.18699055681752885,0.7162162162162162,0.724698479286838,0.720457347751527,0.37722419928825623,0.49417249417249426,0.358570820927265,0.4409146955030542
0.18734350288345672,0.7162162162162162,0.7252228631358154,0.7207195396760158,0.37767220902612825,0.49455676516329705,0.35814547001276054,0.44143907935203164
0.18740168218253261,0.7162162162162162,0.7257472469847929,0.7209817316005045,0.37812128418549346,0.49494163424124515,0.3577201190982561,0.4419634632010091
0.18759861948449946,0.7162162162162162,0.7262716308337703,0.7212439235249932,0.37857142857142856,0.49532710280373826,0.3572947681837516,0.44248784704998656
0.18776398585808826,0.7162162162162162,0.7267960146827478,0.721506115449482,0.37902264600715135,0.4957131722525332,0.35686941726924715,0.443012230898964
0.18782979342434403,0.7162162162162162,0.7273203985317253,0.7217683073739707,0.3794749403341289,0.4960998439937597,0.3564440663547427,0.4435366147479415
0.1878572724992468,0.7162162162162162,0.7278447823807027,0.7220304992984594,0.37992831541218636,0.49648711943793905,0.3560187154402382,0.44406099859691894
0.18813025176641124,0.7162162162162162,0.7283691662296802,0.7222926912229481,0.3803827751196172,0.496875,0.35559336452573376,0.4445853824458964
0.18839377678703606,0.7162162162162162,0.7288935500786575,0.7225548831474369,0.38083832335329343,0.4972634870992963,0.35516801361122924,0.44510976629487375
0.18843951872379675,0.7162162162162162,0.729417933927635,0.7228170750719256,0.381294964028777,0.4976525821596244,0.3547426626967248,0.4456341501438512
0.18845686152177543,0.713963963963964,0.729417933927635,0.7216909489457994,0.38055222088835533,0.4964761158966327,0.3543173117822203,0.443381897891599
0.1884777478905168,0.713963963963964,0.7299423177766124,0.7219531408702882,0.38100961538461536,0.49686520376175547,0.35389196086771585,0.44390628174057645
0.18864184103372653,0.713963963963964,0.7304667016255899,0.7222153327947769,0.381468110709988,0.4972549019607843,0.3534666099532114,0.4444306655895539
0.18868549174811236,0.713963963963964,0.7309910854745674,0.7224775247192656,0.3819277108433735,0.49764521193092626,0.3530412590387069,0.44495504943853137
0.18931206418972327,0.713963963963964,0.7315154693235448,0.7227397166437544,0.3823884197828709,0.49803613511390415,0.35261590812420246,0.44547943328750883
0.18942486136156067,0.7117117117117117,0.7315154693235448,0.7216135905176282,0.38164251207729466,0.4968553459119496,0.352190557209698,0.4432271810352565
0.1900040226823465,0.7094594594594594,0.7315154693235448,0.7204874643915021,0.3808948004836759,0.49567269866247043,0.35176520629519353,0.44097492878300426
0.19003266579221037,0.7072072072072072,0.7315154693235448,0.7193613382653761,0.3801452784503632,0.4944881889763779,0.35133985538068907,0.43872267653075203
0.19018249959234942,0.704954954954955,0.7315154693235448,0.7182352121392499,0.3793939393939394,0.4933018124507486,0.3509145044661846,0.4364704242784998
0.19018367056801638,0.704954954954955,0.7320398531725223,0.7184974040637386,0.37985436893203883,0.4936908517350157,0.35048915355168014,0.43699480812747726
0.19039803395562271,0.704954954954955,0.7325642370214998,0.7187595959882274,0.38031591737545567,0.49408050513022894,0.3500638026371757,0.4375191919764547
0.19057320090823035,0.704954954954955,0.7330886208704772,0.7190217879127161,0.38077858880778587,0.49447077409162715,0.3496384517226712,0.4380435758254322
0.1917574178878796,0.7027027027027027,0.7330886208704772,0.7178956617865899,0.3800243605359318,0.4932806324110672,0.34921310080816675,0.43579132357317996
0.19248322098357806,0.7027027027027027,0.7336130047194547,0.7181578537110787,0.3804878048780488,0.4936708860759494,0.3487877498936623,0.4363157074221574
0.1926954298270551,0.7027027027027027,0.7341373885684321,0.7184200456355674,0.38095238095238093,0.494061757719715,0.34836239897915783,0.4368400912711349
0.19269811941903345,0.7027027027027027,0.7346617724174096,0.7186822375600561,0.38141809290953543,0.4944532488114104,0.34793704806465336,0.43736447512011234
0.19341817673355102,0.7027027027027027,0.735186156266387,0.7189444294845448,0.3818849449204406,0.4948453608247423,0.34751169715014885,0.4378888589690897
0.19370261122211546,0.7027027027027027,0.7357105401153644,0.7192066214090336,0.38235294117647056,0.4952380952380953,0.3470863462356444,0.43841324281806715
0.19384140556317203,0.7027027027027027,0.7362349239643419,0.7194688133335223,0.38282208588957056,0.4956314535345513,0.3466609953211399,0.4389376266670446
0.19392088956267375,0.7027027027027027,0.7367593078133193,0.719731005258011,0.3832923832923833,0.49602543720190784,0.34623564440663546,0.4394620105160221
0.19408026730362818,0.7027027027027027,0.7372836916622968,0.7199931971824998,0.3837638376383764,0.49642004773269693,0.345810293492131,0.43998639436499953
0.19408154192403393,0.7027027027027027,0.7378080755112743,0.7202553891069885,0.3842364532019704,0.49681528662420377,0.34538494257762653,0.440510778213977
0.19409236611909841,0.7004504504504504,0.7378080755112743,0.7191292629808623,0.3834771886559803,0.49561752988047814,0.34495959166312207,0.43825852596172465
0.19413870454575016,0.7004504504504504,0.7383324593602517,0.7193914549053511,0.38395061728395063,0.496012759170654,0.3445342407486176,0.4387829098107021
0.1943012894175159,0.7004504504504504,0.7388568432092292,0.7196536468298398,0.38442521631644005,0.49640861931364727,0.34410888983411314,0.4393072936596796
0.19443563538319958,0.7004504504504504,0.7393812270582066,0.7199158387543285,0.3849009900990099,0.49680511182108633,0.3436835389196087,0.43983167750865704
0.19485188193564734,0.7004504504504504,0.7399056109071841,0.7201780306788172,0.3853779429987608,0.49720223820943243,0.3432581880051042,0.4403560613576345
0.19510246046544896,0.7004504504504504,0.7404299947561616,0.720440222603306,0.3858560794044665,0.4976,0.34283283709059975,0.44088044520661196
0.1953435147711341,0.6981981981981982,0.7404299947561616,0.7193140964771798,0.38509316770186336,0.49639711769415534,0.3424074861760953,0.43862819295435973
0.19543343092860777,0.6981981981981982,0.7409543786051389,0.7195762884016685,0.3855721393034826,0.49679487179487186,0.3419821352615908,0.4391525768033371
0.1955476347462008,0.6981981981981982,0.7414787624541164,0.7198384803261573,0.386052303860523,0.4971932638331997,0.34155678434708636,0.43967696065231454
0.1956036667940691,0.6981981981981982,0.7420031463030938,0.720100672250646,0.3865336658354115,0.49759229534510435,0.3411314334325819,0.440201344501292
0.1957145904466191,0.6981981981981982,0.7425275301520713,0.7203628641751347,0.38701622971285893,0.49799196787148586,0.34070608251807744,0.44072572835026946
0.1965213982226897,0.6959459459459459,0.7425275301520713,0.7192367380490086,0.38625,0.4967845659163987,0.340280731603573,0.43847347609801723
0.19752926427956324,0.6959459459459459,0.7430519140010488,0.7194989299734973,0.3867334167709637,0.49718423169750603,0.3398553806890685,0.4389978599469947
0.19782212546337835,0.6959459459459459,0.7435762978500262,0.719761121897986,0.38721804511278196,0.4975845410628019,0.339430029774564,0.43952224379597216
0.19794428488668353,0.6936936936936937,0.7435762978500262,0.71863499577186,0.3864491844416562,0.4963738920225625,0.3390046788600595,0.4372699915437199
0.19806040341298953,0.6914414414414415,0.7435762978500262,0.7175088696457339,0.38567839195979897,0.4951612903225807,0.33857932794555506,0.4350177392914677
0.19821478941589055,0.6914414414414415,0.7441006816990037,0.7177710615702226,0.38616352201257864,0.49556093623890235,0.3381539770310506,0.43554212314044516
0.19872122061290096,0.6914414414414415,0.7446250655479811,0.7180332534947114,0.3866498740554156,0.4959612277867528,0.33772862611654614,0.4360665069894226
0.19880407793209837,0.6891891891891891,0.7446250655479811,0.7169071273685852,0.3858764186633039,0.4947453516572352,0.3373032752020417,0.4338142547371703
0.19904557786146296,0.6891891891891891,0.7451494493969586,0.7171693192930739,0.38636363636363635,0.49514563106796117,0.3368779242875372,0.43433863858614774
0.19919316220007538,0.6869369369369369,0.7451494493969586,0.7160431931669478,0.38558786346396967,0.49392712550607293,0.33645257337303275,0.4320863863338955
0.1992443962544952,0.6846846846846847,0.7451494493969586,0.7149170670408216,0.3848101265822785,0.4927066450567262,0.3360272224585283,0.4298341340816433
0.19954237595876342,0.6824324324324325,0.7451494493969586,0.7137909409146955,0.3840304182509506,0.49148418491484186,0.3356018715440238,0.42758188182939105
0.19961482185560997,0.6824324324324325,0.7456738332459361,0.7140531328391843,0.38451776649746194,0.4918831168831169,0.33517652062951936,0.4281062656783685
0.19982126573395145,0.6824324324324325,0.7461982170949135,0.714315324763673,0.3850063532401525,0.49228269699431365,0.3347511697150149,0.428630649527346
0.1998568136398896,0.6824324324324325,0.746722600943891,0.7145775166881617,0.38549618320610685,0.4926829268292683,0.33432581880051043,0.42915503337632344
0.19989453593111325,0.6824324324324325,0.7472469847928683,0.7148397086126503,0.38598726114649684,0.49308380797396256,0.33390046788600597,0.4296794172253008
0.20027476254238813,0.6824324324324325,0.7477713686418458,0.7151019005371391,0.3864795918367347,0.49348534201954397,0.3334751169715015,0.43020380107427825
0.20044517552138783,0.6824324324324325,0.7482957524908233,0.7153640924616278,0.38697318007662834,0.4938875305623472,0.33304976605699704,0.4307281849232557
0.2008563644189665,0.6824324324324325,0.7488201363398007,0.7156262843861165,0.3874680306905371,0.4942903752039151,0.3326244151424926,0.43125256877223317
0.2013032097771232,0.6824324324324325,0.7493445201887782,0.7158884763106053,0.3879641485275288,0.4946938775510205,0.3321990642279881,0.43177695262121063
0.20186202167252834,0.6824324324324325,0.7498689040377556,0.716150668235094,0.38846153846153847,0.4950980392156863,0.3317737133134836,0.4323013364701881
0.20241643838783918,0.6824324324324325,0.7503932878867331,0.7164128601595827,0.3889602053915276,0.4955028618152085,0.33134836239897913,0.43282572031916555
0.20245256451230212,0.6801801801801802,0.7503932878867331,0.7152867340334567,0.38817480719794345,0.4942716857610474,0.33092301148447467,0.4305734680669133
0.20283411585651454,0.6779279279279279,0.7503932878867331,0.7141606079073305,0.38738738738738737,0.49303849303849306,0.3304976605699702,0.428321215814661
0.2029620557939975,0.6779279279279279,0.7509176717357106,0.7144227998318192,0.38788659793814434,0.49344262295081964,0.33007230965546575,0.42884559966363844
0.20329483493507788,0.6779279279279279,0.751442055584688,0.714684991756308,0.38838709677419353,0.4938474159146841,0.3296469587409613,0.4293699835126159
0.20370812695430227,0.6756756756756757,0.751442055584688,0.7135588656301819,0.3875968992248062,0.49261083743842365,0.3292216078264568,0.4271177312603637
0.2042214259219169,0.6734234234234234,0.751442055584688,0.7124327395040557,0.3868046571798189,0.49137222678718157,0.32879625691195236,0.42486547900811145
0.2042487684706285,0.6734234234234234,0.7519664394336655,0.7126949314285445,0.3873056994818653,0.4917763157894737,0.3283709059974479,0.4253898628570889
0.20427343057296216,0.6734234234234234,0.7524908232826429,0.7129571233530332,0.38780804150453957,0.4921810699588477,0.32794555508294343,0.42591424670606637
0.20450957226669764,0.6734234234234234,0.7530152071316204,0.7132193152775219,0.38831168831168833,0.49258649093904455,0.32752020416843897,0.42643863055504383
0.20468748729018274,0.6734234234234234,0.7535395909805978,0.7134815072020106,0.38881664499349805,0.49299258037922505,0.3270948532539345,0.4269630144040212
0.20483949446065572,0.6734234234234234,0.7540639748295752,0.7137436991264994,0.3893229166666667,0.49339933993399343,0.32666950233943004,0.42748739825299864
0.20547544643938928,0.6711711711711712,0.7540639748295752,0.7126175730003732,0.38852672750977835,0.49215524360033025,0.3262441514249256,0.4252351460007464
0.20593054821860918,0.6711711711711712,0.7545883586785527,0.7128797649248619,0.38903394255874674,0.4925619834710743,0.3258188005104211,0.4257595298497239
0.20604027401986932,0.6711711711711712,0.7551127425275301,0.7131419568493507,0.3895424836601307,0.4929693961952027,0.32539344959591665,0.42628391369870133
0.20633844047300134,0.6711711711711712,0.7556371263765076,0.7134041487738394,0.3900523560209424,0.49337748344370863,0.3249680986814122,0.4268082975476788
0.20637972815148967,0.668918918918919,0.7556371263765076,0.7122780226477132,0.3892529488859764,0.4921292460646231,0.3245427477669077,0.42455604529542657
0.20675532125410506,0.668918918918919,0.7561615102254851,0.712540214572202,0.38976377952755903,0.49253731343283574,0.3241173968524032,0.425080429144404
0.2068573530092804,0.668918918918919,0.7566858940744625,0.7128024064966907,0.3902759526938239,0.49294605809128633,0.32369204593789874,0.4256048129933815
0.20726532990816562,0.668918918918919,0.75721027792344,0.7130645984211794,0.3907894736842105,0.49335548172757476,0.3232666950233943,0.42612919684235895
0.2073861103084402,0.668918918918919,0.7577346617724174,0.7133267903456681,0.391304347826087,0.4937655860349127,0.3228413441088898,0.4266535806913364
0.20747974600851046,0.668918918918919,0.7582590456213949,0.7135889822701569,0.391820580474934,0.4941763727121464,0.32241599319438535,0.42717796454031387
0.20755321798706203,0.668918918918919,0.7587834294703724,0.7138511741946456,0.39233817701453105,0.49458784346378026,0.3219906422798809,0.42770234838929133
0.20805656513168147,0.6666666666666666,0.7587834294703724,0.7127250480685194,0.3915343915343915,0.49333333333333335,0.3215652913653764,0.425450096137039
0.20842839515667655,0.6666666666666666,0.7593078133193497,0.7129872399930082,0.3920529801324503,0.49374478732276894,0.32113994045087196,0.42597447998601634
0.20883315546102113,0.6666666666666666,0.7598321971683272,0.7132494319174969,0.3925729442970822,0.4941569282136895,0.3207145895363675,0.4264988638349938
0.20893169610485657,0.6644144144144144,0.7598321971683272,0.7121233057913707,0.39176626826029215,0.49289891395154556,0.32028923862186304,0.4242466115827416
0.2090523884153609,0.6621621621621622,0.7598321971683272,0.7109971796652447,0.39095744680851063,0.4916387959866221,0.3198638877073586,0.42199435933048934
0.20936226906145877,0.6621621621621622,0.7603565810173046,0.7112593715897334,0.3914780292942743,0.49205020920502096,0.3194385367928541,0.4225187431794668
0.20941561143302598,0.6621621621621622,0.7608809648662821,0.7115215635142221,0.392,0.492462311557789,0.31901318587834965,0.42304312702844427
0.2104065260883854,0.6621621621621622,0.7614053487152596,0.7117837554387109,0.3925233644859813,0.49287510477787094,0.3185878349638452,0.4235675108774217
0.21096388389994433,0.6621621621621622,0.761929732564237,0.7120459473631996,0.393048128342246,0.4932885906040268,0.3181624840493407,0.4240918947263992
0.2113289195889291,0.6621621621621622,0.7624541164132145,0.7123081392876883,0.39357429718875503,0.49370277078085645,0.31773713313483626,0.42461627857537665
0.21159955718280563,0.6621621621621622,0.7629785002621919,0.712570331212177,0.3941018766756032,0.49411764705882355,0.3173117822203318,0.4251406624243541
0.211849392272624,0.6621621621621622,0.7635028841111694,0.7128325231366658,0.3946308724832215,0.4945332211942809,0.31688643130582733,0.42566504627333157
0.21195274652505394,0.6621621621621622,0.7640272679601469,0.7130947150611545,0.3951612903225806,0.4949494949494949,0.31646108039132287,0.42618943012230903
0.21208273822255116,0.6621621621621622,0.7645516518091243,0.7133569069856432,0.39569313593539707,0.49536647009267065,0.31603572947681835,0.4267138139712865
0.21214449880435138,0.6621621621621622,0.7650760356581018,0.713619098910132,0.39622641509433965,0.4957841483979764,0.3156103785623139,0.42723819782026395
0.21353063999105334,0.6599099099099099,0.7650760356581018,0.7124929727840059,0.39541160593792174,0.49451476793248944,0.3151850276478094,0.4249859455680117
0.21431958745805624,0.6576576576576577,0.7650760356581018,0.7113668466578797,0.3945945945945946,0.49324324324324326,0.31475967673330496,0.4227336933157595
0.21496279903657733,0.6554054054054054,0.7650760356581018,0.7102407205317536,0.39377537212449254,0.4919695688926457,0.3143343258188005,0.42048144106350716
0.21505165613669414,0.6554054054054054,0.7656004195070791,0.7105029124562423,0.3943089430894309,0.4923857868020304,0.31390897490429603,0.4210058249124845
0.21524003712103457,0.6554054054054054,0.7661248033560566,0.710765104380731,0.3948439620081411,0.4928027095681625,0.31348362398979157,0.42153020876146197
0.21547403121701297,0.6554054054054054,0.766649187205034,0.7110272963052198,0.3953804347826087,0.49322033898305084,0.3130582730752871,0.4220545926104394
0.21559590826307512,0.6554054054054054,0.7671735710540115,0.7112894882297085,0.39591836734693875,0.49363867684478374,0.31263292216078264,0.4225789764594169
0.21674752610584797,0.6554054054054054,0.767697954902989,0.7115516801541972,0.39645776566757496,0.49405772495755523,0.3122075712462782,0.42310336030839435
0.21688562234852632,0.6554054054054054,0.7682223387519664,0.711813872078686,0.3969986357435198,0.4944774851316907,0.3117822203317737,0.4236277441573718
0.21694694052623506,0.6554054054054054,0.7687467226009439,0.7120760640031747,0.3975409836065574,0.49489795918367346,0.31135686941726926,0.42415212800634927
0.21717883132806842,0.6554054054054054,0.7692711064499214,0.7123382559276634,0.39808481532147744,0.49531914893617024,0.3109315185027648,0.42467651185532673
0.21784476019119908,0.6554054054054054,0.7697954902988988,0.7126004478521522,0.39863013698630134,0.49574105621805786,0.31050616758826033,0.4252008957043042
0.21842783809288682,0.6554054054054054,0.7703198741478763,0.7128626397766409,0.3991769547325103,0.4961636828644501,0.31008081667375587,0.42572527955328165
0.2184362090441313,0.6554054054054054,0.7708442579968537,0.7131248317011296,0.39972527472527475,0.49658703071672355,0.3096554657592514,0.4262496634022591
0.2184938156790218,0.6531531531531531,0.7708442579968537,0.7119987055750034,0.3988995873452545,0.49530315969257044,0.30923011484474694,0.4239974111500069
0.21868284257906084,0.6509009009009009,0.7708442579968537,0.7108725794488773,0.39807162534435264,0.49401709401709404,0.3088047639302425,0.42174515889775466
0.21883699344625634,0.6509009009009009,0.7713686418458311,0.711134771373366,0.3986206896551724,0.4944396920444824,0.30837941301573796,0.422269542746732
0.21917003503188467,0.6509009009009009,0.7718930256948086,0.7113969632978547,0.39917127071823205,0.49486301369863006,0.3079540621012335,0.42279392659570947
0.21946413036005094,0.6509009009009009,0.772417409543786,0.7116591552223435,0.3997233748271093,0.4952870608397601,0.30752871118672903,0.42331831044468693
0.21982913677292606,0.6486486486486487,0.772417409543786,0.7105330290962173,0.3988919667590028,0.4939965694682676,0.30710336027222457,0.4210660581924347
0.2198612651336484,0.6486486486486487,0.7729417933927635,0.710795221020706,0.39944521497919555,0.4944206008583691,0.3066780093577201,0.42159044204141216
0.2199624898681331,0.6486486486486487,0.7734661772417409,0.7110574129451948,0.4,0.49484536082474234,0.30625265844321564,0.4221148258903896
0.22002640254020514,0.6463963963963963,0.7734661772417409,0.7099312868190686,0.3991655076495132,0.4935511607910577,0.3058273075287112,0.4198625736381373
0.2200847247992166,0.6441441441441441,0.7734661772417409,0.7088051606929425,0.3983286908077994,0.4922547332185886,0.3054019566142067,0.41761032138588505
0.22050949329043143,0.6441441441441441,0.7739905610907184,0.7090673526174313,0.398884239888424,0.49267872523686473,0.30497660569970225,0.4181347052348625
0.22096145512562876,0.6418918918918919,0.7739905610907184,0.7079412264913052,0.39804469273743015,0.4913793103448275,0.3045512547851978,0.4158824529826103
0.22118969343167616,0.6396396396396397,0.7739905610907184,0.706815100365179,0.3972027972027972,0.4900776531492666,0.3041259038706933,0.41363020073035806
0.22132819092041223,0.6373873873873874,0.7739905610907184,0.7056889742390529,0.3963585434173669,0.48877374784110533,0.30370055295618886,0.4113779484781058
0.22167931839290528,0.6373873873873874,0.7745149449396959,0.7059511661635416,0.39691444600280507,0.4891961970613655,0.3032752020416844,0.4119023323270833
0.2216901943049346,0.6373873873873874,0.7750393287886733,0.7062133580880303,0.39747191011235955,0.48961937716262977,0.30284985112717994,0.41242671617606075
0.22173643207305352,0.6351351351351351,0.7750393287886733,0.7050872319619041,0.39662447257383965,0.4883116883116882,0.3024245002126755,0.4101744639238084
0.22176489515544084,0.6351351351351351,0.7755637126376508,0.7053494238863929,0.3971830985915493,0.48873483535528606,0.301999149298171,0.41069884777278587
0.22222260092947582,0.6351351351351351,0.7760880964866282,0.7056116158108816,0.39774330042313116,0.48915871639202074,0.30157379838366655,0.41122323162176333
0.22245735809587963,0.6328828828828829,0.7760880964866282,0.7044854896847556,0.3968926553672316,0.4878472222222221,0.3011484474691621,0.4089709793695111
0.22252248615796738,0.6328828828828829,0.7766124803356057,0.7047476816092443,0.39745403111739747,0.48827106863596875,0.30072309655465757,0.40949536321848856
0.22254379022300436,0.6328828828828829,0.7771368641845832,0.705009873533733,0.3980169971671388,0.48869565217391303,0.3002977456401531,0.410019747067466
0.22270981129332507,0.6328828828828829,0.7776612480335605,0.7052720654582216,0.39858156028368796,0.48912097476066146,0.29987239472564864,0.4105441309164434
0.22301302749692178,0.6306306306306306,0.7776612480335605,0.7041459393320956,0.3977272727272727,0.48780487804878053,0.2994470438111442,0.40829187866419114
0.22398533321772834,0.6283783783783784,0.7776612480335605,0.7030198132059695,0.3968705547652916,0.48648648648648646,0.2990216928966397,0.4060396264119389
0.2240286294773303,0.6283783783783784,0.778185631882538,0.7032820051304582,0.3974358974358974,0.4869109947643979,0.29859634198213525,0.4065640102609164
0.2244934800537466,0.6261261261261262,0.778185631882538,0.7021558790043321,0.39657631954350925,0.485589519650655,0.2981709910676308,0.40431175800866415
0.22460453951563944,0.6261261261261262,0.7787100157315154,0.7024180709288208,0.39714285714285713,0.486013986013986,0.2977456401531263,0.4048361418576416
0.22482779715461915,0.6261261261261262,0.7792343995804929,0.7026802628533095,0.3977110157367668,0.4864391951006125,0.29732028923862186,0.40536052570661907
0.22525981398583633,0.6261261261261262,0.7797587834294704,0.7029424547777983,0.3982808022922636,0.4868651488616463,0.2968949383241174,0.40588490955559653
0.22561480246905335,0.6238738738738738,0.7797587834294704,0.7018163286516721,0.39741750358680056,0.48553900087642415,0.29646958740961293,0.4036326573033442
0.225880177505783,0.6238738738738738,0.7802831672784478,0.7020785205761608,0.39798850574712646,0.48596491228070177,0.29604423649510847,0.40415704115232165
0.22634350842339207,0.6238738738738738,0.7808075511274253,0.7023407125006496,0.3985611510791367,0.4863915715539947,0.295618885580604,0.4046814250012991
0.22684609909549175,0.6238738738738738,0.7813319349764027,0.7026029044251383,0.39913544668587897,0.4868189806678383,0.29519353466609954,0.40520580885027657
0.22760917556888918,0.6238738738738738,0.7818563188253802,0.702865096349627,0.3997113997113997,0.4872471416007036,0.2947681837515951,0.40573019269925403
0.22813517801277117,0.6216216216216216,0.7818563188253802,0.7017389702235008,0.3988439306358382,0.4859154929577465,0.2943428328370906,0.4034779404470018
0.22826501390291162,0.6216216216216216,0.7823807026743577,0.7020011621479896,0.3994211287988423,0.4863436123348017,0.29391748192258615,0.40400232429597926
0.2282674151716562,0.6216216216216216,0.7829050865233351,0.7022633540724783,0.4,0.4867724867724868,0.2934921310080817,0.4045267081449567
0.22962860765193302,0.6193693693693694,0.7829050865233351,0.7011372279463522,0.3991291727140784,0.48543689320388345,0.29306678009357723,0.4022744558927045
0.2296880156158507,0.6193693693693694,0.7834294703723126,0.701399419870841,0.3997093023255814,0.4858657243816255,0.2926414291790727,0.40279883974168196
0.23044163715430008,0.6171171171171171,0.7834294703723126,0.7002732937447149,0.3988355167394469,0.484526967285588,0.29221607826456825,0.40054658748942973
0.23044879345406516,0.6171171171171171,0.7839538542212899,0.7005354856692035,0.39941690962099125,0.4849557522123894,0.2917907273500638,0.4010709713384071
0.23049806896090294,0.6148648648648649,0.7839538542212899,0.6994093595430775,0.39854014598540144,0.48361381753764393,0.2913653764355593,0.39881871908615485
0.23099046703291948,0.6148648648648649,0.7844782380702674,0.6996715514675662,0.3991228070175439,0.4840425531914894,0.29094002552105486,0.3993431029351323
0.23126438264811933,0.6148648648648649,0.7850026219192449,0.6999337433920549,0.39970717423133234,0.484472049689441,0.2905146746065504,0.39986748678410977
0.2312652536456058,0.6126126126126126,0.7850026219192449,0.6988076172659288,0.39882697947214074,0.4831261101243338,0.29008932369204593,0.39761523453185743
0.2314449959789165,0.6126126126126126,0.7855270057682223,0.6990698091904175,0.39941262848751835,0.48355555555555557,0.28966397277754147,0.3981396183808349
0.23206986736480809,0.6126126126126126,0.7860513896171998,0.6993320011149062,0.4,0.4839857651245552,0.289238621863037,0.39866400222981235
0.2323647961378748,0.6126126126126126,0.7865757734661772,0.699594193039395,0.4005891016200295,0.48441674087266257,0.28881327094853254,0.3991883860787898
0.23285692926227594,0.6126126126126126,0.7871001573151547,0.6998563849638837,0.40117994100294985,0.4848484848484849,0.2883879200340281,0.3997127699277673
0.23343253372719777,0.6126126126126126,0.7876245411641322,0.7001185768883724,0.4017725258493353,0.4852809991079393,0.2879625691195236,0.40023715377674474
0.23404408867507737,0.6126126126126126,0.7881489250131096,0.7003807688128612,0.40236686390532544,0.48571428571428565,0.28753721820501915,0.4007615376257222
0.23508892695503447,0.6126126126126126,0.7886733088620871,0.7006429607373499,0.40296296296296297,0.48614834673815904,0.2871118672905147,0.40128592147469966
0.23531556065911213,0.6103603603603603,0.7886733088620871,0.6995168346112237,0.4020771513353116,0.4847942754919499,0.2866865163760102,0.39903366922244743
0.23532482978608177,0.6103603603603603,0.7891976927110645,0.6997790265357124,0.4026745913818722,0.4852282900626679,0.28626116546150576,0.3995580530714249
0.23544063692130476,0.6103603603603603,0.7897220765600419,0.7000412184602012,0.40327380952380953,0.4856630824372759,0.2858358145470013,0.40008243692040224
0.2355458461633471,0.6081081081081081,0.7897220765600419,0.698915092334075,0.40238450074515647,0.484304932735426,0.28541046363249684,0.39783018466815
0.23582908783087006,0.6081081081081081,0.7902464604090194,0.6991772842585637,0.40298507462686567,0.4847396768402154,0.2849851127179923,0.39835456851712747
0.23602622039143906,0.6058558558558559,0.7902464604090194,0.6980511581324376,0.4020926756352765,0.48337825696316267,0.28455976180348785,0.39610231626487524
0.23658406590431436,0.6058558558558559,0.7907708442579968,0.6983133500569263,0.4026946107784431,0.48381294964028776,0.2841344108889834,0.3966267001138527
0.2371950318248966,0.6058558558558559,0.7912952281069743,0.698575541981415,0.4032983508245877,0.4842484248424843,0.2837090599744789,0.39715108396283016
0.23765542592191582,0.6058558558558559,0.7918196119559517,0.6988377339059038,0.4039039039039039,0.4846846846846847,0.28328370905997446,0.3976754678118076
0.23789299450817175,0.6058558558558559,0.7923439958049292,0.6990999258303925,0.4045112781954887,0.4851217312894499,0.28285835814547,0.3981998516607851
0.23795631518505975,0.6036036036036037,0.7923439958049292,0.6979737997042664,0.4036144578313253,0.48375451263537905,0.28243300723096554,0.39594759940853286
0.23803671725008124,0.6036036036036037,0.7928683796539067,0.6982359916287552,0.4042232277526395,0.4841915085817526,0.2820076563164611,0.3964719832575103
0.23806543738234448,0.6036036036036037,0.7933927635028841,0.6984981835532439,0.40483383685800606,0.48462929475587707,0.2815823054019566,0.3969963671064878
0.2380732731425443,0.6036036036036037,0.7939171473518616,0.6987603754777326,0.405446293494705,0.4850678733031675,0.28115695448745215,0.39752075095546524
0.23829086482194275,0.6013513513513513,0.7939171473518616,0.6976342493516065,0.40454545454545454,0.483695652173913,0.2807316035729477,0.3952684987032129
0.23892649532144186,0.6013513513513513,0.794441531200839,0.6978964412760952,0.40515933232169954,0.4841341795104261,0.2803062526584432,0.39579288255219036
0.23918765855536858,0.6013513513513513,0.7949659150498165,0.6981586332005839,0.40577507598784196,0.484573502722323,0.27988090174393876,0.3963172664011678
0.23937399798446735,0.6013513513513513,0.795490298898794,0.6984208251250726,0.4063926940639269,0.48501362397820164,0.2794555508294343,0.3968416502501453
0.23946364544153748,0.6013513513513513,0.7960146827477713,0.6986830170495613,0.4070121951219512,0.4854545454545454,0.27903019991492983,0.39736603409912263
0.23951063466047065,0.5990990990990991,0.7960146827477713,0.6975568909234352,0.40610687022900765,0.48407643312101906,0.27860484900042537,0.3951137818468704
0.23963625533032312,0.5990990990990991,0.7965390665967488,0.6978190828479239,0.40672782874617736,0.4845173041894353,0.2781794980859209,0.39563816569584787
0.24009485581109807,0.5968468468468469,0.7965390665967488,0.6966929567217979,0.4058192955589586,0.4831358249772106,0.27775414717141644,0.39338591344359564
0.24054532440196655,0.5968468468468469,0.7970634504457262,0.6969551486462866,0.40644171779141103,0.4835766423357664,0.2773287962569119,0.3939102972925731
0.24110073302761487,0.5968468468468469,0.7975878342947037,0.6972173405707753,0.40706605222734255,0.4840182648401826,0.27690344534240746,0.39443468114155056
0.24112258390502558,0.5968468468468469,0.7981122181436812,0.6974795324952641,0.4076923076923077,0.4844606946983546,0.276478094427903,0.394959064990528
0.24165021371564313,0.5968468468468469,0.7986366019926586,0.6977417244197528,0.4083204930662558,0.484903934126258,0.27605274351339854,0.3954834488395055
0.24183695330943217,0.5945945945945946,0.7986366019926586,0.6966155982936266,0.4074074074074074,0.4835164835164836,0.27562739259889407,0.39323119658725325
0.24188193193892277,0.5945945945945946,0.7991609858416361,0.6968777902181154,0.4080370942812983,0.4839596700274978,0.2752020416843896,0.3937555804362307
0.24244025309149717,0.5945945945945946,0.7996853696906135,0.6971399821426041,0.4086687306501548,0.48440366972477067,0.27477669076988515,0.3942799642852082
0.24381693093375909,0.5923423423423423,0.7996853696906135,0.6960138560164779,0.4077519379844961,0.4830119375573921,0.2743513398553807,0.39202771203295583
0.24432355077067547,0.5923423423423423,0.800209753539591,0.6962760479409666,0.4083850931677019,0.4834558823529412,0.2739259889408762,0.3925520958819333
0.24478591034028443,0.5923423423423423,0.8007341373885685,0.6965382398654554,0.40902021772939345,0.48390064397424104,0.27350063802637176,0.39307647973091075
0.24518120124281853,0.5923423423423423,0.8012585212375459,0.6968004317899441,0.40965732087227413,0.4843462246777164,0.2730752871118673,0.3936008635798882
0.24526146582184274,0.5900900900900901,0.8012585212375459,0.6956743056638179,0.40873634945397813,0.4829493087557603,0.27264993619736283,0.391348611327636
0.2458247521900218,0.5878378378378378,0.8012585212375459,0.6945481795376919,0.4078125,0.481549815498155,0.27222458528285837,0.38909635907538376
0.24598568575918273,0.5855855855855856,0.8012585212375459,0.6934220534115658,0.40688575899843504,0.4801477377654663,0.2717992343683539,0.38684410682313153
0.24707486394951295,0.5855855855855856,0.8017829050865234,0.6936842453360546,0.40752351097178685,0.4805914972273568,0.27137388345384944,0.387368490672109
0.24746549342669164,0.5855855855855856,0.8023072889355007,0.6939464372605432,0.40816326530612246,0.48103607770582796,0.270948532539345,0.38789287452108634
0.24752465547748057,0.5855855855855856,0.8028316727844782,0.6942086291850319,0.4088050314465409,0.4814814814814815,0.2705231816248405,0.3884172583700638
0.24756088363061166,0.5833333333333334,0.8028316727844782,0.6930825030589058,0.4078740157480315,0.48007414272474513,0.27009783071033605,0.38616500611781157
0.24780287576571583,0.581081081081081,0.8028316727844782,0.6919563769327797,0.4069400630914827,0.47866419294990725,0.2696724797958316,0.38391275386555923
0.24823488355443543,0.581081081081081,0.8033560566334557,0.6922185688572684,0.4075829383886256,0.479108635097493,0.26924712888132707,0.3844371377145367
0.2483401020743507,0.5788288288288288,0.8033560566334557,0.6910924427311422,0.40664556962025317,0.47769516728624534,0.2688217779668226,0.38218488546228446
0.24873270428998434,0.5788288288288288,0.8038804404824331,0.691354634655631,0.40729001584786056,0.47813953488372096,0.26839642705231814,0.3827092693112619
0.24876161726808313,0.5788288288288288,0.8044048243314106,0.6916168265801197,0.40793650793650793,0.478584729981378,0.2679710761378137,0.3832336531602394
0.2493060010301719,0.5788288288288288,0.804929208180388,0.6918790185046084,0.40858505564387915,0.4790307548928238,0.2675457252233092,0.38375803700921685
0.2496459227841765,0.5788288288288288,0.8054535920293655,0.6921412104290972,0.40923566878980894,0.47947761194029853,0.26712037430880475,0.3842824208581943
0.2498372562535145,0.5788288288288288,0.805977975878343,0.6924034023535859,0.4098883572567783,0.4799253034547152,0.2666950233943003,0.38480680470717177
0.24989466860960344,0.5788288288288288,0.8065023597273204,0.6926655942780746,0.41054313099041534,0.480373831775701,0.2662696724797958,0.38533118855614923
0.2499084167551347,0.5765765765765766,0.8065023597273204,0.6915394681519484,0.4096,0.47895229186155286,0.26584432156529136,0.383078936303897
0.2502498813441493,0.5765765765765766,0.8070267435762979,0.6918016600764372,0.41025641025641024,0.4794007490636704,0.2654189706507869,0.38360332015287446
0.25035317975450977,0.5765765765765766,0.8075511274252754,0.6920638520009259,0.41091492776886035,0.47985004686035615,0.26499361973628244,0.3841277040018519
0.250434698691166,0.5743243243243243,0.8075511274252754,0.6909377258747998,0.409967845659164,0.47842401500938087,0.264568268821778,0.3818754517495997
0.25050786067493563,0.5743243243243243,0.8080755112742527,0.6911999177992885,0.4106280193236715,0.4788732394366197,0.2641429179072735,0.38239983559857704
0.25073127847069426,0.5743243243243243,0.8085998951232302,0.6914621097237772,0.4112903225806452,0.4793233082706767,0.26371756699276905,0.3829242194475545
0.2508696881695289,0.5743243243243243,0.8091242789722076,0.6917243016482659,0.41195476575121165,0.4797742238946378,0.2632922160782646,0.38344860329653196
0.25165541490593896,0.5720720720720721,0.8091242789722076,0.6905981755221399,0.4110032362459547,0.47834274952919026,0.2628668651637601,0.38119635104427974
0.25166632082913526,0.5698198198198198,0.8091242789722076,0.6894720493960137,0.4100486223662885,0.4769085768143261,0.26244151424925566,0.3789440987920274
0.2516760831407345,0.5698198198198198,0.8096486628211851,0.6897342413205024,0.4107142857142857,0.47735849056603774,0.2620161633347512,0.37946848264100486
0.2517130877730255,0.5698198198198198,0.8101730466701625,0.6899964332449912,0.4113821138211382,0.47780925401322,0.2615908124202467,0.3799928664899823
0.25212115254054407,0.5698198198198198,0.81069743051914,0.6902586251694799,0.41205211726384366,0.47826086956521735,0.2611654615057422,0.3805172503389598
0.25219494692113686,0.5698198198198198,0.8112218143681175,0.6905208170939686,0.41272430668841764,0.47871333964049195,0.26074011059123775,0.38104163418793724
0.2524165834922281,0.5698198198198198,0.8117461982170949,0.6907830090184574,0.4133986928104575,0.47916666666666663,0.2603147596767333,0.3815660180369147
0.25291746969161466,0.5698198198198198,0.8122705820660724,0.6910452009429461,0.41407528641571195,0.47962085308056873,0.2598894087622288,0.38209040188589216
0.25297295378401485,0.5698198198198198,0.8127949659150498,0.6913073928674348,0.41475409836065574,0.4800759013282732,0.25946405784772436,0.3826147857348696
0.2532121846319402,0.5698198198198198,0.8133193497640273,0.6915695847919235,0.4154351395730706,0.4805318138651472,0.2590387069332199,0.3831391695838471
0.2532527889910082,0.5698198198198198,0.8138437336130048,0.6918317767164123,0.4161184210526316,0.4809885931558936,0.25861335601871543,0.38366355343282454
0.2545968927639,0.5675675675675675,0.8138437336130048,0.6907056505902862,0.41515650741350907,0.47954329210275926,0.25818800510421097,0.3814113011805723
0.25466181166201624,0.5675675675675675,0.8143681174619821,0.6909678425147748,0.4158415841584158,0.48,0.2577626541897065,0.38193568502954967
0.2546747411521635,0.5675675675675675,0.8148925013109596,0.6912300344392636,0.41652892561983473,0.4804575786463298,0.25733730327520205,0.3824600688785271
0.2554178949856622,0.5675675675675675,0.815416885159937,0.6914922263637523,0.41721854304635764,0.48091603053435117,0.2569119523606976,0.3829844527275046
0.25588213892917583,0.5675675675675675,0.8159412690089145,0.691754418288241,0.417910447761194,0.4813753581661891,0.2564866014461931,0.38350883657648205
0.25634458664688164,0.5675675675675675,0.816465652857892,0.6920166102127298,0.4186046511627907,0.4818355640535372,0.25606125053168866,0.3840332204254595
0.2566830580185056,0.5653153153153153,0.816465652857892,0.6908904840866037,0.4176372712146423,0.48038277511961724,0.2556358996171842,0.3817809681732073
0.2567714276909898,0.5630630630630631,0.816465652857892,0.6897643579604775,0.4166666666666667,0.4789272030651341,0.25521054870267973,0.37952871592095505
0.2569671897824563,0.5630630630630631,0.8169900367068694,0.6900265498849663,0.41736227045075125,0.47938638542665385,0.25478519778817527,0.3800530997699325
0.25748012957604527,0.5608108108108109,0.8169900367068694,0.6889004237588401,0.41638795986622074,0.4779270633397313,0.2543598468736708,0.3778008475176803
0.25779981067829966,0.5585585585585585,0.8169900367068694,0.6877742976327139,0.4154103852596315,0.4764649375600384,0.25393449595916634,0.37554859526542794
0.2579122030597164,0.5563063063063063,0.8169900367068694,0.6866481715065879,0.41442953020134227,0.475,0.2535091450446618,0.3732963430131757
0.25831362902882066,0.5563063063063063,0.8175144205558469,0.6869103634310766,0.4151260504201681,0.4754571703561116,0.25308379413015736,0.3738207268621532
0.2587390600518524,0.5563063063063063,0.8180388044048243,0.6871725553555653,0.4158249158249158,0.4759152215799614,0.2526584432156529,0.37434511071113064
0.2589094443011496,0.5540540540540541,0.8180388044048243,0.6860464292294393,0.4148397976391231,0.4744455159112826,0.25223309230114843,0.3720928584588784
0.25925411566666745,0.5540540540540541,0.8185631882538018,0.686308621153928,0.4155405405405405,0.4749034749034749,0.25180774138664397,0.37261724230785587
0.25964067795164647,0.5540540540540541,0.8190875721027793,0.6865708130784167,0.41624365482233505,0.4753623188405797,0.2513823904721395,0.37314162615683333
0.2596999557818089,0.5518018018018018,0.8190875721027793,0.6854446869522905,0.4152542372881356,0.47388781431334626,0.25095703955763504,0.3708893739045811
0.2600138306177416,0.5518018018018018,0.8196119559517567,0.6857068788767793,0.4159592529711375,0.4743465634075508,0.2505316886431306,0.37141375775355856
0.26114867777610323,0.5518018018018018,0.8201363398007341,0.685969070801268,0.4166666666666667,0.4748062015503876,0.2501063377286261,0.3719381416025359
0.2617607592896865,0.5495495495495496,0.8201363398007341,0.6848429446751418,0.41567291311754684,0.47332686711930166,0.24968098681412165,0.3696858893502837
0.2617735620180167,0.5495495495495496,0.8206607236497115,0.6851051365996306,0.41638225255972694,0.4737864077669903,0.2492556358996172,0.37021027319926114
0.26199645166553814,0.5495495495495496,0.821185107498689,0.6853673285241193,0.4170940170940171,0.47424684159378044,0.24883028498511273,0.3707346570482386
0.26202754081002017,0.5495495495495496,0.8217094913476665,0.685629520448608,0.4178082191780822,0.4747081712062257,0.24840493407060826,0.37125904089721606
0.26373838543275047,0.5495495495495496,0.8222338751966439,0.6858917123730968,0.41852487135506006,0.47517039922103216,0.24797958315610377,0.3717834247461935
0.26418567752014566,0.5495495495495496,0.8227582590456214,0.6861539042975855,0.41924398625429554,0.47563352826510724,0.2475542322415993,0.372307808595171
0.26478220805073,0.5495495495495496,0.8232826428945988,0.6864160962220742,0.4199655765920826,0.4760975609756098,0.24712888132709485,0.37283219244414845
0.2649791019157111,0.5495495495495496,0.8238070267435763,0.686678288146563,0.4206896551724138,0.4765625,0.24670353041259038,0.3733565762931259
0.26521577956323605,0.5495495495495496,0.8243314105925538,0.6869404800710517,0.4214162348877375,0.47702834799608995,0.24627817949808592,0.37388096014210337
0.26530158411551324,0.5472972972972973,0.8243314105925538,0.6858143539449255,0.4204152249134948,0.4755381604696673,0.24585282858358146,0.37162870788985103
0.265359778886439,0.5472972972972973,0.8248557944415312,0.6860765458694142,0.42114384748700173,0.47600391772771794,0.245427477669077,0.3721530917388285
0.265449567805101,0.5472972972972973,0.8253801782905087,0.686338737793903,0.421875,0.4764705882352941,0.24500212675457253,0.37267747558780595
0.26583396290094874,0.545045045045045,0.8253801782905087,0.6852126116677768,0.42086956521739133,0.47497546614327774,0.24457677584006807,0.3704252233355537
0.26596835360737264,0.545045045045045,0.8259045621394862,0.6854748035922655,0.42160278745644597,0.4754420432220039,0.2441514249255636,0.3709496071845312
0.26616783167693436,0.545045045045045,0.8264289459884635,0.6857369955167543,0.4223385689354276,0.4759095378564405,0.2437260740110591,0.37147399103350853
0.2666624020959768,0.5427927927927928,0.8264289459884635,0.6846108693906281,0.42132867132867136,0.4744094488188977,0.24330072309655465,0.3692217387812563
0.2667246976759566,0.5427927927927928,0.826953329837441,0.6848730613151168,0.4220665499124343,0.4748768472906404,0.2428753721820502,0.36974612263023376
0.26696266688756665,0.5427927927927928,0.8274777136864184,0.6851352532396056,0.42280701754385963,0.47534516765285995,0.24245002126754572,0.3702705064792112
0.2673648981313045,0.5405405405405406,0.8274777136864184,0.6840091271134795,0.421792618629174,0.47384007897334646,0.24202467035304126,0.368018254226959
0.267983911207749,0.5405405405405406,0.8280020975353959,0.6842713190379682,0.4225352112676056,0.47430830039525695,0.2415993194385368,0.36854263807593646
0.26808128146446786,0.5382882882882883,0.8280020975353959,0.6831451929118422,0.42151675485008816,0.47279920870425324,0.24117396852403233,0.36629038582368423
0.26859269225770316,0.5382882882882883,0.8285264813843733,0.6834073848363309,0.42226148409893993,0.4732673267326733,0.24074861760952787,0.3668147696726617
0.2686044047801994,0.5382882882882883,0.8290508652333508,0.6836695767608196,0.4230088495575221,0.47373637264618434,0.2403232666950234,0.36733915352163915
0.2693684689912654,0.536036036036036,0.8290508652333508,0.6825434506346935,0.4219858156028369,0.4722222222222222,0.23989791578051892,0.3650869012693868
0.2694002156968272,0.5337837837837838,0.8290508652333508,0.6814173245085673,0.42095914742451157,0.4707050645481629,0.23947256486601445,0.3628346490171346
0.27000877093993225,0.5315315315315315,0.8290508652333508,0.6802911983824411,0.4199288256227758,0.4691848906560636,0.23904721395151,0.36058239676488235
0.2700547576411265,0.5292792792792793,0.8290508652333508,0.6791650722563151,0.41889483065953653,0.46766169154228854,0.23862186303700553,0.3583301445126301
0.2703188620352114,0.527027027027027,0.8290508652333508,0.6780389461301889,0.41785714285714287,0.46613545816733065,0.23819651212250106,0.3560778922603778
0.2703721320065825,0.5247747747747747,0.8290508652333508,0.6769128200040628,0.41681574239713776,0.4646061814556331,0.2377711612079966,0.35382564000812555
0.27049983373520287,0.5247747747747747,0.8295752490823283,0.6771750119285516,0.4175627240143369,0.4650698602794411,0.23734581029349214,0.354350023857103
0.2713289825925914,0.5247747747747747,0.8300996329313057,0.6774372038530403,0.41831238779174146,0.4655344655344655,0.23692045937898767,0.3548744077060805
0.2716392599091788,0.5247747747747747,0.8306240167802832,0.677699395777529,0.41906474820143885,0.466,0.2364951084644832,0.35539879155505794
0.2719551277514782,0.5247747747747747,0.8311484006292607,0.6779615877020178,0.4198198198198198,0.46646646646646645,0.23606975754997872,0.3559231754040354
0.27251367240181923,0.5247747747747747,0.8316727844782381,0.6782237796265065,0.42057761732851984,0.4669338677354709,0.23564440663547426,0.35644755925301286
0.27285633159299105,0.5247747747747747,0.8321971683272156,0.6784859715509952,0.4213381555153707,0.46740220661985954,0.2352190557209698,0.3569719431019903
0.27286797449029837,0.5247747747747747,0.8327215521761929,0.6787481634754838,0.4221014492753623,0.4678714859437751,0.23479370480646533,0.35749632695096767
0.2728978313287267,0.5247747747747747,0.8332459360251704,0.6790103553999726,0.42286751361161523,0.46834170854271356,0.23436835389196087,0.35802071079994513
0.2738317876936019,0.5225225225225225,0.8332459360251704,0.6778842292738465,0.4218181818181818,0.46680080482897385,0.2339430029774564,0.3557684585476929
0.2738446859269567,0.5202702702702703,0.8332459360251704,0.6767581031477203,0.4207650273224044,0.4652567975830816,0.23351765206295194,0.35351620629544067
0.273963717994583,0.5202702702702703,0.8337703198741478,0.6770202950722091,0.4215328467153285,0.46572580645161293,0.23309230114844748,0.35404059014441813
0.27505264669368995,0.5180180180180181,0.8337703198741478,0.6758941689460829,0.42047531992687387,0.4641775983854693,0.23266695023394302,0.3517883378921659
0.27556795329664624,0.5157657657657657,0.8337703198741478,0.6747680428199567,0.4194139194139194,0.4626262626262626,0.23224159931943852,0.34953608563991356
0.2758320642882423,0.5135135135135135,0.8337703198741478,0.6736419166938307,0.41834862385321103,0.4610717896865521,0.23181624840493406,0.34728383338766133
0.27616398682750426,0.5135135135135135,0.8342947037231253,0.6739041086183194,0.41911764705882354,0.46153846153846156,0.2313908974904296,0.3478082172366388
0.277305399423024,0.5135135135135135,0.8348190875721028,0.6741663005428081,0.4198895027624309,0.46200607902735563,0.23096554657592513,0.34833260108561626
0.2785210867816588,0.5112612612612613,0.8348190875721028,0.6730401744166821,0.4188191881918819,0.460446247464503,0.23054019566142067,0.346080348833364
0.278651874350443,0.5112612612612613,0.8353434714210802,0.6733023663411708,0.4195933456561922,0.4609137055837564,0.2301148447469162,0.3466047326823415
0.2787130944747309,0.509009009009009,0.8353434714210802,0.6721762402150446,0.4185185185185185,0.45934959349593496,0.22968949383241175,0.34435248043008926
0.2797021187529308,0.5067567567567568,0.8353434714210802,0.6710501140889185,0.4174397031539889,0.4577822990844354,0.22926414291790728,0.34210022817783703
0.2799390796042606,0.5067567567567568,0.8358678552700577,0.6713123060134072,0.41821561338289964,0.4582484725050917,0.22883879200340282,0.3426246120268145
0.28045195005238255,0.5067567567567568,0.8363922391190352,0.6715744979378959,0.41899441340782123,0.4587155963302753,0.22841344108889833,0.34314899587579195
0.28079308691136007,0.5067567567567568,0.8369166229680126,0.6718366898623847,0.4197761194029851,0.45918367346938777,0.22798809017439386,0.3436733797247694
0.2810221752997689,0.5067567567567568,0.8374410068169901,0.6720988817868734,0.4205607476635514,0.4596527068437181,0.2275627392598894,0.3441977635737469
0.2812220737326973,0.5067567567567568,0.8379653906659675,0.6723610737113621,0.42134831460674155,0.460122699386503,0.22713738834538494,0.34472214742272433
0.2813501566876932,0.5045045045045045,0.8379653906659675,0.6712349475852359,0.4202626641651032,0.458546571136131,0.22671203743088048,0.342469895170472
0.28165634393661415,0.5045045045045045,0.8384897745149449,0.6714971395097247,0.42105263157894735,0.45901639344262296,0.226286686516376,0.34299427901944934
0.2820117135264169,0.5045045045045045,0.8390141583639223,0.6717593314342134,0.4218455743879473,0.45948717948717954,0.22586133560187155,0.3435186628684268
0.28228017979377273,0.5022522522522522,0.8390141583639223,0.6706332053080872,0.4207547169811321,0.45790554414784396,0.22543598468736709,0.3412664106161746
0.28299389346162557,0.5,0.8390141583639223,0.6695070791819612,0.41965973534971646,0.4563206577595067,0.22501063377286262,0.33901415836392235
0.2830661056493541,0.5,0.8395385422128998,0.6697692711064499,0.42045454545454547,0.45679012345679015,0.22458528285835813,0.3395385422128998
0.28429422910218244,0.5,0.8400629260618773,0.6700314630309386,0.42125237191650855,0.4572605561277034,0.22415993194385367,0.34006292606187727
0.28464963714185587,0.49774774774774777,0.8400629260618773,0.6689053369048126,0.42015209125475284,0.4556701030927835,0.2237345810293492,0.33781067380962504
0.28494240419804323,0.4954954954954955,0.8400629260618773,0.6677792107786864,0.41904761904761906,0.4540763673890609,0.22330923011484474,0.33555842155737275
0.285871954349267,0.4954954954954955,0.8405873099108547,0.6680414027031751,0.4198473282442748,0.45454545454545453,0.22288387920034028,0.3360828054063502
0.2870963148398095,0.49324324324324326,0.8405873099108547,0.666915276577049,0.4187380497131931,0.452947259565667,0.22245852828583582,0.333830553154098
0.28905636228741954,0.49324324324324326,0.8411116937598322,0.6671774685015377,0.41954022988505746,0.453416149068323,0.22203317737133135,0.33435493700307545
0.28987129539153955,0.49324324324324326,0.8416360776088097,0.6674396604260264,0.42034548944337813,0.45388601036269427,0.2216078264568269,0.3348793208520529
0.29134535220222907,0.49324324324324326,0.8421604614577871,0.6677018523505152,0.42115384615384616,0.45435684647302904,0.22118247554232243,0.33540370470103037
0.29182482144688654,0.49099099099099097,0.8421604614577871,0.666575726224389,0.42003853564547206,0.45275181723779856,0.22075712462781796,0.3331514524487781
0.2920800515325089,0.49099099099099097,0.8426848453067646,0.6668379181488777,0.42084942084942084,0.45322245322245325,0.22033177371331347,0.33367583629775555
0.294099683502744,0.49099099099099097,0.843209229155742,0.6671001100733664,0.42166344294003866,0.4536940686784599,0.219906422798809,0.334200220146733
0.29521116992863766,0.49099099099099097,0.8437336130047195,0.6673623019978552,0.42248062015503873,0.45416666666666666,0.21948107188430455,0.33472460399571047
0.29524852907770266,0.49099099099099097,0.844257996853697,0.6676244939223439,0.42330097087378643,0.4546402502606882,0.21905572096980008,0.33524898784468793
0.29541193832989227,0.49099099099099097,0.8447823807026743,0.6678866858468326,0.42412451361867703,0.4551148225469729,0.21863037005529562,0.3357733716936653
0.2954840764776712,0.49099099099099097,0.8453067645516518,0.6681488777713214,0.4249512670565302,0.4555903866248694,0.21820501914079116,0.33629775554264274
0.29555825186842055,0.49099099099099097,0.8458311484006292,0.6684110696958101,0.42578125,0.4560669456066946,0.2177796682262867,0.3368221393916202
0.296000934350192,0.48873873873873874,0.8458311484006292,0.6672849435696839,0.4246575342465753,0.4544502617801047,0.21735431731178223,0.33456988713936797
0.2960102988071083,0.4864864864864865,0.8458311484006292,0.6661588174435579,0.4235294117647059,0.4528301886792453,0.21692896639727777,0.33231763488711574
0.2961714282851964,0.48423423423423423,0.8458311484006292,0.6650326913174317,0.4223968565815324,0.45120671563483733,0.21650361548277328,0.33006538263486346
0.2962479080669585,0.48423423423423423,0.8463555322496067,0.6652948832419204,0.42322834645669294,0.45168067226890757,0.2160782645682688,0.3305897664838409
0.29663640312993844,0.48423423423423423,0.8468799160985842,0.6655570751664092,0.4240631163708087,0.45215562565720296,0.21565291365376435,0.3311141503328184
0.2971817180408851,0.48423423423423423,0.8474042999475616,0.6658192670908979,0.424901185770751,0.4526315789473684,0.2152275627392599,0.33163853418179584
0.2975495444457872,0.48423423423423423,0.8479286837965391,0.6660814590153866,0.42574257425742573,0.4531085353003161,0.21480221182475542,0.3321629180307733
0.2983852282271974,0.48423423423423423,0.8484530676455165,0.6663436509398754,0.42658730158730157,0.45358649789029537,0.21437686091025096,0.33268730187975076
0.2990363329901824,0.481981981981982,0.8484530676455165,0.6652175248137493,0.4254473161033797,0.4519535374868004,0.2139515099957465,0.33043504962749853
0.29941257313015857,0.4797297297297297,0.8484530676455165,0.6640913986876231,0.4243027888446215,0.4503171247357294,0.21352615908124203,0.32818279737524625
0.29945927976885,0.4797297297297297,0.848977451494494,0.6643535906121119,0.4251497005988024,0.45079365079365075,0.21310080816673757,0.3287071812242237
0.299579460959469,0.4774774774774775,0.848977451494494,0.6632274644859857,0.424,0.4491525423728814,0.21267545725223308,0.3264549289719715
0.30039752140118975,0.4774774774774775,0.8495018353434715,0.6634896564104744,0.4248496993987976,0.44962884411452814,0.21225010633772862,0.32697931282094894
0.30043086563668386,0.4774774774774775,0.8500262191924489,0.6637518483349631,0.42570281124497994,0.45010615711252655,0.21182475542322415,0.3275036966699264
0.30120500727471616,0.4774774774774775,0.8505506030414264,0.6640140402594519,0.42655935613682094,0.4505844845908608,0.2113994045087197,0.32802808051890386
0.30153857032032877,0.4774774774774775,0.8510749868904037,0.6642762321839406,0.4274193548387097,0.451063829787234,0.21097405359421523,0.3285524643678812
0.3017973709953703,0.4774774774774775,0.8515993707393812,0.6645384241084293,0.42828282828282827,0.4515441959531416,0.21054870267971076,0.3290768482168587
0.30261866031841805,0.4752252252252252,0.8515993707393812,0.6634122979823032,0.4271255060728745,0.44989339019189767,0.2101233517652063,0.3268245959646064
0.30322024828474137,0.4752252252252252,0.8521237545883587,0.6636744899067919,0.4279918864097363,0.45037353255069373,0.20969800085070184,0.32734897981358385
0.30329079845297807,0.4752252252252252,0.8526481384373361,0.6639366818312806,0.42886178861788615,0.45085470085470075,0.20927264993619737,0.3278733636625613
0.30412267250689357,0.4752252252252252,0.8531725222863136,0.6641988737557694,0.42973523421588594,0.4513368983957219,0.20884729902169288,0.3283977475115388
0.3055118632970964,0.47297297297297297,0.8531725222863136,0.6630727476296433,0.42857142857142855,0.449678800856531,0.20842194810718842,0.32614549525928654
0.3069029754561664,0.47072072072072074,0.8531725222863136,0.6619466215035171,0.4274028629856851,0.4480171489817792,0.20799659719268396,0.3238932430070343
0.3070799790373643,0.47072072072072074,0.853696906135291,0.6622088134280059,0.42827868852459017,0.4484978540772533,0.2075712462781795,0.3244176268560118
0.3071466549959859,0.47072072072072074,0.8542212899842685,0.6624710053524946,0.42915811088295686,0.44897959183673464,0.20714589536367503,0.32494201070498924
0.3073078257162008,0.47072072072072074,0.854745673833246,0.6627331972769833,0.43004115226337447,0.44946236559139785,0.20672054444917057,0.3254663945539667
0.30749505694568485,0.47072072072072074,0.8552700576822234,0.662995389201472,0.4309278350515464,0.44994617868676,0.2062951935346661,0.32599077840294416
0.30757207897980277,0.47072072072072074,0.8557944415312009,0.6632575811259608,0.4318181818181818,0.4504310344827586,0.20586984262016164,0.3265151622519216
0.3079129839693409,0.47072072072072074,0.8563188253801783,0.6635197730504495,0.432712215320911,0.45091693635382957,0.20544449170565718,0.3270395461008991
0.30818024358688,0.47072072072072074,0.8568432092291557,0.6637819649749382,0.4336099585062241,0.45140388768898493,0.2050191407911527,0.32756392994987643
0.3089166827296722,0.47072072072072074,0.8573675930781332,0.664044156899427,0.43451143451143454,0.4518918918918919,0.20459378987664822,0.3280883137988539
0.30910837720454987,0.47072072072072074,0.8578919769271106,0.6643063488239157,0.4354166666666667,0.45238095238095233,0.20416843896214376,0.32861269764783135
0.3095427358694289,0.46846846846846846,0.8578919769271106,0.6631802226977895,0.4342379958246347,0.45070422535211274,0.2037430880476393,0.32636044539557907
0.30983370465876053,0.46846846846846846,0.8584163607760881,0.6634424146222783,0.4351464435146444,0.4511930585683297,0.20331773713313483,0.32688482924455653
0.3101188047025856,0.46846846846846846,0.8589407446250655,0.663704606546767,0.4360587002096436,0.45168295331161784,0.20289238621863037,0.327409213093534
0.3103114013267585,0.46621621621621623,0.8589407446250655,0.6625784804206409,0.43487394957983194,0.45,0.2024670353041259,0.32515696084128176
0.3115193900447327,0.46621621621621623,0.859465128474043,0.6628406723451297,0.4357894736842105,0.4504896626768226,0.20204168438962145,0.3256813446902592
0.3131226289243287,0.46621621621621623,0.8599895123230205,0.6631028642696184,0.43670886075949367,0.4509803921568627,0.20161633347511698,0.3262057285392367
0.313163860254834,0.46621621621621623,0.8605138961719979,0.6633650561941071,0.4376321353065539,0.4514721919302072,0.20119098256061252,0.32673011238821414
0.31322705638456766,0.46621621621621623,0.8610382800209754,0.6636272481185959,0.4385593220338983,0.45196506550218335,0.20076563164610803,0.3272544962371916
0.314035551333832,0.46621621621621623,0.8615626638699528,0.6638894400430846,0.4394904458598726,0.45245901639344266,0.20034028073160356,0.32777888008616907
0.31437249425830005,0.46621621621621623,0.8620870477189303,0.6641516319675733,0.44042553191489364,0.4529540481400438,0.1999149298170991,0.3283032639351465
0.3143934360865646,0.46396396396396394,0.8620870477189303,0.6630255058414471,0.43923240938166314,0.45125958378970427,0.19948957890259464,0.32605101168289424
0.31439971644460324,0.4617117117117117,0.8620870477189303,0.661899379715321,0.43803418803418803,0.4495614035087719,0.19906422798809018,0.323798759430642
0.3159884431191729,0.4617117117117117,0.8626114315679078,0.6621615716398097,0.43897216274089934,0.45005488474204164,0.1986388770735857,0.3243231432796195
0.3160582084422612,0.4617117117117117,0.8631358154168851,0.6624237635642984,0.43991416309012876,0.45054945054945056,0.19821352615908125,0.3248475271285968
0.31643981214185585,0.4594594594594595,0.8631358154168851,0.6612976374381723,0.43870967741935485,0.4488448844884489,0.19778817524457679,0.3225952748763446
0.3164787559065943,0.4594594594594595,0.8636601992658626,0.661559829362661,0.4396551724137931,0.44933920704845814,0.19736282433007232,0.32311965872532206
0.31709762221940163,0.4572072072072072,0.8636601992658626,0.6604337032365348,0.43844492440604754,0.44762954796030874,0.19693747341556783,0.32086740647306977
0.31718577944696763,0.45495495495495497,0.8636601992658626,0.6593075771104088,0.43722943722943725,0.44591611479028703,0.19651212250106337,0.31861515422081754
0.3173164971889978,0.4527027027027027,0.8636601992658626,0.6581814509842826,0.4360086767895879,0.4441988950276244,0.1960867715865589,0.31636290196856526
0.3177362146595452,0.4527027027027027,0.86418458311484,0.6584436429087713,0.4369565217391304,0.44469026548672563,0.19566142067205444,0.3168872858175427
0.3177379171285122,0.4527027027027027,0.8647089669638175,0.6587058348332601,0.43790849673202614,0.4451827242524917,0.19523606975754998,0.3174116696665202
0.31796462262884545,0.4527027027027027,0.865233350812795,0.6589680267577488,0.4388646288209607,0.4456762749445677,0.19481071884304552,0.31793605351549764
0.31822766980225003,0.45045045045045046,0.865233350812795,0.6578419006316227,0.437636761487965,0.4439511653718091,0.19438536792854105,0.3156838012632454
0.31864200607052207,0.45045045045045046,0.8657577346617724,0.6581040925561115,0.43859649122807015,0.4444444444444444,0.1939600170140366,0.3162081851122229
0.3188274914071633,0.44819819819819817,0.8657577346617724,0.6569779664299853,0.43736263736263736,0.44271412680756395,0.19353466609953213,0.3139559328599706
0.3190220505650442,0.44819819819819817,0.8662821185107499,0.657240158354474,0.43832599118942733,0.44320712694877507,0.19310931518502764,0.31448031670894805
0.3195037222221964,0.44819819819819817,0.8668065023597273,0.6575023502789628,0.4392935982339956,0.443701226309922,0.19268396427052317,0.3150047005579255
0.3208097735169206,0.44819819819819817,0.8673308862087048,0.6577645422034515,0.44026548672566373,0.4441964285714286,0.1922586133560187,0.31552908440690297
0.320925405075419,0.44819819819819817,0.8678552700576823,0.6580267341279402,0.44124168514412415,0.4446927374301676,0.19183326244151425,0.31605346825588043
0.32129320566990516,0.44819819819819817,0.8683796539066597,0.658288926052429,0.44222222222222224,0.4451901565995525,0.19140791152700978,0.3165778521048579
0.3214254201498674,0.44819819819819817,0.8689040377556371,0.6585511179769177,0.44320712694877507,0.44568868980963045,0.19098256061250532,0.31710223595383524
0.32169986884434787,0.44819819819819817,0.8694284216046145,0.6588133099014064,0.44419642857142855,0.44618834080717484,0.19055720969800086,0.3176266198028127
0.32219160316327816,0.44594594594594594,0.8694284216046145,0.6576871837752802,0.4429530201342282,0.4444444444444444,0.1901318587834964,0.3153743675505605
0.3226387606004853,0.44594594594594594,0.869952805453592,0.657949375699769,0.4439461883408072,0.4449438202247191,0.18970650786899193,0.31589875139953794
0.32264819465946426,0.44594594594594594,0.8704771893025695,0.6582115676242577,0.4449438202247191,0.44544431946006746,0.18928115695448744,0.3164231352485154
0.32278913770616047,0.44594594594594594,0.8710015731515469,0.6584737595487464,0.44594594594594594,0.44594594594594594,0.18885580603998298,0.31694751909749286
0.3233624662477081,0.4436936936936937,0.8710015731515469,0.6573476334226203,0.44469525959367945,0.44419391206313413,0.1884304551254785,0.31469526684524063
0.32342650274135487,0.44144144144144143,0.8710015731515469,0.6562215072964942,0.4434389140271493,0.44243792325056436,0.18800510421097405,0.31244301459298834
0.3234663866315012,0.44144144144144143,0.8715259570005244,0.6564836992209829,0.4444444444444444,0.4429378531073447,0.1875797532964696,0.3129673984419658
0.3235281566487264,0.44144144144144143,0.8720503408495018,0.6567458911454717,0.44545454545454544,0.4434389140271493,0.18715440238196512,0.31349178229094327
0.32366522005946,0.4391891891891892,0.8720503408495018,0.6556197650193455,0.44419134396355353,0.44167610419026054,0.18672905146746066,0.31123953003869104
0.3258448469602723,0.4391891891891892,0.8725747246984793,0.6558819569438342,0.4452054794520548,0.4421768707482993,0.1863037005529562,0.3117639138876685
0.32721443150961504,0.4369369369369369,0.8725747246984793,0.6547558308177082,0.4439359267734554,0.44040862656072643,0.18587834963845173,0.3095116616354162
0.32781423373053,0.4346846846846847,0.8725747246984793,0.653629704691582,0.4426605504587156,0.43863636363636366,0.18545299872394724,0.307259409383164
0.32784053546195957,0.4346846846846847,0.8730991085474568,0.6538918966160707,0.4436781609195402,0.4391353811149033,0.18502764780944278,0.30778379323214144
0.3279106324448318,0.4346846846846847,0.8736234923964342,0.6541540885405595,0.4447004608294931,0.4396355353075171,0.18460229689493832,0.3083081770811189
0.32848060744508867,0.4346846846846847,0.8741478762454117,0.6544162804650482,0.4457274826789838,0.44013683010262256,0.18417694598043385,0.30883256093009637
0.3287837289517228,0.4346846846846847,0.8746722600943891,0.6546784723895369,0.44675925925925924,0.44063926940639275,0.1837515950659294,0.30935694477907383
0.32918860504289044,0.43243243243243246,0.8746722600943891,0.6535523462634107,0.44547563805104406,0.43885714285714283,0.18332624415142493,0.3071046925268216
0.32946692547816475,0.43243243243243246,0.8751966439433665,0.6538145381878995,0.44651162790697674,0.4393592677345538,0.18290089323692046,0.30762907637579895
0.32962405094300196,0.43243243243243246,0.875721027792344,0.6540767301123882,0.44755244755244755,0.4398625429553265,0.182475542322416,0.3081534602247764
0.3301015319803743,0.43243243243243246,0.8762454116413214,0.6543389220368769,0.4485981308411215,0.4403669724770642,0.18205019140791154,0.30867784407375387
0.3308364596634805,0.43243243243243246,0.8767697954902989,0.6546011139613657,0.4496487119437939,0.44087256027554533,0.18162484049340705,0.30920222792273133
0.3309271977303627,0.43243243243243246,0.8772941793392763,0.6548633058858544,0.4507042253521127,0.4413793103448276,0.18119948957890258,0.3097266117717088
0.33153659417150516,0.43243243243243246,0.8778185631882538,0.6551254978103431,0.45176470588235296,0.44188722669735325,0.18077413866439812,0.31025099562068625
0.33251463983772406,0.43243243243243246,0.8783429470372313,0.6553876897348319,0.4528301886792453,0.4423963133640553,0.18034878774989366,0.3107753794696637
0.3326886505538886,0.43243243243243246,0.8788673308862087,0.6556498816593206,0.45390070921985815,0.4429065743944636,0.1799234368353892,0.3112997633186412
0.3328162077640769,0.43018018018018017,0.8788673308862087,0.6545237555331944,0.45260663507109006,0.44110854503464203,0.17949808592088473,0.3090475110663889
0.33357157310525143,0.43018018018018017,0.8793917147351862,0.6547859474576831,0.45368171021377673,0.4416184971098266,0.17907273500638027,0.30957189491536635
0.33368366409937955,0.43018018018018017,0.8799160985841636,0.6550481393821719,0.45476190476190476,0.4421296296296296,0.1786473840918758,0.3100962787643438
0.3337846078267644,0.43018018018018017,0.8804404824331411,0.6553103313066606,0.45584725536992843,0.4426419466975667,0.17822203317737134,0.3106206626133213
0.33471914873858605,0.43018018018018017,0.8809648662821186,0.6555725232311493,0.4569377990430622,0.44315545243619486,0.17779668226286688,0.31114504646229874
0.3350800951329342,0.43018018018018017,0.8814892501310959,0.6558347151556381,0.4580335731414868,0.4436701509872242,0.1773713313483624,0.3116694303112761
0.33509803370911806,0.42792792792792794,0.8814892501310959,0.6547085890295119,0.4567307692307692,0.4418604651162791,0.17694598043385792,0.30941717805902386
0.3352694361692509,0.42792792792792794,0.8820136339800734,0.6549707809540006,0.4578313253012048,0.44237485448195574,0.17652062951935346,0.3099415619080013
0.33675056238969364,0.42792792792792794,0.8825380178290508,0.6552329728784894,0.45893719806763283,0.4428904428904429,0.176095278604849,0.3104659457569788
0.33710586270956144,0.42792792792792794,0.8830624016780283,0.6554951648029781,0.4600484261501211,0.44340723453908987,0.17566992769034454,0.31099032960595624
0.3372597793041832,0.42567567567567566,0.8830624016780283,0.6543690386768519,0.4587378640776699,0.44158878504672894,0.17524457677584007,0.30873807735370395
0.33831597788304124,0.42567567567567566,0.8835867855270058,0.6546312306013407,0.45985401459854014,0.4421052631578947,0.1748192258613356,0.3092624612026814
0.3384014094919234,0.42567567567567566,0.8841111693759832,0.6548934225258294,0.4609756097560976,0.4426229508196722,0.17439387494683115,0.3097868450516589
0.338873560049158,0.42342342342342343,0.8841111693759832,0.6537672963997033,0.45965770171149145,0.44079718640093785,0.17396852403232668,0.30753459279940665
0.33925892580026534,0.42117117117117114,0.8841111693759832,0.6526411702735772,0.4583333333333333,0.4389671361502347,0.1735431731178222,0.30528234054715436
0.3405042115116039,0.42117117117117114,0.8846355532249607,0.6529033621980659,0.4594594594594595,0.43948296122209163,0.17311782220331773,0.3058067243961318
0.3412905127246036,0.42117117117117114,0.8851599370739381,0.6531655541225546,0.4605911330049261,0.44,0.17269247128881327,0.3063311082451093
0.3417663959429919,0.4189189189189189,0.8851599370739381,0.6520394279964286,0.45925925925925926,0.4381625441696113,0.1722671203743088,0.30407885599285706
0.3421142273934074,0.4189189189189189,0.8856843209229156,0.6523016199209173,0.4603960396039604,0.4386792452830189,0.17184176945980434,0.3046032398418345
0.3423255226471814,0.4166666666666667,0.8856843209229156,0.6511754937947911,0.45905707196029777,0.4368358913813459,0.17141641854529988,0.3023509875895823
0.34374005617676984,0.4166666666666667,0.8862087047718931,0.6514376857192798,0.4601990049751244,0.4373522458628841,0.1709910676307954,0.30287537143855975
0.344442496513076,0.4166666666666667,0.8867330886208705,0.6516998776437686,0.4613466334164589,0.43786982248520706,0.17056571671629095,0.3033997552875372
0.34565795664167914,0.4166666666666667,0.8872574724698479,0.6519620695682573,0.4625,0.4383886255924171,0.1701403658017865,0.30392413913651456
0.34586121579815254,0.4166666666666667,0.8877818563188253,0.652224261492746,0.46365914786967416,0.438908659549229,0.169715014887282,0.304448522985492
0.3464362232313126,0.4166666666666667,0.8883062401678028,0.6524864534172348,0.4648241206030151,0.43942992874109266,0.16928966397277753,0.3049729068344695
0.3481113254572565,0.4166666666666667,0.8888306240167803,0.6527486453417235,0.4659949622166247,0.4399524375743163,0.16886431305827307,0.30549729068344694
0.3492017474087523,0.4166666666666667,0.8893550078657577,0.6530108372662122,0.4671717171717172,0.44047619047619047,0.1684389621437686,0.3060216745324244
0.34997468313293606,0.4166666666666667,0.8898793917147352,0.653273029190701,0.46835443037974683,0.4410011918951132,0.16801361122926414,0.30654605838140186
0.35001018171483295,0.4166666666666667,0.8904037755637126,0.6535352211151897,0.46954314720812185,0.44152744630071605,0.16758826031475968,0.3070704422303793
0.35015215507911507,0.4166666666666667,0.8909281594126901,0.6537974130396784,0.4707379134860051,0.44205495818399043,0.16716290940025522,0.3075948260793568
0.35025862749741604,0.4144144144144144,0.8909281594126901,0.6526712869135523,0.46938775510204084,0.4401913875598086,0.16673755848575075,0.3053425738271045
0.3503106721893423,0.41216216216216217,0.8909281594126901,0.6515451607874261,0.4680306905370844,0.43832335329341315,0.1663122075712463,0.3030903215748523
0.350412280114331,0.41216216216216217,0.8914525432616676,0.6518073527119148,0.46923076923076923,0.43884892086330934,0.1658868566567418,0.30361470542382973
0.35069042571616005,0.41216216216216217,0.891976927110645,0.6520695446364035,0.4704370179948586,0.43937575030012005,0.16546150574223734,0.3041390892728072
0.35116282119965525,0.4099099099099099,0.891976927110645,0.6509434185102775,0.4690721649484536,0.4375,0.16503615482773287,0.3018868370205549
0.3514976807864467,0.4099099099099099,0.8925013109596225,0.6512056104347662,0.4702842377260982,0.4380264741275572,0.1646108039132284,0.30241122086953237
0.35208253619405655,0.40765765765765766,0.8925013109596225,0.65007948430864,0.4689119170984456,0.436144578313253,0.16418545299872395,0.30015896861728014
0.3524165591428102,0.40765765765765766,0.8930256948086,0.6503416762331288,0.4701298701298701,0.436670687575392,0.16376010208421948,0.3006833524662576
0.35297985397447407,0.40540540540540543,0.8930256948086,0.6492155501070027,0.46875,0.43478260869565216,0.16333475116971502,0.2984311002140054
0.35320020921331036,0.40540540540540543,0.8935500786575773,0.6494777420314913,0.4699738903394256,0.4353083434099154,0.16290940025521056,0.2989554840629827
0.3533445808173269,0.40540540540540543,0.8940744625065548,0.6497399339559801,0.4712041884816754,0.4358353510895884,0.1624840493407061,0.2994798679119602
0.35451615319516117,0.40540540540540543,0.8945988463555322,0.6500021258804688,0.47244094488188976,0.4363636363636364,0.1620586984262016,0.30000425176093765
0.35508155413992104,0.40540540540540543,0.8951232302045097,0.6502643178049575,0.47368421052631576,0.4368932038834951,0.16163334751169714,0.3005286356099151
0.35528961271243575,0.40315315315315314,0.8951232302045097,0.6491381916788315,0.47229551451187335,0.4349939246658566,0.16120799659719268,0.2982763833576628
0.35556621388363896,0.40315315315315314,0.8956476140534871,0.6494003836033202,0.47354497354497355,0.43552311435523117,0.1607826456826882,0.2988007672066403
0.3573288948456194,0.4009009009009009,0.8956476140534871,0.648274257477194,0.47214854111405835,0.4336175395858709,0.16035729476818375,0.29654851495438805
0.3581191686853877,0.39864864864864863,0.8956476140534871,0.6471481313510679,0.47074468085106386,0.4317073170731707,0.1599319438536793,0.29429626270213577
0.35824787475536296,0.39864864864864863,0.8961719979024646,0.6474103232755566,0.472,0.4322344322344322,0.15950659293917482,0.29482064655111323
0.3584118894314427,0.39864864864864863,0.8966963817514421,0.6476725152000453,0.4732620320855615,0.43276283618581907,0.15908124202467036,0.2953450304000907
0.3586759063199392,0.39864864864864863,0.8972207656004195,0.647934707124534,0.4745308310991957,0.43329253365973075,0.1586558911101659,0.29586941424906815
0.35904047206184525,0.3963963963963964,0.8972207656004195,0.646808580998408,0.4731182795698925,0.4313725490196079,0.15823054019566143,0.2936171619968159
0.3590728214246086,0.3963963963963964,0.897745149449397,0.6470707729228967,0.4743935309973046,0.43190184049079755,0.15780518928115694,0.2941415458457934
0.3592597920867764,0.3963963963963964,0.8982695332983744,0.6473329648473855,0.4756756756756757,0.4324324324324325,0.15737983836665248,0.29466592969477085
0.3597923422984528,0.3963963963963964,0.8987939171473519,0.6475951567718742,0.47696476964769646,0.43296432964329645,0.15695448745214802,0.2951903135437483
0.36035588220727544,0.3963963963963964,0.8993183009963294,0.6478573486963629,0.4782608695652174,0.4334975369458128,0.15652913653764355,0.29571469739272577
0.36098876972624655,0.39414414414414417,0.8993183009963294,0.6467312225702367,0.4768392370572207,0.4315659679408138,0.1561037856231391,0.29346244514047354
0.36241795014763045,0.3918918918918919,0.8993183009963294,0.6456050964441107,0.47540983606557374,0.42962962962962964,0.15567843470863463,0.29121019288822125
0.36250065271947013,0.38963963963963966,0.8993183009963294,0.6444789703179845,0.473972602739726,0.42768850432632877,0.15525308379413016,0.288957940635969
0.3628896322969225,0.38963963963963966,0.8998426848453067,0.6447411622424732,0.47527472527472525,0.42821782178217827,0.1548277328796257,0.2894823244849464
0.36326170272389063,0.38963963963963966,0.9003670686942842,0.645003354166962,0.4765840220385675,0.4287484510532838,0.15440238196512124,0.29000670833392383
0.36350849613745906,0.38963963963963966,0.9008914525432616,0.6452655460914507,0.47790055248618785,0.42928039702233256,0.15397703105061675,0.2905310921829013
0.3641855643696261,0.38963963963963966,0.9014158363922391,0.6455277380159394,0.4792243767313019,0.4298136645962733,0.15355168013611228,0.29105547603187876
0.3643584326825093,0.38738738738738737,0.9014158363922391,0.6444016118898133,0.4777777777777778,0.42786069651741293,0.15312632922160782,0.2888032237796265
0.3644531514973921,0.38738738738738737,0.9019402202412166,0.644663803814302,0.479108635097493,0.42839352428393523,0.15270097830710336,0.28932760762860393
0.36465779183905384,0.38738738738738737,0.902464604090194,0.6449259957387907,0.48044692737430167,0.428927680798005,0.1522756273925989,0.2898519914775814
0.36472121381264144,0.38738738738738737,0.9029889879391715,0.6451881876632795,0.48179271708683474,0.42946317103620474,0.15185027647809443,0.29037637532655886
0.3650212141310156,0.38738738738738737,0.903513371788149,0.6454503795877682,0.48314606741573035,0.43,0.15142492556358997,0.2909007591755363
0.3658389618339892,0.38738738738738737,0.9040377556371264,0.6457125715122569,0.48450704225352115,0.43053817271589484,0.1509995746490855,0.2914251430245138
0.3671593624552308,0.38738738738738737,0.9045621394861039,0.6459747634367456,0.4858757062146893,0.431077694235589,0.15057422373458104,0.29194952687349124
0.367455591113551,0.38513513513513514,0.9045621394861039,0.6448486373106195,0.48441926345609065,0.4291091593475534,0.15014887282007655,0.289697274621239
0.3679477834719245,0.38288288288288286,0.9045621394861039,0.6437225111844933,0.48295454545454547,0.42713567839195976,0.1497235219055721,0.2874450223689867
0.36814867037307364,0.38063063063063063,0.9045621394861039,0.6425963850583672,0.48148148148148145,0.42515723270440253,0.14929817099106762,0.2851927701167345
0.3685403429005803,0.38063063063063063,0.9050865233350813,0.642858576982856,0.4828571428571429,0.4256926952141058,0.14887282007656316,0.28571715396571196
0.37047093904531564,0.38063063063063063,0.9056109071840587,0.6431207689073446,0.48424068767908307,0.42622950819672134,0.1484474691620587,0.2862415378146893
0.3716235705782753,0.38063063063063063,0.9061352910330361,0.6433829608318333,0.48563218390804597,0.42676767676767674,0.14802211824755424,0.28676592166366677
0.3719705425994066,0.38063063063063063,0.9066596748820136,0.6436451527563221,0.48703170028818443,0.427307206068268,0.14759676733304977,0.28729030551264423
0.3722020220316484,0.38063063063063063,0.9071840587309911,0.6439073446808108,0.4884393063583815,0.4278481012658228,0.1471714164185453,0.2878146893616217
0.3722353336742403,0.3783783783783784,0.9071840587309911,0.6427812185546847,0.48695652173913045,0.4258555133079849,0.14674606550404085,0.28556243710936946
0.373414056028831,0.3783783783783784,0.9077084425799685,0.6430434104791735,0.4883720930232558,0.4263959390862944,0.14632071458953635,0.2860868209583469
0.3737086544092849,0.3783783783783784,0.908232826428946,0.6433056024036622,0.4897959183673469,0.42693773824650577,0.1458953636750319,0.2866112048073244
0.3742537962713826,0.3783783783783784,0.9087572102779234,0.6435677943281509,0.49122807017543857,0.42748091603053434,0.14547001276052743,0.28713558865630184
0.37529210887103565,0.3783783783783784,0.9092815941269009,0.6438299862526397,0.49266862170087977,0.4280254777070064,0.14504466184602297,0.2876599725052793
0.3761030482033625,0.3783783783783784,0.9098059779758784,0.6440921781771284,0.49411764705882355,0.4285714285714286,0.1446193109315185,0.28818435635425677
0.37681514804756305,0.3783783783783784,0.9103303618248558,0.6443543701016171,0.49557522123893805,0.42911877394636017,0.14419396001701404,0.2887087402032342
0.37800402720986775,0.3783783783783784,0.9108547456738333,0.6446165620261058,0.4970414201183432,0.4296675191815857,0.14376860910250958,0.2892331240522117
0.3785782947860806,0.3783783783783784,0.9113791295228107,0.6448787539505946,0.49851632047477745,0.4302176696542894,0.1433432581880051,0.28975750790118915
0.3795211897428409,0.3783783783783784,0.9119035133717881,0.6451409458750832,0.5,0.4307692307692308,0.14291790727350065,0.2902818917501665
0.38026651077828916,0.3761261261261261,0.9119035133717881,0.6440148197489571,0.49850746268656715,0.4287548138639281,0.14249255635899616,0.2880296394979142
0.3815852924655019,0.3761261261261261,0.9124278972207656,0.6442770116734459,0.5,0.429305912596401,0.1420672054444917,0.2885540233468917
0.38169452891015954,0.3738738738738739,0.9124278972207656,0.6431508855473197,0.4984984984984985,0.4272844272844272,0.14164185452998723,0.28630177109463945
0.38178563453182196,0.3738738738738739,0.912952281069743,0.6434130774718084,0.5,0.4278350515463918,0.14121650361548277,0.2868261549436169
0.3822293665361867,0.3738738738738739,0.9134766649187205,0.6436752693962972,0.5015105740181269,0.4283870967741936,0.1407911527009783,0.28735053879259437
0.38276176996191646,0.3716216216216216,0.9134766649187205,0.6425491432701711,0.5,0.4263565891472868,0.14036580178647384,0.2850982865403421
0.3827722880296803,0.3716216216216216,0.9140010487676979,0.6428113351946598,0.5015197568389058,0.426908150064683,0.13994045087196938,0.28562267038931954
0.38310444033703905,0.3716216216216216,0.9145254326166754,0.6430735271191486,0.5030487804878049,0.427461139896373,0.13951509995746492,0.286147054238297
0.3833091317243029,0.3716216216216216,0.9150498164656529,0.6433357190436373,0.5045871559633027,0.4280155642023346,0.13908974904296045,0.28667143808727447
0.38405197347698905,0.36936936936936937,0.9150498164656529,0.6422095929175111,0.5030674846625767,0.42597402597402595,0.13866439812845596,0.28441918583502224
0.38438673001854423,0.36936936936936937,0.9155742003146303,0.6424717848419998,0.5046153846153846,0.4265279583875162,0.1382390472139515,0.2849435696839997
0.386858496306434,0.36936936936936937,0.9160985841636078,0.6427339767664886,0.5061728395061729,0.42708333333333337,0.13781369629944704,0.28546795353297716
0.3874319217712061,0.36936936936936937,0.9166229680125852,0.6429961686909773,0.5077399380804953,0.4276401564537158,0.13738834538494257,0.2859923373819546
0.3875432955041739,0.36936936936936937,0.9171473518615627,0.643258360615466,0.5093167701863354,0.42819843342036557,0.1369629944704381,0.2865167212309321
0.38889245994168303,0.36711711711711714,0.9171473518615627,0.6421322344893399,0.5077881619937694,0.4261437908496732,0.13653764355593365,0.28426446897867985
0.38900103871820363,0.36486486486486486,0.9171473518615627,0.6410061083632138,0.50625,0.42408376963350786,0.13611229264142918,0.28201221672642757
0.391024258709237,0.36261261261261263,0.9171473518615627,0.6398799822370876,0.5047021943573667,0.4220183486238532,0.13568694172692472,0.27975996447417534
0.3913742615688661,0.36036036036036034,0.9171473518615627,0.6387538561109616,0.5031446540880503,0.4199475065616798,0.13526159081242026,0.27750771222192305
0.39172762277005896,0.36036036036036034,0.9176717357105402,0.6390160480354503,0.5047318611987381,0.4204993429697766,0.1348362398979158,0.2780320960709005
0.39232845358572316,0.3581081081081081,0.9176717357105402,0.6378899219093241,0.5031645569620253,0.41842105263157897,0.1344108889834113,0.2757798438186483
0.393158919911696,0.3581081081081081,0.9181961195595175,0.6381521138338129,0.5047619047619047,0.4189723320158103,0.13398553806890684,0.27630422766762563
0.3932161782170729,0.3581081081081081,0.918720503408495,0.6384143057583016,0.5063694267515924,0.41952506596306066,0.13356018715440238,0.2768286115166031
0.3937604425078687,0.3581081081081081,0.9192448872574724,0.6386764976827903,0.5079872204472844,0.4200792602377807,0.1331348362398979,0.27735299536558056
0.39445135730839287,0.3581081081081081,0.9197692711064499,0.6389386896072791,0.5096153846153846,0.42063492063492064,0.13270948532539345,0.277877379214558
0.3955562144685538,0.3581081081081081,0.9202936549554274,0.6392008815317678,0.5112540192926045,0.42119205298013246,0.132284134410889,0.2784017630635355
0.3967916200621588,0.35585585585585583,0.9202936549554274,0.6380747554056416,0.5096774193548387,0.4190981432360742,0.13185878349638452,0.2761495108112832
0.39684436757407215,0.35585585585585583,0.9208180388044048,0.6383369473301304,0.511326860841424,0.41965471447543157,0.13143343258188006,0.27667389466026066
0.39735517074661764,0.35585585585585583,0.9213424226533823,0.6385991392546191,0.512987012987013,0.4202127659574468,0.1310080816673756,0.2771982785092381
0.3983081095320684,0.3536036036036036,0.9213424226533823,0.6374730131284929,0.511400651465798,0.4181091877496671,0.1305827307528711,0.2749460262569859
0.3989709269032358,0.35135135135135137,0.9213424226533823,0.6363468870023669,0.5098039215686274,0.41600000000000004,0.13015737983836664,0.27269377400473366
0.4001193972549579,0.35135135135135137,0.9218668065023597,0.6366090789268556,0.5114754098360655,0.4165554072096128,0.12973202892386218,0.2732181578537111
0.40137687527527677,0.35135135135135137,0.9223911903513372,0.6368712708513443,0.5131578947368421,0.41711229946524064,0.12930667800935772,0.2737425417026886
0.4021109277887634,0.35135135135135137,0.9229155742003147,0.637133462775833,0.5148514851485149,0.4176706827309237,0.12888132709485325,0.27426692555166604
0.40262431495105294,0.35135135135135137,0.9234399580492921,0.6373956547003218,0.5165562913907285,0.41823056300268097,0.1284559761803488,0.2747913094006435
0.4031350411302573,0.35135135135135137,0.9239643418982695,0.6376578466248104,0.5182724252491694,0.4187919463087248,0.12803062526584433,0.27531569324962085
0.40337873147911224,0.35135135135135137,0.9244887257472469,0.6379200385492991,0.52,0.4193548387096775,0.12760527435133986,0.2758400770985983
0.4038177513051795,0.35135135135135137,0.9250131095962244,0.6381822304737879,0.5217391304347826,0.4199192462987887,0.1271799234368354,0.2763644609475758
0.40425213767431317,0.3490990990990991,0.9250131095962244,0.6370561043476617,0.5201342281879194,0.41778975741239893,0.1267545725223309,0.2741122086953235
0.4054330848822185,0.3490990990990991,0.9255374934452019,0.6373182962721504,0.5218855218855218,0.4183535762483131,0.12632922160782645,0.27463659254430095
0.40552466557423716,0.3490990990990991,0.9260618772941793,0.6375804881966392,0.5236486486486487,0.4189189189189189,0.12590387069332198,0.2751609763932784
0.40708942982094387,0.3490990990990991,0.9265862611431568,0.6378426801211279,0.5254237288135594,0.41948579161028415,0.12547851977881752,0.2756853602422559
0.4072792053186635,0.34684684684684686,0.9265862611431568,0.6367165539950018,0.5238095238095238,0.4173441734417344,0.12505316886431306,0.27343310799000364
0.40744356301856044,0.34684684684684686,0.9271106449921342,0.6369787459194906,0.5255972696245734,0.417910447761194,0.1246278179498086,0.2739574918389811
0.40767696872759257,0.34459459459459457,0.9271106449921342,0.6358526197933644,0.523972602739726,0.4157608695652174,0.12420246703530413,0.2717052395867288
0.40787221856461053,0.34459459459459457,0.9276350288411117,0.6361148117178531,0.5257731958762887,0.41632653061224484,0.12377711612079965,0.2722296234357063
0.4080229538825607,0.34234234234234234,0.9276350288411117,0.634988685591727,0.5241379310344828,0.4141689373297003,0.12335176520629519,0.26997737118345405
0.4092904018212975,0.34234234234234234,0.9281594126900892,0.6352508775162158,0.5259515570934256,0.4147339699863575,0.12292641429179073,0.2705017550324315
0.4097910531618925,0.34234234234234234,0.9286837965390666,0.6355130694407045,0.5277777777777778,0.41530054644808745,0.12250106337728627,0.271026138881409
0.4102675957177514,0.3400900900900901,0.9286837965390666,0.6343869433145783,0.5261324041811847,0.41313269493844046,0.1220757124627818,0.26877388662915674
0.41079839853740546,0.33783783783783783,0.9286837965390666,0.6332608171884522,0.5244755244755245,0.4109589041095891,0.12165036154827732,0.26652163437690446
0.41130788201179036,0.3355855855855856,0.9286837965390666,0.6321346910623261,0.5228070175438596,0.40877914951989025,0.12122501063377286,0.26426938212465223
0.4139083127963292,0.3355855855855856,0.9292081803880441,0.6323968829868148,0.5246478873239436,0.40934065934065933,0.1207996597192684,0.2647937659736297
0.41629048930240126,0.3333333333333333,0.9292081803880441,0.6312707568606887,0.5229681978798587,0.40715268225584594,0.12037430880476394,0.2625415137213774
0.41650358528600784,0.3310810810810811,0.9292081803880441,0.6301446307345626,0.5212765957446809,0.40495867768595045,0.11994895789025946,0.2602892614691252
0.4182794198244941,0.3310810810810811,0.9297325642370216,0.6304068226590513,0.5231316725978647,0.40551724137931033,0.119523606975755,0.26081364531810264
0.41838146351029054,0.3310810810810811,0.9302569480859989,0.63066901458354,0.525,0.4060773480662984,0.11909825606125053,0.26133802916708
0.41922353142498053,0.32882882882882886,0.9302569480859989,0.6295428884574139,0.5232974910394266,0.4038727524204703,0.11867290514674607,0.25908577691482776
0.4201947297236589,0.32882882882882886,0.9307813319349764,0.6298050803819026,0.5251798561151079,0.4044321329639889,0.1182475542322416,0.2596101607638052
0.4209664622694356,0.32657657657657657,0.9307813319349764,0.6286789542557765,0.5234657039711191,0.40221914008321774,0.11782220331773713,0.25735790851155294
0.4213481823655064,0.32657657657657657,0.9313057157839538,0.6289411461802652,0.5253623188405797,0.40277777777777773,0.11739685240323267,0.2578822923605304
0.42218214102454293,0.32432432432432434,0.9313057157839538,0.627815020054139,0.5236363636363637,0.4005563282336579,0.1169715014887282,0.25563004010827817
0.4221872202881448,0.32207207207207206,0.9313057157839538,0.626688893928013,0.5218978102189781,0.3983286908077994,0.11654615057422374,0.2533777878560259
0.42224666223327045,0.32207207207207206,0.9318300996329313,0.6269510858525017,0.5238095238095238,0.398884239888424,0.11612079965971926,0.25390217170500334
0.42243261098036633,0.32207207207207206,0.9323544834819087,0.6272132777769904,0.5257352941176471,0.3994413407821229,0.1156954487452148,0.2544265555539808
0.4227274718854136,0.31981981981981983,0.9323544834819087,0.6260871516508643,0.5239852398523985,0.39720279720279716,0.11527009783071034,0.2521743033017286
0.4227361736908356,0.31981981981981983,0.9328788673308862,0.626349343575353,0.5259259259259259,0.39775910364145656,0.11484474691620587,0.25269868715070604
0.42299873225422335,0.31981981981981983,0.9334032511798637,0.6266115354998417,0.5278810408921933,0.3983169705469846,0.11441939600170141,0.2532230709996835
0.4239541353023639,0.31981981981981983,0.9339276350288411,0.6268737274243305,0.5298507462686567,0.39887640449438205,0.11399404508719693,0.25374745484866096
0.4255877819052799,0.31756756756756754,0.9339276350288411,0.6257476012982044,0.5280898876404494,0.39662447257383965,0.11356869417269247,0.2514952025964087
0.4265505005761778,0.3153153153153153,0.9339276350288411,0.6246214751720782,0.5263157894736842,0.39436619718309857,0.113143343258188,0.24924295034415644
0.42677659542601415,0.3130630630630631,0.9339276350288411,0.623495349045952,0.5245283018867924,0.39210155148095915,0.11271799234368354,0.24699069809190421
0.42785593914939307,0.3130630630630631,0.9344520188778186,0.6237575409704408,0.5265151515151515,0.39265536723163846,0.11229264142917907,0.24751508194088168
0.4278560063620436,0.3130630630630631,0.934976402726796,0.6240197328949295,0.5285171102661597,0.39321074964639324,0.1118672905146746,0.24803946578985914
0.4281801183301018,0.3108108108108108,0.934976402726796,0.6228936067688035,0.5267175572519084,0.3909348441926345,0.11144193960017014,0.24578721353760685
0.4288682267456258,0.3108108108108108,0.9355007865757735,0.6231557986932922,0.5287356321839081,0.3914893617021277,0.11101658868566568,0.2463115973865843
0.43030198903189887,0.3108108108108108,0.9360251704247509,0.6234179906177808,0.5307692307692308,0.39204545454545453,0.11059123777116121,0.24683598123556166
0.4304047653184543,0.3108108108108108,0.9365495542737283,0.6236801825422695,0.5328185328185329,0.39260312944523473,0.11016588685665674,0.24736036508453912
0.4306290755759845,0.3108108108108108,0.9370739381227058,0.6239423744667583,0.5348837209302325,0.3931623931623931,0.10974053594215227,0.24788474893351659
0.4312709598519864,0.30855855855855857,0.9370739381227058,0.6228162483406322,0.5330739299610895,0.39087018544935814,0.10931518502764781,0.24563249668126436
0.43137374988272337,0.3063063063063063,0.9370739381227058,0.621690122214506,0.53125,0.3885714285714285,0.10888983411314335,0.24338024442901207
0.4314200222356073,0.30405405405405406,0.9370739381227058,0.62056399608838,0.5294117647058824,0.3862660944206009,0.10846448319863888,0.24112799217675984
0.4322894747652391,0.30180180180180183,0.9370739381227058,0.6194378699622538,0.5275590551181102,0.3839541547277937,0.1080391322841344,0.2388757399245076
0.43373500361516065,0.29954954954954954,0.9370739381227058,0.6183117438361276,0.525691699604743,0.38163558106169293,0.10761378136962994,0.23662348767225533
0.43375362497880027,0.29954954954954954,0.9375983219716832,0.6185739357606164,0.5277777777777778,0.382183908045977,0.10718843045512548,0.2371478715212328
0.4346799670149035,0.29954954954954954,0.9381227058206607,0.6188361276851051,0.5298804780876494,0.3827338129496403,0.10676307954062102,0.23767225537021025
0.43483208199762396,0.2972972972972973,0.9381227058206607,0.617710001558979,0.528,0.3804034582132565,0.10633772862611654,0.23542000311795802
0.43562803773603165,0.29504504504504503,0.9381227058206607,0.6165838754328529,0.5261044176706827,0.3780663780663781,0.10591237771161208,0.23316775086570574
0.4366936078540161,0.2927927927927928,0.9381227058206607,0.6154577493067268,0.5241935483870968,0.3757225433526012,0.10548702679710761,0.2309154986134535
0.43731997346136703,0.2927927927927928,0.9386470896696382,0.6157199412312155,0.5263157894736842,0.37626628075253254,0.10506167588260315,0.23143988246243097
0.43880267267450923,0.2927927927927928,0.9391714735186156,0.6159821331557043,0.5284552845528455,0.37681159420289856,0.10463632496809869,0.23196426631140843
0.44074152767263397,0.2927927927927928,0.9396958573675931,0.616244325080193,0.5306122448979592,0.3773584905660377,0.10421097405359421,0.2324886501603859
0.4410543963882169,0.2927927927927928,0.9402202412165706,0.6165065170046817,0.5327868852459017,0.3779069767441861,0.10378562313908975,0.23301303400936335
0.4415172745039457,0.2905405405405405,0.9402202412165706,0.6153803908785556,0.5308641975308642,0.37554585152838427,0.10336027222458528,0.23076078175711107
0.4416158760721955,0.2882882882882883,0.9402202412165706,0.6142542647524294,0.5289256198347108,0.3731778425655977,0.10293492131008082,0.22850852950485884
0.44205612657697607,0.28603603603603606,0.9402202412165706,0.6131281386263033,0.5269709543568465,0.37080291970802925,0.10250957039557634,0.2262562772526066
0.44227055907563784,0.28603603603603606,0.940744625065548,0.6133903305507921,0.5291666666666667,0.37134502923976614,0.10208421948107188,0.22678066110158407
0.44257301835597024,0.28603603603603606,0.9412690089145255,0.6136525224752808,0.5313807531380753,0.37188872620790636,0.10165886856656742,0.22730504495056153
0.4428531547547637,0.28603603603603606,0.9417933927635029,0.6139147143997695,0.5336134453781513,0.3724340175953079,0.10123351765206295,0.227829428799539
0.4433217618222723,0.28378378378378377,0.9417933927635029,0.6127885882736434,0.5316455696202531,0.3700440528634361,0.10080816673755849,0.2255771765472867
0.4436699395998252,0.28378378378378377,0.9423177766124803,0.613050780198132,0.5338983050847458,0.3705882352941176,0.10038281582305401,0.22610156039626406
0.4440291334585826,0.28153153153153154,0.9423177766124803,0.6119246540720059,0.5319148936170213,0.3681885125184094,0.09995746490854955,0.22384930814401183
0.44636154311693094,0.27927927927927926,0.9423177766124803,0.6107985279458797,0.5299145299145299,0.36578171091445427,0.09953211399404509,0.22159705589175954
0.44667324715448586,0.27927927927927926,0.9428421604614577,0.6110607198703685,0.5321888412017167,0.3663220088626293,0.09910676307954062,0.222121439740737
0.44709760103205254,0.27927927927927926,0.9433665443104352,0.6113229117948572,0.5344827586206896,0.3668639053254438,0.09868141216503616,0.22264582358971446
0.45014152192162266,0.27702702702702703,0.9433665443104352,0.6101967856687311,0.5324675324675324,0.3644444444444444,0.09825606125053168,0.22039357133746224
0.4504066682499842,0.27702702702702703,0.9438909281594127,0.6104589775932199,0.5347826086956522,0.36498516320474783,0.09783071033602722,0.2209179551864397
0.45142855535416465,0.27702702702702703,0.9444153120083901,0.6107211695177086,0.537117903930131,0.3655274888558693,0.09740535942152276,0.22144233903541716
0.4526486047173816,0.27702702702702703,0.9449396958573676,0.6109833614421973,0.5394736842105263,0.3660714285714286,0.0969800085070183,0.22196672288439462
0.4561185338307098,0.27702702702702703,0.945464079706345,0.6112455533666861,0.5418502202643172,0.36661698956780925,0.09655465759251382,0.22249110673337208
0.45641364251376537,0.27702702702702703,0.9459884635553225,0.6115077452911748,0.5442477876106194,0.36716417910447763,0.09612930667800935,0.22301549058234954
0.4577245318256278,0.27702702702702703,0.9465128474043,0.6117699372156635,0.5466666666666666,0.36771300448430494,0.09570395576350489,0.223539874431327
0.4579461337178247,0.2747747747747748,0.9465128474043,0.6106438110895374,0.5446428571428571,0.36526946107784436,0.09527860484900043,0.22128762217907477
0.459468908832038,0.2747747747747748,0.9470372312532774,0.6109060030140261,0.547085201793722,0.3658170914542729,0.09485325393449597,0.22181200602805223
0.45976892672061864,0.2747747747747748,0.9475616151022549,0.6111681949385148,0.5495495495495496,0.36636636636636644,0.09442790301999149,0.2223363898770297
0.4597844273236202,0.2747747747747748,0.9480859989512324,0.6114303868630035,0.5520361990950227,0.3669172932330827,0.09400255210548703,0.22286077372600716
0.4607341265959244,0.2725225225225225,0.9480859989512324,0.6103042607368774,0.55,0.3644578313253012,0.09357720119098256,0.22060852147375487
0.4621520648176435,0.2725225225225225,0.9486103828002097,0.6105664526613661,0.5525114155251142,0.3650075414781297,0.0931518502764781,0.22113290532273222
0.46220692472640657,0.2725225225225225,0.9491347666491872,0.6108286445858548,0.555045871559633,0.36555891238670696,0.09272649936197362,0.22165728917170968
0.46288142841558466,0.2725225225225225,0.9496591504981646,0.6110908365103436,0.5576036866359447,0.36611195158850224,0.09230114844746916,0.22218167302068714
0.46434718603457636,0.2725225225225225,0.9501835343471421,0.6113530284348323,0.5601851851851852,0.36666666666666664,0.0918757975329647,0.2227060568696646
0.46463809282994,0.2702702702702703,0.9501835343471421,0.6102269023087061,0.5581395348837209,0.3641881638846738,0.09145044661846023,0.22045380461741237
0.46477223240770416,0.268018018018018,0.9501835343471421,0.6091007761825801,0.5560747663551402,0.36170212765957444,0.09102509570395577,0.2182015523651601
0.46691280677912067,0.26576576576576577,0.9501835343471421,0.6079746500564539,0.5539906103286385,0.35920852359208527,0.09059974478945129,0.21594930011290786
0.46923341792082723,0.26576576576576577,0.9507079181961196,0.6082368419809426,0.5566037735849056,0.3597560975609756,0.09017439387494683,0.21647368396188532
0.46980276075708977,0.26576576576576577,0.951232302045097,0.6084990339054314,0.5592417061611374,0.3603053435114504,0.08974904296044237,0.21699806781086278
0.470143000374117,0.26576576576576577,0.9517566858940745,0.6087612258299201,0.5619047619047619,0.3608562691131499,0.0893236920459379,0.21752245165984024
0.47265881459875503,0.26576576576576577,0.9522810697430519,0.6090234177544088,0.5645933014354066,0.3614088820826952,0.08889834113143344,0.2180468355088177
0.473014264110158,0.2635135135135135,0.9522810697430519,0.6078972916282828,0.5625,0.3588957055214724,0.08847299021692896,0.21579458325656542
0.47414912400407866,0.2635135135135135,0.9528054535920294,0.6081594835527715,0.5652173913043478,0.3594470046082949,0.0880476393024245,0.21631896710554288
0.474583762239576,0.2635135135135135,0.9533298374410069,0.6084216754772602,0.5679611650485437,0.36,0.08762228838792004,0.21684335095452034
0.47465642717554296,0.26126126126126126,0.9533298374410069,0.6072955493511341,0.5658536585365853,0.3574730354391371,0.08719693747341557,0.2145910987022681
0.476613152288331,0.25900900900900903,0.9533298374410069,0.6061694232250079,0.5637254901960784,0.3549382716049383,0.0867715865589111,0.21233884645001588
0.4771260752472435,0.25675675675675674,0.9533298374410069,0.6050432970988818,0.5615763546798029,0.3523956723338485,0.08634623564440663,0.2100865941977636
0.47741654716447246,0.2545045045045045,0.9533298374410069,0.6039171709727557,0.5594059405940595,0.34984520123839014,0.08592088472990217,0.20783434194551137
0.4775827395573573,0.25225225225225223,0.9533298374410069,0.6027910448466296,0.5572139303482587,0.34728682170542635,0.0854955338153977,0.20558208969325908
0.47896379646683757,0.25,0.9533298374410069,0.6016649187205034,0.555,0.3447204968944099,0.08507018290089324,0.20332983744100686
0.47983718410047377,0.25,0.9538542212899843,0.6019271106449922,0.5577889447236181,0.3452566096423017,0.08464483198638877,0.20385422128998432
0.4802978802848016,0.24774774774774774,0.9538542212899843,0.600800984518866,0.5555555555555556,0.3426791277258567,0.0842194810718843,0.20160196903773206
0.48063507941450084,0.24549549549549549,0.9538542212899843,0.5996748583927399,0.5532994923857868,0.34009360374414976,0.08379413015737984,0.1993497167854798
0.48233236560965154,0.24549549549549549,0.9543786051389617,0.5999370503172285,0.5561224489795918,0.340625,0.08336877924287538,0.19987410063445715
0.48419085369953907,0.24549549549549549,0.9549029889879391,0.6001992422417173,0.558974358974359,0.3411580594679186,0.0829434283283709,0.2003984844834346
0.4854555306635408,0.24324324324324326,0.9549029889879391,0.5990731161155912,0.5567010309278351,0.3385579937304075,0.08251807741386644,0.19814623223118238
0.4877262479335551,0.240990990990991,0.9549029889879391,0.597946989989465,0.5544041450777202,0.33594976452119313,0.08209272649936197,0.19589397997893013
0.48824415011094163,0.23873873873873874,0.9549029889879391,0.596820863863339,0.5520833333333334,0.3333333333333333,0.08166737558485751,0.19364172772667787
0.4885869776220916,0.23648648648648649,0.9549029889879391,0.5956947377372128,0.5497382198952879,0.33070866141732286,0.08124202467035305,0.1913894754744256
0.4896634228670629,0.23648648648648649,0.9554273728369166,0.5959569296617016,0.5526315789473685,0.331230283911672,0.08081667375584857,0.19191385932340307
0.4898936057283267,0.23648648648648649,0.955951756685894,0.5962191215861903,0.5555555555555556,0.33175355450236965,0.0803913228413441,0.19243824317238054
0.49136899958082336,0.23423423423423423,0.955951756685894,0.5950929954600641,0.5531914893617021,0.32911392405063294,0.07996597192683964,0.19018599092012828
0.49235252087982845,0.23198198198198197,0.955951756685894,0.593966869333938,0.5508021390374331,0.3264659270998415,0.07954062101233518,0.18793373866787602
0.492366194755792,0.23198198198198197,0.9564761405348715,0.5942290612584268,0.553763440860215,0.32698412698412693,0.07911527009783072,0.18845812251685348
0.49250796289254056,0.22972972972972974,0.9564761405348715,0.5931029351323006,0.5513513513513514,0.32432432432432434,0.07868991918332624,0.18620587026460125
0.4941029747102029,0.22747747747747749,0.9564761405348715,0.5919768090061746,0.5489130434782609,0.321656050955414,0.07826456826882178,0.183953618012349
0.49611028421205167,0.22522522522522523,0.9564761405348715,0.5908506828800484,0.546448087431694,0.3189792663476874,0.07783921735431731,0.18170136576009674
0.4979475521527588,0.22297297297297297,0.9564761405348715,0.5897245567539222,0.5439560439560439,0.31629392971246006,0.07741386643981285,0.17944911350784448
0.4984828633515429,0.22297297297297297,0.957000524383849,0.5899867486784109,0.5469613259668509,0.31679999999999997,0.07698851552530837,0.17997349735682194
0.4989004888597358,0.22072072072072071,0.957000524383849,0.5888606225522849,0.5444444444444444,0.3141025641025641,0.07656316461080391,0.1777212451045697
0.4992406408567463,0.21846846846846846,0.957000524383849,0.5877344964261587,0.5418994413407822,0.31139646869983945,0.07613781369629945,0.17546899285231743
0.5013474790022335,0.21846846846846846,0.9575249082328264,0.5879966883506474,0.5449438202247191,0.31189710610932475,0.07571246278179498,0.1759933767012949
0.5018896704001136,0.21621621621621623,0.9575249082328264,0.5868705622245214,0.5423728813559322,0.30917874396135264,0.07528711186729052,0.17374112444904266
0.5042772861629665,0.21621621621621623,0.9580492920818039,0.5871327541490101,0.5454545454545454,0.3096774193548387,0.07486176095278604,0.17426550829802012
0.5047486845909459,0.21396396396396397,0.9580492920818039,0.586006628022884,0.5428571428571428,0.3069466882067851,0.07443641003828158,0.17201325604576786
0.5061627279666709,0.21171171171171171,0.9580492920818039,0.5848805018967578,0.5402298850574713,0.3042071197411004,0.07401105912377712,0.1697610037935156
0.5075105409119204,0.20945945945945946,0.9580492920818039,0.5837543757706317,0.5375722543352601,0.3014586709886548,0.07358570820927265,0.16750875154126335
0.5085237126188722,0.20945945945945946,0.9585736759307814,0.5840165676951204,0.5406976744186046,0.30194805194805197,0.07316035729476818,0.1680331353902408
0.5087736036685929,0.2072072072072072,0.9585736759307814,0.5828904415689943,0.5380116959064327,0.29918699186991865,0.07273500638026371,0.16578088313798856
0.5093216327384816,0.20495495495495494,0.9585736759307814,0.5817643154428681,0.5352941176470588,0.29641693811074915,0.07230965546575925,0.1635286308857363
0.5095624246766378,0.20270270270270271,0.9585736759307814,0.580638189316742,0.5325443786982249,0.29363784665579123,0.07188430455125479,0.16127637863348407
0.5104204033807779,0.20045045045045046,0.9585736759307814,0.5795120631906159,0.5297619047619048,0.2908496732026144,0.07145895363675032,0.1590241263812318
0.5137990889750945,0.1981981981981982,0.9585736759307814,0.5783859370644898,0.5269461077844312,0.28805237315875615,0.07103360272224585,0.15677187412897955
0.5149189611951145,0.19594594594594594,0.9585736759307814,0.5772598109383636,0.5240963855421686,0.28524590163934427,0.07060825180774138,0.1545196218767273
0.5151078010000991,0.19369369369369369,0.9585736759307814,0.5761336848122375,0.5212121212121212,0.2824302134646962,0.07018290089323692,0.15226736962447504
0.5151594144060988,0.19369369369369369,0.9590980597797588,0.5763958767367262,0.524390243902439,0.28289473684210525,0.06975754997873246,0.1527917534734525
0.5153341951539289,0.19144144144144143,0.9590980597797588,0.5752697506106002,0.5214723926380368,0.28006589785831953,0.06933219906422798,0.15053950122120024
0.5167304840190502,0.1891891891891892,0.9590980597797588,0.574143624484474,0.5185185185185185,0.27722772277227725,0.06890684814972352,0.14828724896894802
0.5171133409390172,0.18693693693693694,0.9590980597797588,0.5730174983583479,0.515527950310559,0.27438016528925624,0.06848149723521905,0.14603499671669576
0.5185953542959424,0.18468468468468469,0.9590980597797588,0.5718913722322218,0.5125,0.271523178807947,0.06805614632071459,0.1437827444644435
0.5186970350249219,0.18243243243243243,0.9590980597797588,0.5707652461060956,0.5094339622641509,0.26865671641791045,0.06763079540621013,0.14153049221219124
0.5200791134913294,0.18018018018018017,0.9590980597797588,0.5696391199799695,0.5063291139240507,0.26578073089701,0.06720544449170565,0.139278239959939
0.5207458568915995,0.18018018018018017,0.9596224436287363,0.5699013119044583,0.5095541401273885,0.26622296173044924,0.06678009357720119,0.13980262380891645
0.5223192001246401,0.18018018018018017,0.9601468274777137,0.570163503828947,0.5128205128205128,0.26666666666666666,0.06635474266269673,0.1403270076578939
0.5224837706796838,0.18018018018018017,0.9606712113266911,0.5704256957534356,0.5161290322580645,0.2671118530884808,0.06592939174819226,0.14085139150687126
0.5254184602290622,0.17792792792792791,0.9606712113266911,0.5692995696273095,0.512987012987013,0.26421404682274247,0.0655040408336878,0.138599139254619
0.5302768816301319,0.17567567567567569,0.9606712113266911,0.5681734435011834,0.5098039215686274,0.2613065326633166,0.06507868991918332,0.13634688700236677
0.5303529983797242,0.17567567567567569,0.9611955951756685,0.5684356354256721,0.5131578947368421,0.26174496644295303,0.06465333900467886,0.13687127085134423
0.5308156989454654,0.17342342342342343,0.9611955951756685,0.5673095092995459,0.5099337748344371,0.25882352941176473,0.0642279880901744,0.13461901859909198
0.531207283718839,0.17117117117117117,0.9611955951756685,0.5661833831734199,0.5066666666666667,0.2558922558922559,0.06380263717566993,0.13236676634683972
0.5313154072543127,0.17117117117117117,0.961719979024646,0.5664455750979086,0.5100671140939598,0.2563237774030354,0.06337728626116546,0.13289115019581718
0.5314453186568555,0.16891891891891891,0.961719979024646,0.5653194489717824,0.5067567567567568,0.2533783783783784,0.06295193534666099,0.13063889794356492
0.5322380447267308,0.16666666666666666,0.961719979024646,0.5641933228456564,0.5034013605442177,0.25042301184433163,0.06252658443215653,0.12838664569131267
0.5325097318061146,0.16441441441441443,0.961719979024646,0.5630671967195302,0.5,0.24745762711864408,0.062101233517652066,0.12613439343906044
0.5330460859223826,0.16441441441441443,0.9622443628736235,0.5633293886440189,0.503448275862069,0.2478777589134126,0.061675882603147596,0.1266587772880379
0.5341072374122396,0.16441441441441443,0.9627687467226009,0.5635915805685077,0.5069444444444444,0.24829931972789118,0.06125053168864313,0.12718316113701536
0.5341598153944171,0.16441441441441443,0.9632931305715784,0.5638537724929964,0.5104895104895105,0.2487223168654174,0.06082518077413866,0.12770754498599282
0.5360104431024593,0.16216216216216217,0.9632931305715784,0.5627276463668702,0.5070422535211268,0.24573378839590446,0.0603998298596342,0.12545529273374056
0.5365720155040878,0.16216216216216217,0.9638175144205559,0.562989838291359,0.5106382978723404,0.24615384615384614,0.05997447894512973,0.12597967658271803
0.5365804542126333,0.16216216216216217,0.9643418982695333,0.5632520302158477,0.5142857142857142,0.24657534246575344,0.059549128030625266,0.1265040604316955
0.5438262534619199,0.15990990990990991,0.9643418982695333,0.5621259040897216,0.5107913669064749,0.2435677530017153,0.0591237771161208,0.12425180817944323
0.5445958822023081,0.15990990990990991,0.9648662821185108,0.5623880960142104,0.5144927536231884,0.24398625429553264,0.05869842620161633,0.12477619202842069
0.5450166267375234,0.15765765765765766,0.9648662821185108,0.5612619698880842,0.5109489051094891,0.24096385542168677,0.05827307528711187,0.12252393977616843
0.5455697868244272,0.1554054054054054,0.9648662821185108,0.5601358437619581,0.5073529411764706,0.23793103448275862,0.0578477243726074,0.12027168752391618
0.5471388750782675,0.15315315315315314,0.9648662821185108,0.559009717635832,0.5037037037037037,0.23488773747841105,0.057422373458102936,0.11801943527166392
0.550585841285389,0.15315315315315314,0.9653906659674882,0.5592719095603207,0.5074626865671642,0.23529411764705882,0.056997022543598466,0.11854381912064138
0.5512346415198239,0.15315315315315314,0.9659150498164657,0.5595341014848094,0.5112781954887218,0.23570190641247832,0.056571671629094,0.11906820296961884
0.5523359406683896,0.15315315315315314,0.9664394336654432,0.5597962934092982,0.5151515151515151,0.2361111111111111,0.05614632071458953,0.1195925868185963
0.5576817588671208,0.15315315315315314,0.9669638175144205,0.5600584853337869,0.5190839694656488,0.23652173913043478,0.05572096980008507,0.12011697066757365
0.5587376314275098,0.15315315315315314,0.967488201363398,0.5603206772582756,0.5230769230769231,0.23693379790940763,0.05529561888558061,0.12064135451655111
0.560503599885071,0.15090090090090091,0.967488201363398,0.5591945511321494,0.5193798449612403,0.23385689354275743,0.054870267971076137,0.11838910226429888
0.5606406250815426,0.15090090090090091,0.9680125852123754,0.5594567430566382,0.5234375,0.2342657342657343,0.05444491705657167,0.11891348611327635
0.5608370068314844,0.15090090090090091,0.9685369690613529,0.5597189349811269,0.5275590551181102,0.23467600700525396,0.0540195661420672,0.1194378699622538
0.56219051699158,0.15090090090090091,0.9690613529103304,0.5599811269056156,0.5317460317460317,0.23508771929824562,0.05359421522756274,0.11996225381123127
0.5645326093934928,0.14864864864864866,0.9690613529103304,0.5588550007794895,0.528,0.2319859402460457,0.05316886431305827,0.11771000155897901
0.5653387559835562,0.14864864864864866,0.9695857367593078,0.5591171927039782,0.532258064516129,0.2323943661971831,0.05274351339855381,0.11823438540795647
0.5658892640832073,0.1463963963963964,0.9695857367593078,0.5579910665778521,0.5284552845528455,0.22927689594356257,0.052318162484049344,0.11598213315570421
0.5660424317269387,0.14414414414414414,0.9695857367593078,0.556864940451726,0.5245901639344263,0.22614840989399293,0.051892811569544874,0.11372988090345196
0.5675672868812841,0.14414414414414414,0.9701101206082853,0.5571271323762147,0.5289256198347108,0.2265486725663717,0.05146746065504041,0.11425426475242942
0.5678851484568289,0.14414414414414414,0.9706345044572627,0.5573893243007034,0.5333333333333333,0.22695035460992907,0.05104210974053594,0.11477864860140688
0.5695489986387884,0.14414414414414414,0.9711588883062402,0.5576515162251922,0.5378151260504201,0.22735346358792186,0.05061675882603148,0.11530303245038434
0.5699286507282703,0.14189189189189189,0.9711588883062402,0.5565253900990661,0.5338983050847458,0.22419928825622773,0.05019140791152701,0.11305078019813208
0.5735208200686898,0.14189189189189189,0.9716832721552177,0.5567875820235548,0.5384615384615384,0.2245989304812834,0.049766056997022544,0.11357516404710954
0.5744163365230964,0.13963963963963963,0.9716832721552177,0.5556614558974287,0.5344827586206896,0.2214285714285714,0.04934070608251808,0.11132291179485729
0.5759851785664831,0.1373873873873874,0.9716832721552177,0.5545353297713025,0.5304347826086957,0.21824686940966012,0.04891535516801361,0.10907065954260506
0.5761478384129505,0.1373873873873874,0.9722076560041951,0.5547975216957912,0.5350877192982456,0.21863799283154123,0.04849000425350915,0.10959504339158252
0.5768550099107838,0.13513513513513514,0.9722076560041951,0.5536713955696652,0.5309734513274337,0.2154398563734291,0.04806465333900468,0.10734279113933026
0.5786987954496831,0.13288288288288289,0.9722076560041951,0.552545269443539,0.5267857142857143,0.21223021582733811,0.047639302424500214,0.105090538887078
0.5787691373790115,0.13288288288288289,0.9727320398531725,0.5528074613680277,0.5315315315315315,0.21261261261261263,0.047213951509995744,0.10561492273605536
0.5788754152507061,0.13288288288288289,0.9732564237021499,0.5530696532925164,0.5363636363636364,0.21299638989169675,0.04678860059549128,0.10613930658503282
0.5796350961137672,0.13288288288288289,0.9737808075511274,0.5533318452170052,0.5412844036697247,0.21338155515370705,0.04636324968098681,0.10666369043401028
0.5817776919357691,0.13288288288288289,0.9743051914001049,0.5535940371414939,0.5462962962962963,0.213768115942029,0.04593789876648235,0.10718807428298774
0.5828287269663297,0.13288288288288289,0.9748295752490823,0.5538562290659826,0.5514018691588785,0.21415607985480944,0.045512547851977884,0.1077124581319652
0.584171080736016,0.13063063063063063,0.9748295752490823,0.5527301029398565,0.5471698113207547,0.2109090909090909,0.045087196937473414,0.10546020587971294
0.5842318239375252,0.12837837837837837,0.9748295752490823,0.5516039768137303,0.5428571428571428,0.2076502732240437,0.04466184602296895,0.10320795362746069
0.5859022177247581,0.12837837837837837,0.9753539590980598,0.551866168738219,0.5480769230769231,0.20802919708029194,0.04423649510846448,0.10373233747643815
0.5902521275897091,0.12837837837837837,0.9758783429470372,0.5521283606627078,0.5533980582524272,0.20840950639853748,0.04381114419396002,0.10425672132541561
0.5914689442471253,0.12612612612612611,0.9758783429470372,0.5510022345365817,0.5490196078431373,0.20512820512820512,0.04338579327945555,0.10200446907316335
0.5941358125880027,0.12612612612612611,0.9764027267960147,0.5512644264610704,0.5544554455445545,0.20550458715596326,0.042960442364951085,0.10252885292214081
0.5967485108906234,0.12387387387387387,0.9764027267960147,0.5501383003349443,0.55,0.20220588235294118,0.04253509145044662,0.10027660066988857
0.5970742427729074,0.12387387387387387,0.9769271106449922,0.550400492259433,0.5555555555555556,0.20257826887661143,0.04210974053594215,0.10080098451886603
0.5972616623661466,0.12387387387387387,0.9774514944939696,0.5506626841839217,0.5612244897959183,0.20295202952029523,0.04168438962143769,0.10132536836784349
0.6049028157212611,0.12387387387387387,0.9779758783429471,0.5509248761084105,0.5670103092783505,0.20332717190388172,0.04125903870693322,0.10184975221682095
0.6060650814473308,0.12162162162162163,0.9779758783429471,0.5497987499822844,0.5625,0.20000000000000004,0.040833687792428755,0.09959749996456871
0.6068921940619909,0.12162162162162163,0.9785002621919245,0.5500609419067731,0.5684210526315789,0.20037105751391468,0.040408336877924285,0.10012188381354617
0.609186795121115,0.11936936936936937,0.9785002621919245,0.548934815780647,0.5638297872340425,0.1970260223048327,0.03998298596341982,0.09786963156129391
0.609986901796503,0.11936936936936937,0.9790246460409019,0.5491970077051356,0.5698924731182796,0.1973929236499069,0.03955763504891536,0.09839401541027126
0.6124326269630902,0.11936936936936937,0.9795490298898794,0.5494591996296243,0.5760869565217391,0.19776119402985073,0.03913228413441089,0.09891839925924872
0.6124765327305274,0.11711711711711711,0.9795490298898794,0.5483330735034982,0.5714285714285714,0.19439252336448598,0.038706933219906425,0.09666614700699647
0.6130674526432228,0.11486486486486487,0.9795490298898794,0.5472069473773721,0.5666666666666667,0.19101123595505617,0.038281582305401955,0.09441389475474422
0.6136410802273246,0.11486486486486487,0.9800734137388568,0.5474691393018608,0.5730337078651685,0.19136960600375233,0.03785623139089749,0.09493827860372168
0.6146965859226812,0.11261261261261261,0.9800734137388568,0.5463430131757347,0.5681818181818182,0.1879699248120301,0.03743088047639302,0.09268602635146943
0.6166120552315746,0.11261261261261261,0.9805977975878343,0.5466052051002235,0.5747126436781609,0.18832391713747648,0.03700552956188856,0.09321041020044689
0.6197032760290849,0.11036036036036036,0.9805977975878343,0.5454790789740973,0.5697674418604651,0.18490566037735848,0.03658017864738409,0.09095815794819463
0.6198255026637102,0.11036036036036036,0.9811221814368117,0.545741270898586,0.5764705882352941,0.18525519848771266,0.036154827732879626,0.09148254179717209
0.6204043335801231,0.11036036036036036,0.9816465652857892,0.5460034628230748,0.5833333333333334,0.1856060606060606,0.03572947681837516,0.09200692564614955
0.6205679439273671,0.10810810810810811,0.9816465652857892,0.5448773366969486,0.5783132530120482,0.18216318785578747,0.03530412590387069,0.08975467339389731
0.6209256305874152,0.10810810810810811,0.9821709491347667,0.5451395286214373,0.5853658536585366,0.18250950570342206,0.03487877498936623,0.09027905724287477
0.6256067277616476,0.10810810810810811,0.9826953329837441,0.5454017205459261,0.5925925925925926,0.18285714285714286,0.03445342407486176,0.09080344109185223
0.6271127117892293,0.10585585585585586,0.9826953329837441,0.5442755944198,0.5875,0.17938931297709923,0.034028073160357296,0.08855118883959998
0.6276416406303187,0.1036036036036036,0.9826953329837441,0.5431494682936738,0.5822784810126582,0.17590822179732313,0.033602722245852826,0.08629893658734772
0.6307091286448482,0.10135135135135136,0.9826953329837441,0.5420233421675478,0.5769230769230769,0.1724137931034483,0.03317737133134836,0.08404668433509548
0.6311817119388892,0.0990990990990991,0.9826953329837441,0.5408972160414216,0.5714285714285714,0.1689059500959693,0.0327520204168439,0.08179443208284322
0.6322719214083747,0.0990990990990991,0.9832197168327216,0.5411594079659103,0.5789473684210527,0.16923076923076924,0.03232666950233943,0.08231881593182068
0.6324231116908036,0.09684684684684684,0.9832197168327216,0.5400332818397842,0.5733333333333334,0.1657032755298651,0.031901318587834966,0.08006656367956842
0.6336801086172222,0.0945945945945946,0.9832197168327216,0.5389071557136581,0.5675675675675675,0.16216216216216217,0.031475967673330496,0.07781431142731618
0.6360350419967948,0.0945945945945946,0.983744100681699,0.5391693476381468,0.5753424657534246,0.16247582205029013,0.031050616758826033,0.07833869527629364
0.636536703993209,0.09234234234234234,0.983744100681699,0.5380432215120207,0.5694444444444444,0.15891472868217052,0.030625265844321566,0.07608644302404138
0.6378059058034792,0.09234234234234234,0.9842684845306765,0.5383054134365094,0.5774647887323944,0.15922330097087378,0.0301999149298171,0.07661082687301884
0.6389280490084307,0.09009009009009009,0.9842684845306765,0.5371792873103833,0.5714285714285714,0.1556420233463035,0.029774564015312633,0.07435857462076659
0.6402731440252539,0.08783783783783784,0.9842684845306765,0.5360531611842572,0.5652173913043478,0.152046783625731,0.029349213100808166,0.07210632236851434
0.6423358124574525,0.08558558558558559,0.9842684845306765,0.534927035058131,0.5588235294117647,0.1484375,0.0289238621863037,0.06985407011626209
0.6452553110420142,0.08558558558558559,0.9847928683796539,0.5351892269826197,0.5671641791044776,0.1487279843444227,0.028498511271799233,0.07037845396523944
0.6454803121713526,0.08333333333333333,0.9847928683796539,0.5340631008564936,0.5606060606060606,0.14509803921568626,0.028073160357294766,0.06812620171298718
0.6469695904133841,0.08108108108108109,0.9847928683796539,0.5329369747303675,0.5538461538461539,0.14145383104125736,0.027647809442790303,0.06587394946073494
0.6477209146588042,0.07882882882882883,0.9847928683796539,0.5318108486042413,0.546875,0.1377952755905512,0.027222458528285837,0.06362169720848268
0.6488025724260295,0.07657657657657657,0.9847928683796539,0.5306847224781153,0.5396825396825397,0.1341222879684418,0.02679710761378137,0.06136944495623042
0.6493690531990592,0.07432432432432433,0.9847928683796539,0.5295585963519891,0.532258064516129,0.13043478260869565,0.026371756699276903,0.05911719270397818
0.6517496951960144,0.07432432432432433,0.9853172522286313,0.5298207882764778,0.5409836065573771,0.1306930693069307,0.025946405784772437,0.05964157655295564
0.6522764152423822,0.07207207207207207,0.9853172522286313,0.5286946621503517,0.5333333333333333,0.12698412698412698,0.02552105487026797,0.057389324300703384
0.6541845551901181,0.07207207207207207,0.9858416360776088,0.5289568540748404,0.5423728813559322,0.1272365805168986,0.025095703955763504,0.057913708149680845
0.6548735718356394,0.07207207207207207,0.9863660199265862,0.5292190459993291,0.5517241379310345,0.12749003984063745,0.02467035304125904,0.058438091998658306
0.6559080475478162,0.06981981981981981,0.9863660199265862,0.5280929198732031,0.543859649122807,0.12375249500998003,0.024245002126754574,0.05618583974640605
0.6582735324806962,0.06756756756756757,0.9863660199265862,0.5269667937470769,0.5357142857142857,0.12000000000000002,0.023819651212250107,0.053933587494153806
0.659022979625283,0.06531531531531531,0.9863660199265862,0.5258406676209508,0.5272727272727272,0.11623246492985972,0.02339430029774564,0.05168133524190155
0.6627887795052245,0.06306306306306306,0.9863660199265862,0.5247145414948247,0.5185185185185185,0.11244979919678715,0.022968949383241174,0.04942908298964929
0.6638609599537637,0.06306306306306306,0.9868904037755637,0.5249767334193134,0.5283018867924528,0.11267605633802814,0.022543598468736707,0.04995346683862675
0.6687850874617423,0.06306306306306306,0.9874147876245412,0.5252389253438021,0.5384615384615384,0.1129032258064516,0.02211824755423224,0.050477850687604214
0.6716021302442147,0.060810810810810814,0.9874147876245412,0.524112799217676,0.5294117647058824,0.1090909090909091,0.021692896639727774,0.04822559843535197
0.6730954253261091,0.05855855855855856,0.9874147876245412,0.5229866730915499,0.52,0.10526315789473685,0.02126754572522331,0.045973346183099714
0.6735815750306493,0.05630630630630631,0.9874147876245412,0.5218605469654237,0.5102040816326531,0.10141987829614604,0.020842194810718844,0.043721093930847464
0.6737786837355727,0.05405405405405406,0.9874147876245412,0.5207344208392977,0.5,0.0975609756097561,0.020416843896214378,0.041468841678595214
0.6761682998088279,0.05405405405405406,0.9879391714735186,0.5209966127637864,0.5106382978723404,0.09775967413441955,0.01999149298170991,0.041993225527572675
0.6802366493508976,0.0518018018018018,0.9879391714735186,0.5198704866376602,0.5,0.09387755102040815,0.019566142067205444,0.03974097327532042
0.6826369815414997,0.0518018018018018,0.9884635553224961,0.520132678562149,0.5111111111111111,0.09406952965235174,0.019140791152700978,0.04026535712429788
0.6911126950960078,0.0518018018018018,0.9889879391714735,0.5203948704866377,0.5227272727272727,0.0942622950819672,0.01871544023819651,0.04078974097327534
0.6921519394917311,0.04954954954954955,0.9889879391714735,0.5192687443605115,0.5116279069767442,0.09034907597535934,0.018290089323692044,0.03853748872102309
0.6927281748030506,0.0472972972972973,0.9889879391714735,0.5181426182343855,0.5,0.08641975308641976,0.01786473840918758,0.03628523646877084
0.6949371405679877,0.04504504504504504,0.9889879391714735,0.5170164921082593,0.4878048780487805,0.08247422680412371,0.017439387494683115,0.03403298421651858
0.6965649461003467,0.04504504504504504,0.989512323020451,0.517278684032748,0.5,0.08264462809917356,0.017014036580178648,0.034557368065496044
0.6996976241684121,0.04279279279279279,0.989512323020451,0.5161525579066218,0.48717948717948717,0.07867494824016565,0.01658868566567418,0.032305115813243794
0.7013384249999807,0.04054054054054054,0.989512323020451,0.5150264317804958,0.47368421052631576,0.07468879668049794,0.016163334751169715,0.030052863560991544
0.7027571710721499,0.04054054054054054,0.9900367068694285,0.5152886237049845,0.4864864864864865,0.07484407484407485,0.015737983836665248,0.030577247409969005
0.7060132370810502,0.04054054054054054,0.9905610907184059,0.5155508156294732,0.5,0.075,0.015312632922160783,0.031101631258946466
0.7072276366554393,0.04054054054054054,0.9910854745673833,0.5158130075539619,0.5142857142857142,0.07515657620041755,0.014887282007656316,0.031626015107923816
0.7108579438668471,0.038288288288288286,0.9910854745673833,0.5146868814278358,0.5,0.07112970711297072,0.01446193109315185,0.02937376285567156
0.7118065353016563,0.036036036036036036,0.9910854745673833,0.5135607553017096,0.48484848484848486,0.06708595387840671,0.014036580178647383,0.02712151060341931
0.7160043921967646,0.036036036036036036,0.9916098584163607,0.5138229472261984,0.5,0.06722689075630252,0.013611229264142918,0.02764589445239677
0.7177432706539688,0.033783783783783786,0.9916098584163607,0.5126968211000723,0.4838709677419355,0.06315789473684212,0.013185878349638452,0.02539364220014452
0.7182720623260423,0.033783783783783786,0.9921342422653382,0.512959013024561,0.5,0.06329113924050633,0.012760527435133985,0.02591802604912198
0.7312803862171781,0.03153153153153153,0.9921342422653382,0.5118328868984349,0.4827586206896552,0.05919661733615222,0.01233517652062952,0.023665773796869724
0.7323465780828805,0.02927927927927928,0.9921342422653382,0.5107067607723087,0.4642857142857143,0.05508474576271186,0.011909825606125054,0.021413521544617474
0.7328989418763496,0.02927927927927928,0.9926586261143157,0.5109689526967974,0.48148148148148145,0.055201698513800426,0.011484474691620587,0.021937905393594935
0.742926337388503,0.02702702702702703,0.9926586261143157,0.5098428265706714,0.46153846153846156,0.05106382978723404,0.01105912377711612,0.019685653141342685
0.7475331493190446,0.02702702702702703,0.9931830099632931,0.5101050184951601,0.48,0.05117270788912581,0.010633772862611655,0.020210036990320146
0.7485629349098459,0.024774774774774775,0.9931830099632931,0.5089788923690339,0.4583333333333333,0.047008547008547,0.010208421948107189,0.017957784738067892
0.7513966821646759,0.024774774774774775,0.9937073938122706,0.5092410842935227,0.4782608695652174,0.047109207708779445,0.009783071033602722,0.018482168587045354
0.7538774611007105,0.02252252252252252,0.9937073938122706,0.5081149581673966,0.45454545454545453,0.04291845493562232,0.009357720119098255,0.0162299163347931
0.7540498812804082,0.02027027027027027,0.9937073938122706,0.5069888320412704,0.42857142857142855,0.03870967741935484,0.00893236920459379,0.01397766408254085
0.7567968889483514,0.02027027027027027,0.994231777661248,0.5072510239657592,0.45,0.03879310344827586,0.008507018290089324,0.014502047931518311
0.7682837268467159,0.02027027027027027,0.9947561615102255,0.5075132158902479,0.47368421052631576,0.038876889848812095,0.008081667375584857,0.015026431780495772
0.7683677660103163,0.02027027027027027,0.995280545359203,0.5077754078147366,0.5,0.03896103896103896,0.0076563164610803916,0.015550815629473233
0.7736969229992138,0.02027027027027027,0.9958049292081804,0.5080375997392254,0.5294117647058824,0.039045553145336226,0.007230965546575925,0.016075199478450694
0.7771605666556293,0.018018018018018018,0.9958049292081804,0.5069114736130992,0.5,0.034782608695652174,0.006805614632071459,0.01382294722619844
0.7852534624913621,0.015765765765765764,0.9958049292081804,0.5057853474869731,0.4666666666666667,0.030501089324618733,0.0063802637175669925,0.011570694973946187
0.7868225732048387,0.015765765765765764,0.9963293130571579,0.5060475394114619,0.5,0.030567685589519653,0.005954912803062527,0.012095078822923648
0.7893062972120051,0.015765765765765764,0.9968536969061353,0.5063097313359506,0.5384615384615384,0.030634573304157548,0.00552956188855806,0.012619462671901109
0.7943086153921872,0.013513513513513514,0.9968536969061353,0.5051836052098244,0.5,0.026315789473684213,0.005104210974053594,0.010367210419648859
0.7964398226745794,0.01126126126126126,0.9968536969061353,0.5040574790836984,0.45454545454545453,0.02197802197802198,0.004678860059549128,0.008114958167396605
0.7978627527505036,0.01126126126126126,0.9973780807551127,0.504319671008187,0.5,0.02202643171806167,0.004253509145044662,0.008639342016373956
0.8030919875955324,0.009009009009009009,0.9973780807551127,0.5031935448820608,0.4444444444444444,0.017660044150110375,0.0038281582305401958,0.006387089764121704
0.8129905405689544,0.009009009009009009,0.9979024646040902,0.5034557368065495,0.5,0.017699115044247787,0.0034028073160357296,0.006911473613099165
0.8263108537455972,0.009009009009009009,0.9984268484530676,0.5037179287310383,0.5714285714285714,0.017738359201773836,0.0029774564015312634,0.007435857462076626
0.8338809499532432,0.006756756756756757,0.9984268484530676,0.5025918026049122,0.5,0.013333333333333332,0.002552105487026797,0.005183605209824374
0.8372351096618093,0.0045045045045045045,0.9984268484530676,0.501465676478786,0.4,0.008908685968819599,0.002126754572522331,0.0029313529575721213
0.8387381725461547,0.0045045045045045045,0.9989512323020451,0.5017278684032748,0.5,0.00892857142857143,0.0017014036580178648,0.0034557368065495824
0.8581319893653906,0.0045045045045045045,0.9994756161510225,0.5019900603277635,0.6666666666666666,0.00894854586129754,0.0012760527435133986,0.003980120655527043
0.8957977700718543,0.0022522522522522522,0.9994756161510225,0.5008639342016374,0.5,0.004484304932735426,0.0008507018290089324,0.0017278684032747912
0.9354531409133048,0.0,0.9994756161510225,0.49973780807551127,0.0,0.0,0.0004253509145044662,-0.000524383848977461
0.9354531409133049,0.0,1.0,0.5,0.0,0.0,0.0,0.0
